Product Name,Brand,Price,Discount,Rating,Review,Catergory,Availability
Pharmeasy Coenzyme Q10 (Coq10) 200mg With Piperine - For Heart Health Bottle Of 60 Capsules,PHARMEASY,1639.69,20,3.38,8,Must Haves,In Stock
Pharmeasy Diabetic Protein Powder - French Vanilla - Jar | 400 Gm (5 Gm Protein/Serving),PHARMEASY,889.00,45,3.89,88,Must Haves,In Stock
Everherb Karela Jamun Juice - Helps Maintains Sugar Levels & Weight Management - 1 L (By Pharmeasy),EVERHERB,374.00,44,4.03,2242,Must Haves,In Stock
Pharmeasy Pill Box Organizer,PHARMEASY,499.00,40,3.23,919,Must Haves,In Stock
Liveasy Healthy Roasted Seed Mix - Blend Of 6 Fibre Rich Healthy Roasted Seeds - 200 Gms,LIVEASY,374.00,42,4.09,672,Must Haves,In Stock
Everherb Aloe Vera Juice With Pulp - Rejuvenates Skin & Hair - 1l Bottle (By Pharmeasy),EVERHERB,374.00,47,4.0,797,Must Haves,In Stock
Everherb Amla Juice - Rich In Vitamin C - Natural Immunity Booster - 1l Bottle (By Pharmeasy),EVERHERB,374.00,50,3.95,693,Must Haves,In Stock
Everherb Pain Relief Oil - Blend Of 8 Powerful Herbal Ingredients - 100 Ml (By Pharmeasy),EVERHERB,374.00,48,3.93,801,Must Haves,In Stock
Pharmeasy Calcium Magnesium Vitamin D3 & Zinc - Bones & Dental Health - Bottle 60,PHARMEASY,533.00,43,3.85,404,Must Haves,In Stock
Liveasy Wellness Calcium Magnesium Vitamin D3 & Zinc - Bones & Dental Health - Bottle 60 Tabs,LIVEASY,533.00,43,4.14,583,Must Haves,In Stock
Pharmeasy Fish Oil 1000mg Soft Gelatin 60 Capsules,PHARMEASY,578.00,46,4.47,79,Must Haves,In Stock
Everherb Flaxseed Omega 3 - Essential Fatty Acids - Healthy Heart - Bottle Of 60 (By Pharmeasy),EVERHERB,749.00,48,4.15,316,Must Haves,In Stock
Liveasy Paper Cotton Ear Buds - 100 Sticks/200 Swabs,LIVEASY,61.01,15,3.29,48,Must Haves,In Stock
Liveasy Wellness Multivitamin Multimineral - Immunity Booster - Complete Nutrition - Bottle Of 60,LIVEASY,622.00,40,4.11,486,Must Haves,In Stock
Everherb Giloy Tulsi Juice - Boost Body Defence System - Immunity Booster- 1l Bottle (By Pharmeasy),EVERHERB,374.00,50,4.04,446,Must Haves,In Stock
Liveasy Healthy Seed Mix - Blend Of 6 Fibre Rich Healthy Seeds - 200 Gms,LIVEASY,327.00,42,4.01,586,Must Haves,In Stock
Everherb Ashwagandha - Immunity Booster - Anxiety & Stress - Bottle Of 60 Capsules (By Pharmeasy),EVERHERB,562.00,48,3.87,450,Must Haves,In Stock
Pharmeasy Apple Cider Vinegar With Mother -Improves Metabolism- 500ml Bottle,PHARMEASY,649.00,53,3.62,128,Must Haves,In Stock
Pharmeasy Biotin 10000mcg - For Hair | Skin & Nails - Bottle Of 60,PHARMEASY,655.00,44,3.83,127,Must Haves,In Stock
Everherb Moringa - Immunity Booster - Natural Multivitamin - Bottle Of 60 Capsules (By Pharmeasy),EVERHERB,562.00,53,3.81,280,Must Haves,In Stock
Liveasy Antacid Powder - 5 Gm Sachet - Lemon Flavour,LIVEASY,9.38,15,3.75,32,Must Haves,In Stock
Liveasy Adhesive Bandages - Box Of 100 - Medicated Bandage For Faster Recovery,LIVEASY,234.00,15,3.67,84,Must Haves,In Stock
Pharmeasy Digital Thermometer,PHARMEASY,245.00,49,3.82,60,Must Haves,In Stock
Liveasy Pain Relief Balm - 45 Gm - Fast Action & Absorption,LIVEASY,121.00,15,4.11,152,Must Haves,In Stock
Pharmeasy Optima All In One Vaporizer,PHARMEASY,599.00,50,3.33,93,Must Haves,In Stock
Pharmeasy Pill Box Organizer-White,PHARMEASY,499.00,50,3.22,74,Must Haves,In Stock
Liveasy Essentials Bamboo Cotton Buds - 80 Sticks/160 Swabs,LIVEASY,89.00,15,3.64,160,Must Haves,In Stock
Everherb Neem - Immunity Booster - Hair & Skin Detoxifier - Bottle Of 60 Capsules (By Pharmeasy),EVERHERB,562.00,49,3.69,159,Must Haves,In Stock
Everherb Karela - Blood Sugar Control - Lowers Bad Cholestrol - Bottle Of 60 Capsules (By Pharmeasy),EVERHERB,561.56,49,3.75,211,Must Haves,In Stock
Liveasy Cotton Balls - Pack Of 50 - Soft & White - Made From 100% Cotton,LIVEASY,65.00,15,4.09,11,Must Haves,In Stock
Liveasy Ors Liquid Oral Rehydration Salts 200 Ml - Orange Flavour (Ready To Drink),LIVEASY,31.50,15,4.05,41,Must Haves,In Stock
Pharmeasy Digital Thermometer Flexi Tip,PHARMEASY,222.00,42,4.66,139,Must Haves,In Stock
Liveasy Tongue Cleaner - Pack Of 2 - Removes All Particles & Freshens Mouth,LIVEASY,99.00,15,3.66,149,Must Haves,In Stock
Pharmeasy Multivitamin Gummies For Kids And Adults Lemon & Strawberry Flavour Bottle Of 30 Gummies,PHARMEASY,444.00,39,3.71,124,Must Haves,In Stock
Pharmeasy Diabetic Protein Powder - French Vanilla - Jar | 400 Gm (5 Gm Protein/Serving),PHARMEASY,889.00,45,3.89,88,Must Haves,In Stock
Pharmeasy Orthopaedic Electric Heat Belt Regular,PHARMEASY,996.45,47,3.89,142,Must Haves,In Stock
Nail Cutter Liveasy Essentials,LIVEASY,135.00,15,3.86,269,Must Haves,In Stock
Everherb Amla - Immunity Booster - Natural Vitamin C - Bottle Of 60 Capsules (By Pharmeasy),EVERHERB,559.00,54,3.77,128,Must Haves,In Stock
Pharmeasy Joint Support - Maintains Joints Mobility - Bone & Joint Health - Bottle Of 60,PHARMEASY,711.00,35,3.64,98,Must Haves,In Stock
Liveasy Aloe Vera Facial Wipes - Pack Of 20 - Refreshing Lemon Flavour Cleansing Wipes,LIVEASY,68.99,15,4.33,33,Must Haves,In Stock
Pharmeasy Multivitamin Women - Overall Women Wellness - Builds Immunity - Bottle Of 60,PHARMEASY,711.00,47,4.2,59,Must Haves,In Stock
Pharmeasy Vitamin D3 - Supports Bone Health - Helps In Absorption Of Calcium - Bottle Of 60,PHARMEASY,608.00,47,4.07,60,Must Haves,In Stock
Liveasy Antacid - 200 Ml Oral Liquid Bottle - Mint Flavour - Sugar Free,LIVEASY,149.06,15,3.09,11,Must Haves,In Stock
Liveasy Waterproof Bandages - Box Of 100 - Medicated Bandage For Faster Recovery,LIVEASY,281.00,15,4.09,23,Must Haves,In Stock
Pharmeasy Vitamin C (990mg) With Zinc (10mg) - Powerful Immunity Booster - 60 Veg Tablets,PHARMEASY,711.00,10,4.37,19,Must Haves,In Stock
Liveasy Pain Relief Spray - 55 Gm - Lower Back Pain | Sprain | Neck & Joint Pain,LIVEASY,205.00,15,3.92,73,Must Haves,In Stock
Pharmeasy Multivitamin 50+ - With Brain And Joint Health Blend - Bottle Of 60,PHARMEASY,711.00,47,4.24,70,Must Haves,In Stock
Pharmeasy Lumbar Sacro Support Belt- Back Pain Relief And Sacral Support,PHARMEASY,799.00,50,3.73,102,Must Haves,In Stock
Everherb Jointcare - Blend Of 9 Powerful Herbs - Joint & Bone - Bottle Of 60 Tablets (By Pharmeasy),EVERHERB,888.94,49,4.19,108,Must Haves,In Stock
Liveasy Wellness Mosquito Repellent Cream With Vitamin E And Almond Oil Tube Of 50gm,LIVEASY,65.63,15,4.17,35,Must Haves,In Stock
Liveasy Lip Balm - 4.8 Gm - Strawberry Flavour - Reduces Dryness & Soothes Lips,LIVEASY,159.01,15,3.67,9,Must Haves,In Stock
Liveasy Surgical'S Rolled Bandage Pack Of 12 5cm X 3mt,LIVEASY,203.00,15,3.43,14,Must Haves,In Stock
Liveasy Adult Diaper Tape Style (M)-10|Anti Bacterial And Odour Lock Technology - Waist 28-45 Inch,LIVEASY,539.00,15,2,6,Must Haves,In Stock
Pharmeasy Diabetic Protein Powder - Dutch Chocolate - Jar | 400 Gm (5 Gm Protein/Serving),PHARMEASY,889.00,45,3.76,117,Must Haves,In Stock
Liveasy Wellness Mosquito Repellent Fabric Role On - 8ml,LIVEASY,89.00,15,3.33,6,Must Haves,In Stock
Liveasy Ortho Care Cotton Crepe Bandage - Reduces Strain Sprain & Swelling - 8 Cms X 4 Meters,LIVEASY,281.00,15,3.97,38,Must Haves,In Stock
Liveasy Wellness Natural Mosquito Repellent Patch 12 Pouches * 2 Patches (24 Patches),LIVEASY,175.00,15,3,1,Must Haves,In Stock
Liveasy Surgical Microporous Surgical Tape 12.5 Mm* 5mtr Single Pcs,LIVEASY,21.00,15,3.6,15,Must Haves,In Stock
Liveasy Digital Thermometer Let-01 1 No'S,LIVEASY,222.00,15,3.29,7,Must Haves,In Stock
Pharmeasy Knee Cap (Pair) - Medium - Black - Protects Knee Joints - Reduces Risk Of Injuries,PHARMEASY,341.25,42,3.89,45,Must Haves,In Stock
Liveasy Baby Wipes - Pack Of 72 - Soft & Gentle - For Babies' Delicate Skin,LIVEASY,199.00,15,3.56,64,Must Haves,In Stock
Liveasy Hot And Cold Gel Pack - Multipurpose Reusable Pack,LIVEASY,311.00,15,2.59,66,Must Haves,In Stock
Liveasy Itch Protect Cream - With Ultra Cooling Menthol - 20gm Tube,LIVEASY,110.46,15,2.25,8,Must Haves,In Stock
Liveasy Ortho Care Acupressure Slippers - Women (Black) Size 7,LIVEASY,608.00,45,4,39,Must Haves,In Stock
Liveasy Ortho Care Acupressure Slippers - Women (Black) Size 5,LIVEASY,937.00,45,3.58,31,Must Haves,In Stock
Liveasy Essentials Premium Hand Wash Liquid Pump 250ml,LIVEASY,99.00,15,4.67,9,Must Haves,In Stock
Pharmeasy Women'S Diabetic & Orthopedic Slippers -Ebony- Size Uk 6,PHARMEASY,983.44,48,3.1,10,Must Haves,In Stock
Pharmeasy Women'S Diabetic & Orthopedic Slippers -Olive Green - Size Uk 6,PHARMEASY,983.00,48,1.67,3,Must Haves,In Stock
Liveasy Ankle Support - Prevents Swelling - Boosts Performance - Size Medium 1 Nos,LIVEASY,329.00,15,3.08,25,Must Haves,In Stock
Liveasy Ortho Care Neck Support -Comfortable Cervical Collar-Medium,LIVEASY,349.00,15,3.87,23,Must Haves,In Stock
Liveasy Ortho Care Hot Water Bag Relieves Pain - Relaxes Sore Muscles - Red - 2l,LIVEASY,429.00,15,3.88,43,Must Haves,In Stock
Liveasy Nail Paint Remover 120ml,LIVEASY,159.00,15,Not found,43,Must Haves,In Stock
Liveasy Ortho Care Rib Belt Medium,LIVEASY,659.00,15,Not found,43,Must Haves,In Stock
Liveasy Ortho Care Lumbar Sacro Support Belt - Medium,LIVEASY,1119.00,15,3.93,15,Must Haves,In Stock
Liveasy Essentials Diabetic & Orthopedic Slippers (Style 2) - Women Black- Size Uk-4,LIVEASY,937.00,70,3.2,5,Must Haves,In Stock
Liveasy Baby Care Baby Comb - Blue,LIVEASY,83.44,15,1,1,Must Haves,In Stock
Liveasy Wrist Brace Pro Universal,LIVEASY,279.00,15,4,2,Must Haves,In Stock
Liveasy Baby Care Baby Comb - Pink,LIVEASY,89.00,15,Not found,2,Must Haves,In Stock
Liveasy Ortho Care Waist Trimmer / Abdominal Binder - Medium (32-36 Inch),LIVEASY,699.00,15,3.48,27,Must Haves,In Stock
Liveasy Ortho Care Arm Sling Pouch - Shoulder Support-Medium,LIVEASY,329.00,15,3.43,7,Must Haves,In Stock
Liveasy Pro Ortho Care Ankle Support Size M,LIVEASY,409.00,15,Not found,7,Must Haves,In Stock
Liveasy Essentials Orthopaedic And Diabetic Comfortable Slippers-Black - Mens'Uk 6,LIVEASY,937.00,70,2.83,6,Must Haves,In Stock
Liveasy Ortho Care Universal Shoulder Immobilizer Medium,LIVEASY,535.00,15,1,1,Must Haves,In Stock
Liveasy Ortho Care Open Patella Knee Cap Medium,LIVEASY,509.00,15,2,1,Must Haves,In Stock
Pharmeasy Men'S Diabetic & Orthopedic Slippers - Royal Blue - Size Uk 8,PHARMEASY,983.00,50,4.22,9,Must Haves,In Stock
Pharmeasy Women'S Diabetic & Orthopedic Slippers - Coal Black - Size Uk 6,PHARMEASY,983.00,48,4,5,Must Haves,In Stock
Liveasy Pro Modern Orthopedic Solution Knee Cap Medium Size 1 Nos,LIVEASY,449.00,15,Not found,5,Must Haves,In Stock
Liveasy Baby Care Baby Comb - Green,LIVEASY,89.00,15,Not found,5,Must Haves,In Stock
Liveasy Ortho Care Knee Immobilizer 14 Medium,LIVEASY,699.00,15,1.33,9,Must Haves,In Stock
Liveasy Ortho Care Grey Waist Trimmer / Abdominal Binder - Medium (32-36 Inch),LIVEASY,561.56,15,5,1,Must Haves,In Stock
Liveasy Essentials Pro Cotton 10 Cm X 4 M Crepe Bandage 1 No'S,LIVEASY,328.13,15,1,1,Must Haves,In Stock
Liveasy Ortho Care Grey Waist Trimmer / Abdominal Binder - Small (28-32 Inch),LIVEASY,659.00,0,Not found,1,Must Haves,In Stock
Pharmeasy Nebulizer,PHARMEASY,1687.00,40,4.45,53,Must Haves,In Stock
Pharmeasy Bamboo Knee Cap (Pair) - Medium - Protects Knee Joints - Reduces Risk Of Injuries,PHARMEASY,419.00,50,4.08,12,Must Haves,In Stock
Pharmeasy Coenzyme Q10 (Coq10) 200mg With Piperine - For Heart Health Bottle Of 60 Capsules,PHARMEASY,1639.69,20,3.38,8,Must Haves,In Stock
Pharmeasy Daily Protein For Strong Bones And Immunity Rich Chocolate Jar 400gm,PHARMEASY,800.00,45,4.08,86,Must Haves,In Stock
Liveasy Ortho Care Acupressure Slippers - Men (Black) Size 5,LIVEASY,608.00,45,4.19,16,Must Haves,In Stock
Everherb Neem Juice - Immunity Booster - Hair & Skin Detoxifier - 1l Bottle (By Pharmeasy),EVERHERB,374.00,50,4.08,13,Must Haves,In Stock
Zustle Resistance Bands (Set Of 12),ZUSTLE,2199.00,0,5,2,Must Haves,In Stock
Pharmeasy Smart Body Scale With 18 Vitals Check,PHARMEASY,2799.00,48,4.52,58,Must Haves,In Stock
Everherb Neem Juice - Immunity Booster - Hair & Skin Detoxifier - 1l Bottle (By Pharmeasy),EVERHERB,374.00,50,4.08,13,Must Haves,In Stock
Pharmeasy Coenzyme Q10 (Coq10) 200mg With Piperine - For Heart Health Bottle Of 60 Capsules,PHARMEASY,1639.69,20,3.38,8,Must Haves,In Stock
Pharmeasy Abdominal Binder / Waist Trimmer 8 - Supports Back - Gives Slimmer Look - Universal,PHARMEASY,649.01,46,3.62,37,Must Haves,In Stock
Liveasy Ortho Care Clavicle Brace-Medium,LIVEASY,549.00,15,Not found,37,Must Haves,In Stock
Everherb Triphala Juice - Supports Digestion & Gut Health - 1l Bottle (By Pharmeasy),EVERHERB,374.00,50,3.33,12,Must Haves,In Stock
Liveasy Ortho Care Acupressure Slippers - Women (Black) Size 6,LIVEASY,937.00,45,3.79,34,Must Haves,In Stock
Everherb Shilajit 500mg - Vigour Improvement-Strength & Stamina For Men-Bottle Of 60 (By Pharmeasy),EVERHERB,937.00,47,3.59,411,Must Haves,In Stock
Pharmeasy Vitamin B Complex With Folic Acid - Improves Energy - Heart & Eye Health - Bottle Of 60,PHARMEASY,578.00,10,4.21,34,Must Haves,In Stock
Everherb Diabetic Care Juice - 13 Potent Herbs - Blood Sugar Management - 1l Bottle (By Pharmeasy),EVERHERB,562.00,44,3.98,1491,Must Haves,Out Of Stock
Pharmeasy Multivitamin Multimineral - Immunity Booster - Complete Nutrition - Bottle Of 60,PHARMEASY,619.00,42,3.95,314,Must Haves,Out Of Stock
Ors 20.5gm Orange Liveasy Sachet,LIVEASY,23.50,15,3.95,57,Must Haves,Out Of Stock
Pharmeasy Surgical Absorbent Cotton Roll 400gm,PHARMEASY,374.00,10,3.09,35,Must Haves,Out Of Stock
Liveasy Cool Eye Mask - Provides Relief To Stressed & Dry Eyes - Reduces Dark Circles,LIVEASY,95.21,15,3.25,88,Must Haves,Out Of Stock
Liveasy Surgical Absorbent Cotton Roll 125gm Net,LIVEASY,126.56,15,3.15,20,Must Haves,Out Of Stock
Everherb Men'S Formula - Blend Of Powerful Herb-Increase Sperm Count - Bottle Of 60 (By Pharmeasy),EVERHERB,889.00,48,3.46,241,Must Haves,Out Of Stock
Everherb Diabetic Care - Aids In Blood Sugar Management - Bottle Of 60 Tablets (By Pharmeasy),EVERHERB,888.94,47,4.13,223,Must Haves,Out Of Stock
Pharmeasy Glutathione - Promotes Healthy Skin - Reverses Signs Of Ageing - Bottle Of 30,PHARMEASY,1399.00,50,4.07,59,Must Haves,Out Of Stock
Everherb Fat Burner - Natural Herbal Blend - Accelerates Calorie Burning - 60 Caps (By Pharmeasy),EVERHERB,799.00,49,3.71,112,Must Haves,Out Of Stock
Pharmeasy Donut Seat For Piles - 100% Memory Foam - Anti-Skid Bottom With Removable & Washable Cover,PHARMEASY,1799.00,70,3.47,17,Must Haves,Out Of Stock
Pharmeasy Coccyx Cushion For Tail Bone Support - Prevents Pain & Stiffness - For Upto 80 Kgs Weight,PHARMEASY,1686.56,50,3.59,68,Must Haves,Out Of Stock
Liveasy Wellness Perforated Pain Relief Patch - Pack Of 10'S Patch,LIVEASY,216.00,15,4.5,2,Must Haves,Out Of Stock
Liveasy Wellness Foot Heal Cream 25gm,LIVEASY,65.63,15,4,2,Must Haves,Out Of Stock
Liveasy Essentials Corn Plaster Pack Of 4,LIVEASY,38.00,15,4.12,17,Must Haves,Out Of Stock
Liveasy Ortho Care Posture Corrector- Small,LIVEASY,749.00,15,1,3,Must Haves,Out Of Stock
Liveasy Ortho Care Elbow Support - Medium,LIVEASY,205.00,15,4.11,9,Must Haves,Out Of Stock
Liveasy Essentials Orthopaedic And Diabetic Comfortable Slippers-Black - Mens'Uk 11,LIVEASY,999.00,34,2.7,10,Must Haves,Out Of Stock
Pharmeasy Diabetic & Orthopedic Women Slippers (Fashion Range-1) Cherry Color Size 5,PHARMEASY,1030.31,0,4.29,14,Must Haves,Out Of Stock
Pharmeasy Orthopaedic Back Support - High Density Memory Foam - Universal Size,PHARMEASY,1874.06,70,4.1,20,Must Haves,Out Of Stock
Liveasy Essentials Diabetic & Orthopedic Slippers (Style 2) - Women Black- Size Uk-6,LIVEASY,999.00,50,4.67,3,Must Haves,Out Of Stock
Pharmeasy Coccyx Cushion With Keyhole,PHARMEASY,1999.00,0,4.36,11,Must Haves,Out Of Stock
Pharmeasy Orthopaedic And Diabetic Slippers -Sandy Beige-Uk6 -Women,PHARMEASY,1399.00,0,3.11,9,Must Haves,Out Of Stock
Liveasy Ortho Care Varicose Vein Stockings Medium,LIVEASY,1020.00,15,2.62,8,Must Haves,Out Of Stock
Liveasy Essentials Diabetic & Orthopedic Slippers (Style 2) - Women Black- Size Uk-7,LIVEASY,999.00,50,3.77,13,Must Haves,Out Of Stock
Pharmeasy Diabetic & Orthopedic Women Sandals (Fashion Range-2) Brown Color Size 9,PHARMEASY,1217.81,0,3.5,2,Must Haves,Out Of Stock
Pharmeasy Diabetic & Orthopedic Women Slippers (Fashion Range-1) Black Color Size 6,PHARMEASY,1099.00,45,5,2,Must Haves,Out Of Stock
Pharmeasy Diabetic & Orthopedic Men Sandals (Fashion Range-3) Brown Color Size 11,PHARMEASY,1311.56,0,2.25,4,Must Haves,Out Of Stock
Pharmeasy Shiatsu Neck And Back Massager,PHARMEASY,3749.06,0,4.75,4,Must Haves,Out Of Stock
Liveasy Essentials Diabetic & Orthopedic Slippers (Style 2) - Women Brown- Size Uk-9,LIVEASY,936.56,0,3,2,Must Haves,Out Of Stock
Pharmeasy Memory Foam Neck Rest Pillow,PHARMEASY,1244.87,70,4,2,Must Haves,Out Of Stock
Liveasy Ortho Care Knee Immobilizer 19 Medium Size Long Knee Brace 1 No'S,LIVEASY,949.00,15,1.5,2,Must Haves,Out Of Stock
Pharmeasy Orthopaedic And Diabetic Slippers -Sandy Beige-Uk9 - Women,PHARMEASY,1311.56,0,3.67,3,Must Haves,Out Of Stock
Pharmeasy Posture Corrector Below 5'5,LIVEASY,999.00,50,3.09,88,Must Haves,Out Of Stock
Pharmeasy Posture Corrector Above 5'5,PHARMEASY,1099.00,0,5,1,Must Haves,Out Of Stock
Medlife Mwvgw Womens Footwear Sultan Size 5,MEDLIFE,842.81,0,Not found,1,Must Haves,Out Of Stock
Pharmeasy Orthopaedic Slippers With Python Sole -Black-Uk6- Women,PHARMEASY,1592.81,0,3.25,4,Must Haves,Out Of Stock
Medlife Waist Trimmer 8 Size Large 1,MEDLIFE,599.00,0,Not found,4,Must Haves,Out Of Stock
Liveasy Essentials Men'S Diabetic & Orthopedic Slippers - Blue - Size Uk 11 / Us 12,LIVEASY,936.56,0,3.94,16,Must Haves,Out Of Stock
Liveasy Essentials Smoothing Foot File,LIVEASY,159.00,10,Not found,16,Must Haves,Out Of Stock
Pharmeasy Men'S Diabetic & Orthopedic Slippers - Coal Black - Size Uk 8,PHARMEASY,983.00,50,2.83,6,Must Haves,Out Of Stock
Pharmeasy Posture Corrector - Corrects Bad Posture - Eases Neck Back & Shoulder Pain - Medium,PHARMEASY,999.00,0,5,1,Must Haves,Out Of Stock
Liveasy Essentials Men'S Diabetic & Orthopedic Slippers - Black - Size Uk 10 / Us 11,LIVEASY,937.00,70,3.52,33,Must Haves,Out Of Stock
Pharmeasy Orthopaedic Slippers With Python Sole -Black-Uk7- Women,PHARMEASY,1592.81,0,2.5,2,Must Haves,Out Of Stock
Liveasy Baby Care Baby Finger Brush (Pink),LIVEASY,99.00,0,4.67,3,Must Haves,Out Of Stock
Liveasy Baby Care Baby Finger Brush (Blue),LIVEASY,88.09,15,3.5,2,Must Haves,Out Of Stock
Liveasy Essentials Orthopaedic And Diabetic Comfortable Slippers -Mens'Uk 11 - Brown,LIVEASY,1030.31,0,3.25,4,Must Haves,Out Of Stock
Pharmeasy Orthopaedic And Diabetic Slippers -Sandy Beige-Uk4 - Women,PHARMEASY,1311.56,0,2,2,Must Haves,Out Of Stock
Pharmeasy Baby Head Protector,PHARMEASY,999.00,50,3,1,Must Haves,Out Of Stock
Liveasy Tummy Twister,LIVEASY,699.00,0,5,1,Must Haves,Out Of Stock
Liveasy Ortho Care Posture Corrector- Xl,LIVEASY,749.00,15,1,3,Must Haves,Out Of Stock
Liveasy Essentials Men'S Diabetic & Orthopedic Velcro Slippers - Black - Size Uk 9,LIVEASY,936.56,70,3.48,27,Must Haves,Out Of Stock
Pharmeasy Posture Corrector - Corrects Bad Posture - Eases Neck Back & Shoulder Pain - Large,PHARMEASY,999.00,0,2.08,13,Must Haves,Out Of Stock
Liveasy Essentials Women'S Diabetic & Orthopedic Slippers - Black - Size Uk 6 / Us 9,LIVEASY,936.56,70,3.73,15,Must Haves,Out Of Stock
Liveasy Essentials Diabetic & Orthopedic Black Slipper- Women- Size Uk 4,LIVEASY,936.56,0,5,1,Must Haves,Out Of Stock
Liveasy Essentials Resistance Band Set Of 12,LIVEASY,2199.00,80,Not found,1,Must Haves,Out Of Stock
Liveasy Essentials Diabetic & Orthopedic Slippers - Cream Women - Size Uk-4,LIVEASY,999.00,0,Not found,1,Must Haves,Out Of Stock
Liveasy Essentials Women'S Diabetic & Orthopedic Slippers - Black With Yellow - Size Uk 5 / Us 8,LIVEASY,655.31,0,5,7,Must Haves,Out Of Stock
Liveasy Essentials Therapeutic Socks - For Diabetic And Orthopaedic Foot - Unisex Socks - Pack Of 2,LIVEASY,549.00,0,3.5,28,Must Haves,Out Of Stock
Liveasy Essentials Orthopaedic And Diabetic Comfortable Slippers -Mens'Uk 10 - Brown,LIVEASY,1030.31,0,3.67,3,Must Haves,Out Of Stock
Liveasy Essentials Women'S Diabetic & Orthopedic Slippers - Black With Yellow - Size Uk 7 / Us 10,LIVEASY,655.31,0,3.75,4,Must Haves,Out Of Stock
Pharmeasy Posture Corrector - Corrects Bad Posture - Eases Neck Back & Shoulder Pain - Small,PHARMEASY,999.00,0,1.67,3,Must Haves,Out Of Stock
Liveasy Essentials Diabetic & Orthopedic Slippers Style 2- Women- Blue With Pink Size 4,LIVEASY,655.31,0,3.71,7,Must Haves,Out Of Stock
Liveasy Essentials Diabetic & Orthopedic Slippers - Electric Blue Women - Size Uk-9,LIVEASY,936.56,0,4,2,Must Haves,Out Of Stock
Liveasy Essentials Diabetic & Orthopedic Olive Green Slipper- Women- Size Uk 4,LIVEASY,936.56,0,4.09,11,Must Haves,Out Of Stock
Pharmeasy Posture Corrector - Corrects Bad Posture - Eases Neck Back & Shoulder Pain - Xl,PHARMEASY,999.00,0,3.6,5,Must Haves,Out Of Stock
Liveasy Ortho Care Grey Waist Trimmer / Abdominal Binder - Large (36 - 40 Inch),LIVEASY,617.81,0,Not found,5,Must Haves,Out Of Stock
Liveasy Essentials Women'S Diabetic & Orthopedic Slippers - Blue With Pink - Size Uk 6/ Us 9,LIVEASY,655.31,0,4.18,11,Must Haves,Out Of Stock
Liveasy Essentials Diabetic & Orthopedic Slippers - Electric Blue Women- Size Uk-6,LIVEASY,936.56,0,5,1,Must Haves,Out Of Stock
Liveasy Ortho Care Acupressure Slippers - Men (Black) Size 8,LIVEASY,608.00,45,4.11,117,Must Haves,Out Of Stock
Zustle Extra Thick Yoga Mat 10 Mm- Navy Blue,ZUSTLE,2799.00,0,Not found,117,Must Haves,Out Of Stock
Pharmeasy Men'S Diabetic & Orthopedic Slippers -Ebony- Size Uk 8,PHARMEASY,983.00,50,3.06,17,Must Haves,Out Of Stock
Liveasy Essentials Diabetic & Orthopedic Slippers (Style 2) -Men Black- Size Uk-8,LIVEASY,937.00,70,2.5,2,Must Haves,Out Of Stock
Everherb Karela Jamun Juice - Helps Maintains Sugar Levels & Weight Management - 1 L (By Pharmeasy),EVERHERB,374.00,44,4.03,2242,Summer Store,In Stock
Cetaphil Gentle Skin Cleanser 236 Ml,CETAPHIL,799.00,12,1,2,Summer Store,In Stock
Candid Dusting Powder | Bottle | 120 Gm,CANDID,163.12,4,4.42,439,Summer Store,In Stock
Scalpe Plus Expert Anti-Dandruff Shampoo With Ketoconazole | 75ml,SCALPE,344.40,14,4.37,978,Summer Store,In Stock
Bioderma Atoderm Creme 200 Ml,BIODERMA,699.00,14,4.57,7,Summer Store,In Stock
Brinton Uv Doux Spf 50 Tube Of 50gm Silicone Sunscreen Gel,UV DOUX,845.00,17,4.45,116,Summer Store,In Stock
Saliac Bar 75gm,SALIAC,221.41,17,3.67,3,Summer Store,In Stock
Liveasy Baby Care Soft & Gentle Baby Wipes Pack Of 20,LIVEASY,79.00,15,Not found,3,Summer Store,In Stock
Everherb Aloe Vera Juice With Pulp - Rejuvenates Skin & Hair - 1l Bottle (By Pharmeasy),EVERHERB,374.00,47,4.0,797,Summer Store,In Stock
Clocip Anti Fungal Powder Of 100 Gm,CLOCIP,131.25,29,4.47,452,Summer Store,In Stock
Candid Dusting Powder | Anti Perspirant | Anti Fungal | Bottle | 250 Gm,CANDID,256.41,6,4.42,219,Summer Store,In Stock
Photostable Gold Matte Finish Spf 55 Sunscreen Gel 50g,PHOTOSTABLE,945.00,5,4.34,83,Summer Store,In Stock
Cetaphil Gentle Skin Cleanser | Dry To Normal Sensitive Skin | 125 Ml,CETAPHIL,429.00,7,4.35,196,Summer Store,In Stock
Everherb Giloy Tulsi Juice - Boost Body Defence System - Immunity Booster- 1l Bottle (By Pharmeasy),EVERHERB,374.00,50,4.04,446,Summer Store,In Stock
Acne Uv Advanced Light Protection Spf 50+ Pa+++ Sunscreen Gel 50 Gm,ACNE,975.00,12,3.99,160,Summer Store,In Stock
Episoft Ac Moisturizer | With Microencapsulated Suncreen | Spf 30 | 75 Gm,EPISOFT,678.00,7,4.25,154,Summer Store,In Stock
Scalpe Pro Anti-Dandruff Shampoo Bottle Of 100 Ml,SCALPE,195.00,4,3.95,231,Summer Store,In Stock
Selsun 2.5% Topical Suspension For Anti Dandruff | Reduces Flaking And Itching | 120ml,SELSUN,478.51,9,4.44,494,Summer Store,In Stock
Triclenz Hair Cleanser Bottle Of 250 Ml,TRICLENZ,578.38,4,4.42,137,Summer Store,In Stock
Ekran Soft Spf 50 Plus Tube Of 50gm Silicone Sunscreen Gel,EKRAN,795.00,13,4.19,21,Summer Store,In Stock
Liveasy Anti-Fungal Dusting Powder - 100 Gm - Prickly Heat & Skin Irritation - Clinically Proven,LIVEASY,121.87,15,3.78,170,Summer Store,In Stock
Candid Clotrimazole Cream | Tube | 50 Gm,CANDID,160.13,4,3.73,22,Summer Store,In Stock
Ekran Soft Spf 50 Plus Tube Of 50gm Silicone Sunscreen Gel,EKRAN,795.00,13,4.19,21,Summer Store,In Stock
Clocip Anti Fungal Powder Of 75 Gm,CLOCIP,95.62,15,4.39,277,Summer Store,In Stock
Tedibar Soap | 75 Gm - Pack Of 2,TEDIBAR,398.00,3,4.58,137,Summer Store,In Stock
New Photostable Spf55+ Sunscreen Emulgel 50g,PHOTOSTABLE,868.00,4,4.23,75,Summer Store,In Stock
Mildy Ahf Shampoo 100ml,MILDY,333.50,6,4.23,53,Summer Store,In Stock
Tetmosol Medicated Soap For Relief From Skin Infections And Daily Bathing 100gm,TETMOSOL,96.10,5,4.28,607,Summer Store,In Stock
Ketomac 2% Shampoo 110ml,KETOMAC,225.00,24,4.08,36,Summer Store,In Stock
Moiz Cleansing Lotion - Face & Body 200ml,MOIZ,460.00,9,3.94,17,Summer Store,In Stock
Liveasy Ors Liquid Oral Rehydration Salts 200 Ml - Orange Flavour (Ready To Drink),LIVEASY,31.50,15,4.05,41,Summer Store,In Stock
Acne Uv Advanced Light Protection Spf 30+ Pa++++ Sunscreen Gel 60 Gm,ACNE,924.00,11,4.25,72,Summer Store,In Stock
Himalaya Gentle Baby Powder 400 Gm,HIMALAYA BABY,302.00,12,4.44,145,Summer Store,In Stock
La Shield Fisico Matte Sunscreen Gel | Expert Sensitive Protect | Spf 50 + Pa +++ | 50 Gm,LA SHIELD,750.00,4,3.91,106,Summer Store,In Stock
Protinex Nutritional Drink Mix For Adults For Everyday With High Protein Rich Chocolate 400g,PROTINEX,599.00,10,4.44,368,Summer Store,In Stock
Sebamed Baby Cleansing Bar | Ph 5.5 | 100 Gm,SEBAMED,350.00,8,4.33,165,Summer Store,In Stock
Ekran Spf 30 Plus Tube Of 50gm Aqua Gel,EKRAN,410.00,8,4.8,5,Summer Store,In Stock
Tedibar Spoo Gentle Baby Shampoo No Tears|Gentle On Scalp|No.1 Pediatrician Prescribed 125ml,SPOO,334.84,4,4.37,94,Summer Store,In Stock
Daffy Baby Ph 5.5 Cleansing & Moisturizing Bathing Bar 75gm,DAFFY,199.00,11,4.37,27,Summer Store,In Stock
Enerzal Orange Flavour Liquid 200ml,ENERZAL,40.00,1,4.3,27,Summer Store,In Stock
Tedibar Bathing Bar 75g Pack Of 3 (Soap Free For Sensitive Skin),TEDIBAR,658.00,5,4.6,60,Summer Store,In Stock
Supradyn Immuno+ With Turmeric + Tulsi Natural Immunity Booster With Vit C Vit D Zinc 30 Tablets,SUPRADYN,295.00,17,4.52,33,Summer Store,In Stock
Everherb Amla - Immunity Booster - Natural Vitamin C - Bottle Of 60 Capsules (By Pharmeasy),EVERHERB,559.00,54,3.77,128,Summer Store,In Stock
Sebamed Anti-Dandruff Shampoo 200ml | Ph 5.5 | Hair & Dandruff Prone Scalp| 50% Reduction In 14 Days,SEBAMED,680.00,3,4.2,117,Summer Store,In Stock
Liveasy Aloe Vera Facial Wipes - Pack Of 20 - Refreshing Lemon Flavour Cleansing Wipes,LIVEASY,68.99,15,4.33,33,Summer Store,In Stock
Acne Uv Advanced Light Protection Spf 30+ Pa+++ Sunscreen Gel 30 Gm,ACNE,552.00,4,4.67,12,Summer Store,In Stock
Candid Tv Suspension 75ml,CANDID,362.82,16,4.18,142,Summer Store,In Stock
Prolyte Ors Orange Drink Sachet (21 Gm),PROLYTE,22.26,27,4.28,93,Summer Store,In Stock
Moisturex Syndet Bar 75gm,MOISTUREX,202.00,4,4.6,20,Summer Store,In Stock
Selsun Daily Anti-Dandruff Shampoo For Dry Scalp Bottle Of 120ml,SELSUN,453.18,9,3.78,58,Summer Store,In Stock
Lacto Calamine Daily Cleansing Face Wipes With Aloe Vera Cucumber And Vitamin E - 25 Wipes,LACTO CALAMINE,150.00,22,4.55,56,Summer Store,In Stock
Candid Clotrimazole Cream | Tube | 30 Gm,CANDID,94.50,1,4,31,Summer Store,In Stock
Canesten Cream 30gm,CANESTEN,93.75,0,4.53,34,Summer Store,In Stock
Cetaphil Gentle Skin Cleanser | Face & Body | 250 Ml,CETAPHIL,769.00,5,4.16,116,Summer Store,In Stock
Candid Multi Benefit Soap | For Fungal Infection | 75 Gm,CANDID,105.44,0,4.2,10,Summer Store,In Stock
La Shield Sunscreen Gel | Expert Acne Protect | Spf 40 Pa +++ | 50 Gm,LA SHIELD,850.00,4,4.31,51,Summer Store,In Stock
Episoft Cl Cleansing Lotion 250ml,EPISOFT,599.99,4,3.94,126,Summer Store,In Stock
Anaboom Plus Anti Hair Fall Shampoo 100ml,ANABOOM,422.28,4,4.36,14,Summer Store,In Stock
Pharmeasy Vitamin C (990mg) With Zinc (10mg) - Powerful Immunity Booster - 60 Veg Tablets,PHARMEASY,711.00,10,4.37,19,Summer Store,In Stock
Pronuries Tube Of 100ml Shampoo,PRONURIES,331.00,6,4.67,3,Summer Store,In Stock
Cetaphil Gentle Skin Cleanser | Face & Body | 1l,CETAPHIL,1899.00,5,3.53,131,Summer Store,In Stock
Lotus Botanicals Skin Brightening Face Moisturiser Vitamin C Spf 20 Pa+++ - 45g,LOTUS BOTANICALS,595.00,24,Not found,131,Summer Store,In Stock
Himalaya Gentle Baby Powder 200 Gm,HIMALAYA BABY,204.00,10,4.47,122,Summer Store,In Stock
Kapiva Karela Jamun Juice 1l| Natural Juice Made From Fresh Karela And Jamun Seeds,KAPIVA,374.00,17,4.46,158,Summer Store,In Stock
Prolyte Ors Nimbu Paani 200ml,PROLYTE,31.50,4,3.94,17,Summer Store,In Stock
Lacto Calamine Sunscreen Spf 50 Pa+++ | Kaolin Clay With Lemon Extracts 50 Gm,LACTO CALAMINE,219.00,2,3.79,66,Summer Store,In Stock
Sebamed Anti-Hairloss Shampoo 200ml | Ph 5.5 | Reduces Hairloss | Caffeine & Gingko Biloba,SEBAMED,658.48,3,3.87,55,Summer Store,In Stock
Kapiva Dia Free Juice | 1l | Clinically Proven Diabetes Care | Amla | Karela | Jamun & 8 More,KAPIVA,562.00,0,4.27,113,Summer Store,In Stock
Himalaya Gentle Baby Lotion 400 Ml,HIMALAYA BABY,400.00,16,4.43,90,Summer Store,In Stock
Tedibar Gentle Baby Bodywash - 250ml,TEDIBAR,730.80,6,4.55,40,Summer Store,In Stock
Moisturex Wash Body Wash Bottle Of 200 Ml,MOISTUREX,601.00,3,4.5,54,Summer Store,In Stock
Kapiva Get Slim Juice - 1l | Helps Burn Fat Naturally | Goodness Of 12 Ayurvedic Herbs,KAPIVA,515.00,0,4.15,54,Summer Store,In Stock
Blynds Emulgel Spf 40 Plus Gel 50gm,BLYNDS,530.00,28,5,8,Summer Store,In Stock
Abzorb Antifungal Soap 100gm,ABZORB,153.00,0,4.33,98,Summer Store,In Stock
Tvaksh Face Guard Silicone Sunscreen Gel | Spf 30+ Pa+++ | 30 Gm,TVAKSH,666.00,5,4.83,6,Summer Store,In Stock
Himalaya Gentle Baby Shampoo Bottle Of 400ml,HIMALAYA BABY,355.01,11,4.04,102,Summer Store,In Stock
Candid 1% Lotion 30ml,CANDID,133.06,0,4.2,75,Summer Store,In Stock
Liveasy Aloe Vera Facial Wipes - Pack Of 72 - Refreshing Lemon Flavour Cleansing Wipes,LIVEASY,199.00,15,3.75,4,Summer Store,In Stock
Dermadew Shampoo 80ml,DERMADEW,213.56,6,3.93,15,Summer Store,In Stock
Tedibar Bathing Bar 100g Pack Of 2 (Soap Free For Sensitive Skin),TEDIBAR,530.00,10,4.29,41,Summer Store,In Stock
Cetaphil Oily Skin Cleanser | Combination To Oily & Sensitive Skin | 125 Ml,CETAPHIL,699.00,5,4.24,79,Summer Store,In Stock
Zincovit Cl Bottle Of 200ml Syrup,ZINCOVIT,169.07,0,3.33,9,Summer Store,In Stock
Rivela Lite Spf 50 Pa++++ Sunscreen Cream 60 G,RIVELA,1173.50,8,4.24,41,Summer Store,In Stock
Amrolstar Tube Of 30gm Cream,AMROLSTAR,323.35,7,4.67,6,Summer Store,In Stock
Himalaya Gentle Baby Lotion 200 Ml,HIMALAYA BABY,210.00,10,4.28,57,Summer Store,In Stock
Triflow Tube Of 150gm Hair Conditioner,TRIFLOW,625.00,6,4,6,Summer Store,In Stock
Sebamed Cleansing Bar - 100g,SEBAMED,190.00,3,4.29,65,Summer Store,In Stock
Sebamed Everyday Shampoo 200ml |Ph 5.5 | Normal To Dry Hair | Mild Formula | Gives Moisture & Volume,SEBAMED,605.00,3,4.42,69,Summer Store,In Stock
Kapiva Amla Health Juice Bottle Of 1 L,KAPIVA,280.00,16,4.37,94,Summer Store,In Stock
Suncros Aqua Spf 26 Gel 100gm,SUNCROS,555.94,4,4.62,58,Summer Store,In Stock
Glymed Soap 75gm,GLYMED,78.31,5,4.25,20,Summer Store,In Stock
Dermadew Baby Soap 75gm,DERMADEW,186.86,2,4.53,15,Summer Store,In Stock
Liveasy Baby Care Soft & Gentle Baby Wipes Pack Of 20,LIVEASY,79.00,15,Not found,15,Summer Store,In Stock
Mintop Anti Hair Fall Shampoo | Bottle Of 100ml,MINTOP,533.00,16,4.2,10,Summer Store,In Stock
Himalaya Gentle Baby | Extra Soft | Wipes | 72 No'S,HIMALAYA,280.00,10,4.45,97,Summer Store,In Stock
Candid Mouth Paint | Oral Thrush Treatment | Liquid | Bottle | 25 Ml,CANDID,189.50,0,4,10,Summer Store,In Stock
Moiz Lmf 48 - Face & Body Lotion 200ml,MOIZ LMF,750.00,11,4.06,18,Summer Store,In Stock
Fixderma Shadow Sunscreen Spf 50+ Gel For Oily Skin Uva And Uvb | Spf 50 | Water Resistant (40 G),FIXDERMA,399.00,25,3.83,12,Summer Store,In Stock
Sofibar Syndet Bar 75gm,SOFIBAR,205.00,3,4.42,12,Summer Store,In Stock
Olesoft Max Bottle Of 200ml Lotion,OLESOFT,553.10,10,4.39,33,Summer Store,In Stock
Baidyanath Asli Ayurved Amla Juice | Rich In Vit-C | Natural Immunity Booster | No Added Sugar | 1l,BAIDYANATH,225.00,15,3.47,15,Summer Store,In Stock
Himalaya Gentle Baby Shampoo 100 Ml,HIMALAYA BABY,115.00,10,4.27,59,Summer Store,In Stock
Sebamed Olive Face & Body Wash 200 Ml | Ph 5.5 | Soap Free | For Sensitive & Dry Skin,SEBAMED,800.00,18,4.75,48,Summer Store,In Stock
Sunstop Gold Spf 55 Sunscreen Gel 50 Gm,SUNSTOP,838.00,20,5,1,Summer Store,In Stock
Gorgeus  Face Cleansing Gel  Tube Of 100 G,GORGEUS,510.00,6,4.23,56,Summer Store,In Stock
Glutone 1000 Setria Glutathione & Vitamin C Effervescent Tablets - For Skin Glowing & Brightening,GLUTONE,2447.00,19,3.62,34,Summer Store,In Stock
Rivela Spf 50 Sunscreen Lotion 50ml,RIVELA,653.00,8,3.47,32,Summer Store,In Stock
Neutrogena Ultra Sheer Dry Touch Sunblock Spf 50+ 80ml,NEUTROGENA,780.00,16,4.43,14,Summer Store,In Stock
Sebamed Baby Ph 5.5 For Delicate Skin With Camomile Body Lotion - 400ml,SEBAMED,1620.00,3,4.11,74,Summer Store,In Stock
Fij Ayurveda Multivitamin Capsule With Vitamins | Minerals & Herbs - 60 Veg Capsules,FIJ AYURVEDA,999.00,50,Not found,74,Summer Store,In Stock
La Shield Expert Urban Protect Mineral Sunscreen Gel Spf 50 (50g),LA SHIELD,340.00,4,3.6,10,Summer Store,In Stock
Baidyanath Asli Ayurved Karela Jamun Juice 1 Litre No Added Sugar Healthy Blood Sugar Management,BAIDYANATH,304.00,32,4.17,42,Summer Store,In Stock
Nevsoft Cleansing Lotion 125ml,NEVSOFT,267.19,6,4.61,31,Summer Store,In Stock
Scalpe Pro Anti-Dandruff Shampoo Bottle Of 400 Ml,SCALPE,640.00,2,3.83,6,Summer Store,In Stock
Sebamed Baby Body Lotion Ph 5.5 For Delicate Skin 100 Ml,SEBAMED,590.00,3,4.5,26,Summer Store,In Stock
Sebamed Baby Cleansing Bar For Delicate Skin | Ph 5.5 | 150 Gm,SEBAMED,500.00,8,4.08,40,Summer Store,In Stock
Glucon-D Regular With 3 Benefits Of Energy | Recovery | And Immunity | 450 G ( Get Extra 50 G Free),GLUCON-D,149.00,16,4.45,71,Summer Store,In Stock
Dermadew Baby Lotion 80ml,DERMADEW,176.00,0,4.8,5,Summer Store,In Stock
Episoft Oc Cleansing Gel - 125 Ml,EPISOFT,550.00,3,4.25,59,Summer Store,In Stock
Sper Sunscreen Spf 40 Lotion 100ml,SPER,440.00,7,3.8,10,Summer Store,In Stock
Keto Bottle Of 100gm Dusting Powder,KETO,190.00,14,4.2,5,Summer Store,In Stock
Renocia Hair Revitalizing Shampoo 150ml,RENOCIA,1080.00,12,3.23,13,Summer Store,In Stock
New Neutrogena Ultra Sheer Dry Touch Sunblock Spf 50+ Pa++++ Tube Of 30gm Gel,NEUTROGENA,299.00,0,1,1,Summer Store,In Stock
Himalaya Gentle Baby Lotion 100 Ml,HIMALAYA BABY,125.00,10,4,38,Summer Store,In Stock
Sorilast Ultra Moisturising Complex Cream 150g,SORILAST,536.99,0,4,1,Summer Store,In Stock
Kapiva Thar Aloe Vera Juice (With Pulp) 1l| Natural Juice Made Within 4 Hours Of Harvesting,KAPIVA,280.00,16,4.64,102,Summer Store,In Stock
Sper Sunscreen Spf 40 Lotion 50ml,SPER,238.25,3,4.33,36,Summer Store,In Stock
Cetaphil Gentle Foaming Cleanser | Face | 236 Ml,CETAPHIL,1050.00,17,3.92,25,Summer Store,In Stock
Fixderma Shadow Sunscreen Spf 30+ Gel For Oily Skin With Pa+++ Protection - 40 G,SHADOW,280.00,15,3.86,7,Summer Store,In Stock
Kapiva Aloe Vera + Amla Juice Boosts Immunity - No Added Sugar - 1 L,KAPIVA,469.00,0,4.46,37,Summer Store,In Stock
Flucos Bottle Of 100gm Dusting Powder,FLUCOS,192.81,9,4.46,24,Summer Store,In Stock
Zyndet Bathing Bar 125gm,ZYNDET,318.30,6,4.45,22,Summer Store,In Stock
Rivela Tint Spf 50 Sunscreen Lotion 50ml,RIVELA,797.50,5,3.96,26,Summer Store,In Stock
Ring Guard Anti Fungal Cream Tube Of 12gm,RING GUARD,92.84,0,4.11,27,Summer Store,In Stock
Blynds Ac Gel Spf 30 50gm,BLYNDS AC,725.00,28,4.36,11,Summer Store,In Stock
Keto Az Bottle Of 125ml Hair Wash Lotion,KETO,497.00,19,4.57,7,Summer Store,In Stock
Trigaine Bottle Of 100ml Shampoo,TRIGAINE,259.00,8,3.33,3,Summer Store,In Stock
Itchguard Plus Cream With Cooling Menthol 20g,ITCHGUARD,112.15,5,4.35,103,Summer Store,In Stock
Ekran 30 Silicone Spf 30 Plus Tube Of 30g Sunscreen Gel,EKRAN,455.00,11,4.67,3,Summer Store,In Stock
Sebamed Clear Face Cleansing Bar 100gm | Ph 5.5 | Reduces Pimples & Blackheads | Vitamin E,SEBAMED,230.01,3,4.11,74,Summer Store,In Stock
Medkin Ad Anti Dandruff Shampoo 200 Ml,MEDKIN,698.00,12,2,1,Summer Store,In Stock
Hair 4u Conditioner Bottle - 100 Gm,HAIR 4U,525.01,6,3.87,23,Summer Store,In Stock
Minichek Anti Hair Loss Shampoo 100ml,MINICHEK,519.66,4,4.46,13,Summer Store,In Stock
B-Protin Dry Fruit Chocolate Powder 200gm,B-PROTIN,348.00,2,3.94,69,Summer Store,In Stock
Nevlon Moisturising Soap,NEVLON,160.17,6,4.61,28,Summer Store,In Stock
Cetafresh Cleansing Lotion 200ml,CETAFRESH,726.00,8,3.95,22,Summer Store,In Stock
Mildy Bar 75gm,MILDY,146.82,28,4.62,13,Summer Store,In Stock
Keto Medicated Soap 50gm,KETO,133.47,11,4.5,8,Summer Store,In Stock
Sebamed Baby Shampoo|Ph 5.5| Ideal For Newborns Delicate Scalp| No Tears | 150 Ml,SEBAMED,471.00,3,4.33,15,Summer Store,In Stock
Selsun S 2-In-1 Shampoo Plus Conditioner 120ml,SELSUN,536.57,4,3.2,5,Summer Store,In Stock
Glucon-D Nimbu Pani With 3 Benefits Of Energy | Recovery | And Immunity | 75 G ( Get 50 G Extra),GLUCON-D,55.00,18,4.14,14,Summer Store,In Stock
Liveasy Baby Wipes - Pack Of 72 - Soft & Gentle - For Babies' Delicate Skin,LIVEASY,199.00,15,3.56,64,Summer Store,In Stock
Venusia Ceraplus Intensive Skin Repair And Hydrating | For Dry And Very Dry Skin | Cream | 100 Gm,VENUSIA,434.50,3,Not found,64,Summer Store,In Stock
Navosal Advanced Medicated Cleansing Bar 100gm,NAVOSAL,164.00,0,Not found,64,Summer Store,In Stock
Rivela Spf 30 Plus Tube Of 60gm Sunscreen Gel,RIVELA,1080.00,21,4.17,18,Summer Store,In Stock
Solasafe Sportz Spf 50+ Pa+++ Sunscreen Gel 50gm,SOLASAFE SPORTZ,789.00,6,3,4,Summer Store,In Stock
Doux Deep Cleanser For All Skin Types Bottle Of 125ml,DOUX,616.00,10,Not found,4,Summer Store,In Stock
Xgain Shampoo 200ml,XGAIN,769.70,8,4.32,50,Summer Store,In Stock
Clocip Kz Soap 75gm,CLOCIP,93.43,23,3.5,6,Summer Store,In Stock
Venusia Baby Intensive Moisturizing | For Dry And Ultra Dry Skin | Lotion | 300 Gm,VENUSIA,801.00,5,4.86,7,Summer Store,In Stock
Hyperneb 3% Respules 4 Ml,HYPERNEB,22.45,0,4.17,12,Summer Store,In Stock
Glymax Lotion 200ml,GLYMAX,556.00,7,3.67,6,Summer Store,In Stock
Aquaderm Face & Body Wash 200ml,AQUADERM,638.50,12,4.8,10,Summer Store,In Stock
Glutafine Soap 75gm,GLUTAFINE,177.07,7,4.6,5,Summer Store,In Stock
Sebamed Anti-Dry Revitalizing Shampoo 200ml | Regenerates Dry Hair Healthy Shine Results In 3 Weeks,SEBAMED,667.00,3,4.79,28,Summer Store,In Stock
Cetaphil Cleansing & Moisturising Syndet Bar | Face & Body | 75 Gm,CETAPHIL,225.00,19,4.54,65,Summer Store,In Stock
Fixderma Shadow Spf 50+ Gel 75gm,FIXDERMA,640.00,21,3.6,5,Summer Store,In Stock
Xgain Shampoo 100ml,XGAIN,446.25,9,4.27,26,Summer Store,In Stock
Prolyte Ors Orange Drink Tetrapack (200 Ml),PROLYTE,31.50,20,3.98,315,Summer Store,In Stock
Glucon-D Tangy Orange Flavour Glucose Powder 1kg | With Free Sipper,GLUCON-D,415.00,0,3.5,4,Summer Store,In Stock
Tar 18 1% Shampoo 100ml,TAR,365.63,11,4,4,Summer Store,In Stock
Papulex Cleansing Gel 100ml,PAPULEX,695.00,11,4.86,7,Summer Store,In Stock
Himalaya Aactaril Soap 75gm,AACTARIL,115.68,0,3.6,5,Summer Store,In Stock
Sebamed Sensitive Skin Cleansing Bar Soap 100 G,SEBAMED,190.00,3,4.29,7,Summer Store,In Stock
Brinton Uv Doux Gold Spf50 Sunscreen Gel 50gm,UV DOUX,1197.99,14,3.78,9,Summer Store,In Stock
Dermadew Acne Soap 125gm,DERMADEW,222.45,4,4.23,44,Summer Store,In Stock
Dermadew Bact Soap 75gm,DERMADEW,186.87,4,3.9,10,Summer Store,In Stock
Baidyanath Asli Ayurved Karela Jamun Juice | Control Blood Sugar Naturally - 1 Litre (Pack Of 2),BAIDYANATH,608.00,34,3.75,24,Summer Store,In Stock
Trigaine Caffeine Shampoo 200ml,TRIGAINE,747.00,10,4,5,Summer Store,In Stock
Fixderma Shadow Sunscreen Spf 50+ Cream For Dry Skin With Pa+++ Protection - 40g,FIXDERMA,380.00,27,2.25,4,Summer Store,In Stock
Photostable Acne Spf 55 + Clear Matte Finish Sunscreen Gel 50gm,PHOTOSTABLE,971.00,6,4.36,22,Summer Store,In Stock
Acnestar Soap Pack Of 2,ACNESTAR,220.00,24,5,1,Summer Store,In Stock
Healthyhey Nutrition Collagen Gold Series With Biotin& Vit.C 200g Cranberry,HEALTHYHEY NUTRITION,2219.00,54,Not found,1,Summer Store,In Stock
Bare Anatomy Expert Anti-Frizz Leave-In Conditioner For Smooth | Shiny Hair | All Hair Types-150ml,BARE ANATOMY,599.00,18,Not found,1,Summer Store,In Stock
Venusia Sunscreen - Spf 115 Pa++++ Tinted Sunscreen || Full Spectrum Protection |50 G X Pack Of 2,VENUSIA,1990.00,9,Not found,1,Summer Store,In Stock
Sebamed Baby Ph 5.5 Body Lotion For Delicate Skin 50ml,SEBAMED,350.00,5,4.25,8,Summer Store,In Stock
Acnelak Soap 75gm,ACNELAK,165.00,6,4.67,9,Summer Store,In Stock
Sebamed Baby Lip Balm|Soft Baby Lips|With Shea Butter | Jojoba Oil & Beeswax|4.8 Gm,SEBAMED,520.00,3,4.58,19,Summer Store,In Stock
Uvsmart Matt Spf 40+ Sunscreen Gel 50 Gm,UV SMART,945.00,9,4.33,6,Summer Store,In Stock
Photoban 30 Aquagel Spf 30 Tube Of 60gm Gel,PHOTOBAN,411.00,11,3,3,Summer Store,In Stock
Lotus Herbals Safe Sun Sunscreen Cream Pa++ Spf-30 Indian Summer Formula - 50 G,LOTUS HERBALS,345.00,8,Not found,3,Summer Store,In Stock
Ethiglo Soap 75gm,ETHIGLO,97.88,2,4.27,30,Summer Store,In Stock
Photostable Pro Plus Hydragel Sunscreen Spf 80+ | Pa++++ | Tube Of 50g,PHOTOSTABLE,974.00,8,3.75,16,Summer Store,In Stock
Photoban 30 Aquagel 100gm,PHOTOBAN,485.99,4,4.6,5,Summer Store,In Stock
Alograce Soap 75gm,ALOGRACE,189.00,15,4.07,14,Summer Store,In Stock
Sebamed Baby Cream Extra Soft|Ph 5.5|Ideal For Dry Skin|50 Ml,SEBAMED,270.00,3,4.54,13,Summer Store,In Stock
Lupizol Zs Anti Dandruff Bottle Of 100ml Shampoo,LUPIZOL,463.40,0,4.09,11,Summer Store,In Stock
Fixderma Shadow Spf 30+ Pa+++ Tube Of 75gm Gel,SHADOW,410.00,20,Not found,11,Summer Store,In Stock
Abzorb Syndet Bar 100gm,ABZORB,136.14,0,4.42,12,Summer Store,In Stock
Elugia Cleanser Lotion 125ml,ELUGIA,243.75,0,Not found,12,Summer Store,In Stock
Prega News At Home One Step Urine Hcg Pregnancy Test Kit (10 Tests),PREGA NEWS,600.00,20,3,1,Sexual Wellness,In Stock
Manforce Cocktail Condoms Combo (Strawberry+Vanilla & Chocolate+Hazelnut) Pack Of 4 (40 Condoms),MANFORCE,396.00,32,Not found,1,Sexual Wellness,In Stock
Manforce Ignite Apple-Peach & Premium Hotdots Belgian Chocolate Flavoured Condoms (Set Of 2 20 Pcs),MANFORCE,350.00,24,Not found,1,Sexual Wellness,In Stock
Prega News At Home One Step Urine Hcg Digital Pregnancy Test Kit (6 Tests),PREGA NEWS,360.00,20,Not found,1,Sexual Wellness,In Stock
Manforce Cocktail Condoms (Dotted-Rings) Hazelnut & Chocolate Flavoured 10 Pcs X Pack Of 4,MANFORCE,396.00,24,Not found,1,Sexual Wellness,In Stock
Manforce Epic Strawberry Flavored Lube 60 Ml X Pack Of 4,MANFORCE,1600.00,27,Not found,1,Sexual Wellness,In Stock
Manforce Cocktail Strawberry+Vanilla & 3 In 1 Overtime Orange Flavoured Condoms(Set Of 2 20 Pcs),MANFORCE,229.00,14,Not found,1,Sexual Wellness,In Stock
Manforce Chocolate Flavor Condom 10 Pcs X Pack Of 5,MANFORCE,495.00,24,3.67,3,Sexual Wellness,In Stock
Manforce Cocktail Condoms (Dotted-Rings) Strawberry & Vanilla Flavoured 10 Pcs X Pack Of 5,MANFORCE,495.00,24,5,1,Sexual Wellness,In Stock
Manforce Overtime Pineapple Condoms 10 Pcs X Pack Of 4,MANFORCE,520.00,19,5,1,Sexual Wellness,In Stock
Manforce Epic Fruit Pack 10s (Pack Of 2),MANFORCE,480.00,25,3,1,Sexual Wellness,In Stock
Manforce Condoms Assorted Flavour 10 Pcs X Pack Of 4,MANFORCE,520.00,19,Not found,1,Sexual Wellness,In Stock
Durex Mutual Climax Condoms For Men & Women - 10 Count With Durex Water Based Lube Cherry,DUREX,895.00,10,1,1,Sexual Wellness,In Stock
Manforce Wild Condoms Strawberry - Super Saver (2 X 20s),MANFORCE,270.00,0,3,1,Sexual Wellness,In Stock
Manforce Condoms Assorted Flavour 10 Pcs X Pack Of 5,MANFORCE,650.00,19,Not found,1,Sexual Wellness,In Stock
Prega News Advance Hcg Home Pregnancy Test Midstream Urine Test Kit | Pack Of 3,PREGA NEWS,360.00,36,Not found,1,Sexual Wellness,In Stock
Manforce Extra Dotted Sunny Edition Flavoured Condom Packs Of 4 X 10 Pieces,MANFORCE,396.00,24,4.67,3,Sexual Wellness,In Stock
Manforce Extra Dotted Synny Edition Flavoured Condom Pack Of 3x10 Pieces,MANFORCE,297.00,24,4.29,7,Sexual Wellness,In Stock
Manforce Epic Passion And Hot Dots 10s(Pack Of 2),MANFORCE,440.00,32,Not found,7,Sexual Wellness,In Stock
Manforce Ribbed & Dotted Sunny Edition Condoms 10 Pcs X Pack Of 5,MANFORCE,495.00,24,Not found,7,Sexual Wellness,In Stock
Manforce Ribbed & Dotted Sunny Edition Condoms 10 Pcs X Pack Of 5,MANFORCE,495.00,24,Not found,7,Sexual Wellness,In Stock
Manforce Xotic 342 Dots Chocolate Flavour Condoms 10 No'S,MANFORCE,99.00,0,3.5,12,Sexual Wellness,In Stock
Manforce Cocktail Combo Pack (Hazelnut+Chocolate And Strawberry+Vanilla) Condom (Set Of 2 20 Pcs),MANFORCE,198.00,8,4.5,2,Sexual Wellness,In Stock
Manforce 3 In 1 Wild Strawberry Flavor Condoms - 10 Pieces X Pack Of 2,MANFORCE,198.00,8,Not found,2,Sexual Wellness,In Stock
Manforce 3 In 1 Wild Strawberry & Overtime Pineapple 3in1 Condoms (Set Of 2 20 Pcs),MANFORCE,229.00,14,Not found,2,Sexual Wellness,In Stock
Skore Blues Coloured With Additional Lubrication Vanilla Scented | Box Of 10 Comdoms,SKORE,90.00,23,1,1,Sexual Wellness,In Stock
Manforce Extra Dotted Litchi & Overtime Pineapple 3in1 Condoms (Set Of 2 20 Pcs),MANFORCE,260.00,19,Not found,1,Sexual Wellness,In Stock
Manforce Cocktail Hazelnut & Chocolate Flavoured Condoms (Set Of 3 30 Pcs),MANFORCE,297.00,24,4,2,Sexual Wellness,In Stock
Manforce Wild Condoms Chocolate - Super Saver (3 X 10s),MANFORCE,297.00,24,5,1,Sexual Wellness,In Stock
Manforce Chocolate & Overtime Pineapple 3in1 Condoms (Set Of 2 20 Pcs),MANFORCE,229.00,14,Not found,1,Sexual Wellness,In Stock
Manforce Cocktail Strawberry & Vanilla Flavoured Condoms(Set Of 3 30 Pcs),MANFORCE,297.00,24,Not found,1,Sexual Wellness,In Stock
Prega News Advance Hcg Home Pregnancy Test Midstream Urine Test Kit | Pack Of 10,PREGA NEWS,1200.00,28,Not found,1,Sexual Wellness,In Stock
Manforce Overtime Pineapple 3in1 (Ribbed Contour Dotted) Condoms(Set Of 2 20 Pcs),MANFORCE,260.00,19,Not found,1,Sexual Wellness,In Stock
Manforce Xotic Condoms For Men With 1500 Dots | Pack Of 20 - Strawberry Flavoured,MANFORCE,180.00,2,3,1,Sexual Wellness,In Stock
Manforce Condoms 3 In 1 Ribbed Contour Dotted Strawberry Flavoured Condoms - 10 Pcs X Pack Of 4,MANFORCE,396.00,8,5,4,Sexual Wellness,In Stock
Manforce Cocktail Chocolate & Hazelnut Flavoured Condom 3 Nos,MANFORCE,30.00,0,Not found,4,Sexual Wellness,In Stock
Manforce Combo - Lubricated Condoms - Chocolate | Strawberry | Black Grapes | Melon | Mint - 80n,MANFORCE,1200.00,34,5,1,Sexual Wellness,In Stock
Manforce Epic Strawberry Flavored Lube 60 Ml X Pack Of 2,MANFORCE,800.00,27,Not found,1,Sexual Wellness,In Stock
Earth King Maca Root Extract Dietary Supplement For Stamina & Libido Booster - 60 Capsules,EARTH KING,1199.00,56,Not found,1,Sexual Wellness,In Stock
Manforce Cocktail Strawberry & Vanilla Flav Condom 3'S,MANFORCE,30.00,0,3.5,2,Sexual Wellness,In Stock
Manforce Epic Strawberry Flavored Lube 60 Ml X Pack Of 3,MANFORCE,1200.00,27,Not found,2,Sexual Wellness,In Stock
Manforce Extra Dotteds Litchi Flavoured Condom (Set Of 4 40 Sheets),MANFORCE,520.00,31,Not found,2,Sexual Wellness,In Stock
Manforce Litchi Flavoured - 1500 Dots Combo (Confidential Packaging) Condom (Set Of 3 30 Pcs),MANFORCE,390.00,31,Not found,2,Sexual Wellness,In Stock
Manforce Epic Passion Pack 10s (Pack Of 2),MANFORCE,480.00,25,Not found,2,Sexual Wellness,In Stock
Manforce Condoms Combo Pack (3in1 Strawberry | Black Grapes & Extra Dotted Pineapple)(Pack Of 3),MANFORCE,359.00,29,2.67,3,Sexual Wellness,In Stock
Sirona Glycerine Free Natural Strawberry Lubricant Gel For Men & Women 50 Ml,SIRONA,349.00,14,1,1,Sexual Wellness,In Stock
Manforce Ribbed & Dotted Sunny Edition Condoms 10 Pcs X Pack Of 2,MANFORCE,198.00,8,2.33,3,Sexual Wellness,In Stock
Prega News - Pack Of 3,PREGA NEWS,180.00,16,4.62,8,Sexual Wellness,In Stock
Manforce Combo Pack Chocolate Strawberry Black Grapes Melon & Mint Condom 20 No'S,MANFORCE,300.00,2,4.75,4,Sexual Wellness,In Stock
Manforce Wild Condoms Strawberry - Super Saver (3 X 10s),MANFORCE,297.00,8,5,1,Sexual Wellness,In Stock
Manforce Overtime Orange & Pineapple 3in1 Condoms(Set Of 2 20 Pcs),MANFORCE,260.00,19,5,1,Sexual Wellness,In Stock
Durex Extra Dotted Condoms For Men - 3 Count (Pack Of 10)|Ribbed And Dotted For Extra Stimulation,DUREX,807.00,19,Not found,1,Sexual Wellness,In Stock
Manforce Epic Strawberry Flavour Lube 60 Ml,MANFORCE,400.00,27,4.67,3,Sexual Wellness,In Stock
Dhootapapeshwar Suvarna Bhasma - 1 G,DHOOTAPAPESHWAR,19550.00,0,Not found,3,Sexual Wellness,In Stock
Manforce Ultra Feel Bubblegum Flavoured Box Of 10 Condoms,MANFORCE,150.00,2,3.73,15,Sexual Wellness,In Stock
Prega News Value Pack( 2 Gloves + 2 Urine Containers + 2 Pregnancy Test Kits ) | Pack Of 1,PREGA NEWS,187.50,30,Not found,15,Sexual Wellness,In Stock
Hashmi Baby Capsule 20,HASHMI,1398.00,5,3,1,Sexual Wellness,In Stock
Manforce Extra Dotted Condoms Litchi Flavoured- 10 Pcs X Pack Of 5,MANFORCE,650.00,31,1,2,Sexual Wellness,In Stock
Dr. Morepen Shilajit Resin 15g & Shilajit Capsules For Strength & Energy,DR. MOREPEN,2148.00,54,1,1,Sexual Wellness,In Stock
Baidyanath Asli Ayurved Shrigopal Tail - 25 Ml (Pack Of 2),BAIDYANATH,414.00,33,Not found,1,Sexual Wellness,In Stock
Anna G-Spot Vibrating Sex Toy,GIZMOSWALA,4750.00,10,Not found,1,Sexual Wellness,In Stock
30 Functions Women Massager Flexible G Spot Finger Dildo Vibrator,GIZMOSWALA,7080.00,40,Not found,1,Sexual Wellness,In Stock
Earth King Safed Musli Extract Capsule (Chlorophytum Borivilianum)|Strength & Stamina - 60 Capsule,EARTH KING,1199.00,72,5,1,Sexual Wellness,In Stock
Sex Play Fruity Lubricant - Edible Peach Flavor Lube (For Oral Sex) (35 Ml),KAMAJOY,999.00,44,Not found,1,Sexual Wellness,In Stock
Durex Real Feel Condoms | 3s,DUREX,181.00,0,5,1,Sexual Wellness,In Stock
Vigini Breast Enlargement Bust Firming Tightening Oil Cream & Vaginal V Tightening Lubricant Lube,VIGINI,1150.00,30,Not found,1,Sexual Wellness,In Stock
Kamasutra Strawberry Condom 3 No'S,KAMASUTRA,30.00,0,Not found,1,Sexual Wellness,In Stock
Durex Extra Thin Intense Chocolate Condom 3 No'S,DUREX,60.00,2,4,1,Sexual Wellness,In Stock
Manforce Xotic 342 Dots Chocolate Flavour 2 In 1 Double Contoured & Dotted Box Of 20 Condoms,MANFORCE,180.00,0,5,1,Sexual Wellness,In Stock
Vigini Breast Enlargement Bust Firming Body Toning Oil Cream | Sensual Massage Lubricant Lube 200ml,VIGINI,900.00,32,Not found,1,Sexual Wellness,In Stock
Vigini Bust Firming Massage Cream + Erase Stretch Marks Removal | After Pregnancy Oil Cream 200ml,VIGINI,1050.00,38,Not found,1,Sexual Wellness,In Stock
Vigini Bust Breast Size Increase Firming | Erase Stretch Marks During Pregnancy Oil Cream 200ml,VIGINI,900.00,30,Not found,1,Sexual Wellness,In Stock
Manforce Choc&Hazelnut Flav Condoms 10'S,MANFORCE,99.00,9,3.95,79,Sexual Wellness,In Stock
Vigini Breast Bust Body Toning Breast Size Increase Firming Women Cream | Vaginal Wash 200ml,VIGINI,1150.00,43,Not found,79,Sexual Wellness,In Stock
Pure Nutrition Femenizin | Vitality Supplement For Women | For Improved Libido | 60 Veg Capsules,PURE NUTRITION,2999.00,66,Not found,79,Sexual Wellness,In Stock
Playgard More Play + Orange Flavour Super Dotted Condoms 3 No'S,PLAYGARD,30.00,2,4,1,Sexual Wellness,In Stock
Manforce Extra Dotteds Litchi Flavoured Condom (Set Of 6 60 Sheets),MANFORCE,780.00,31,Not found,1,Sexual Wellness,In Stock
I-Know Pregnancy Testing Kit,I-KNOW,60.00,33,1,1,Sexual Wellness,In Stock
Anuja Lucoja Syrup - 400 Ml,ANUJA,390.00,5,Not found,1,Sexual Wellness,In Stock
Bliss Welness Saw Palmetto For Hair Growth Prostate Ayurvedic Dht Blocker - 60 Veg Tablets|Pack Of 2,BLISS WELNESS,1399.00,32,Not found,1,Sexual Wellness,In Stock
Bliss Welness Saw Palmetto Extract For Hair Growth Prostate Ayurvedic Dht Blocker - 60 Veg Tablets,BLISS WELNESS,699.00,28,Not found,1,Sexual Wellness,In Stock
Bliss Welness Testosterone Booster | Shilajit | Ashwagandha | | Safed Musli For Men 60 Veg Tablets,BLISS WELNESS,999.00,30,Not found,1,Sexual Wellness,In Stock
Durex Love Sex Extra Dots Condoms -Extra Stimulation For Her (40s),DUREX,1180.00,6,Not found,1,Sexual Wellness,In Stock
Dr. Vaidya'S Shilajit Oil - 25ml - Pack Of 1,DR. VAIDYA'S,234.00,0,1,1,Sexual Wellness,In Stock
Pregakem Pregnancy Kit 1'S,PREGAKEM,65.60,30,1,1,Sexual Wellness,In Stock
Cipzer Virya Vita Powder 200g | Supports Male Reproductive Health| Sperm Quality & Vitality,CIPZER,999.00,10,Not found,1,Sexual Wellness,In Stock
Cipzer Sperm Pro 60 Capsules | Supports Mens Reproductive Health & Vitality,CIPZER,2299.00,10,5,1,Sexual Wellness,In Stock
Bigfun Mogra-10 Pc Condom,BIG FUN,112.00,0,Not found,1,Sexual Wellness,In Stock
Bigfun Mixed Fruit-10 Pc Condom,BIG FUN,112.00,0,Not found,1,Sexual Wellness,In Stock
Bigfun Strawberry-10 Pc Condom,BIG FUN,112.00,0,Not found,1,Sexual Wellness,In Stock
Bigfun Strawberry-3 Pc Condom,BIG FUN,34.11,0,3.5,2,Sexual Wellness,In Stock
Bigfun Xtra Time-3 Pc Condom,BIG FUN,33.60,2,5,1,Sexual Wellness,In Stock
Bigfun Bubble Gum-10 Pc Condom,BIG FUN,112.00,0,5,1,Sexual Wellness,In Stock
Bigfun Mogra-3 Pc Condom,BIG FUN,34.11,0,Not found,1,Sexual Wellness,In Stock
Bigfun Ultra Thin-10 Pc Condom,BIG FUN,112.00,0,Not found,1,Sexual Wellness,In Stock
Bigfun Mixed Fruit-3 Pc Condom,BIG FUN,33.60,0,Not found,1,Sexual Wellness,In Stock
Kerala Ayurveda Promactil Capsule 100 Nos,KERALA AYURVEDA,900.00,0,Not found,1,Sexual Wellness,In Stock
Durex Intense Stimulating With Desirex Gel Condom Pack Of 3,DUREX,180.00,0,Not found,1,Sexual Wellness,In Stock
Cipzer Max Man 60 Capsules | Supports Mens Vitality| Stamina & Sexual Wellness,CIPZER,4764.00,10,Not found,1,Sexual Wellness,In Stock
Manforce Ignite Apple-Peach Flavoured Extra Dotted 10 Pcs X Pack Of 4,MANFORCE,600.00,3,Not found,1,Sexual Wellness,In Stock
Bigfun Strawberry-10 Pc Condom,BIG FUN,112.00,0,Not found,1,Sexual Wellness,In Stock
Bigfun Strawberry-3 Pc Condom,BIG FUN,34.11,0,3.5,2,Sexual Wellness,In Stock
Bigfun Xtra Time-3 Pc Condom,BIG FUN,33.60,2,5,1,Sexual Wellness,In Stock
Kerala Ayurveda Promactil Capsule 100 Nos,KERALA AYURVEDA,900.00,0,Not found,1,Sexual Wellness,In Stock
Durex Intense Stimulating With Desirex Gel Condom Pack Of 3,DUREX,180.00,0,Not found,1,Sexual Wellness,In Stock
Cipzer Max Man 60 Capsules | Supports Mens Vitality| Stamina & Sexual Wellness,CIPZER,4764.00,10,Not found,1,Sexual Wellness,In Stock
Pregamonth Pregnancy Card 1 No'S,PREGAMONTH,2556.00,0,Not found,1,Sexual Wellness,In Stock
Manforce Ignite Apple-Peach Flavoured Extra Dotted 10 Pcs X Pack Of 4,MANFORCE,600.00,3,Not found,1,Sexual Wellness,In Stock
Manforce Overtime Pineapple Condoms 10 Pcs X Pack Of 5,MANFORCE,650.00,19,Not found,1,Sexual Wellness,In Stock
Manforce Ignite Apple-Peach Flavoured Extra Dotted 10 Pcs X Pack Of 5,MANFORCE,750.00,3,Not found,1,Sexual Wellness,In Stock
Manforce Classic Combo Pack - 10 Pieces (Pack Of 6),MANFORCE,788.00,35,Not found,1,Sexual Wellness,In Stock
Manforce Ignite Apple-Peach & Cocktail Strawberry & Vanilla Flavoured Condoms(Set Of 2 20 Pcs),MANFORCE,249.00,8,3,1,Sexual Wellness,In Stock
Prega News At Home One Step Urine Hcg Pregnancy Test Kit (5 Tests),PREGA NEWS,300.00,20,5,1,Sexual Wellness,In Stock
Manforce Chocolate Flavor Condom - 10 Pieces X Pack Of 2 Condom (Set Of 2 20 Sheets),MANFORCE,198.00,5,3.67,3,Sexual Wellness,In Stock
Manforce Epic Desire Pack 10s (Pack Of 2),MANFORCE,480.00,16,4,1,Sexual Wellness,In Stock
Manforce Cocktail Condoms Hazelnut+Chocolate & Overtime Pineapple 3in1 Condoms (Set Of 2 20 Pcs),MANFORCE,229.00,14,Not found,1,Sexual Wellness,In Stock
Manforce 3 In 1 Wild Black Grapes & Hotdots Belgian Chocolate Condoms (Set Of 2 20 Pcs),MANFORCE,280.00,20,Not found,1,Sexual Wellness,In Stock
Manforce Cocktail Strawberry+Vanilla & Extra Dotted Litchi Flavoured Condoms(Set Of 2 20 Pcs),MANFORCE,229.00,14,2,2,Sexual Wellness,In Stock
Manforce 3 In 1 Wild Strawberry & Extra Dotted Litchi Flavoured Condoms(Set Of 2 20 Pcs),MANFORCE,229.00,14,5,1,Sexual Wellness,In Stock
Manforce Cocktail Strawberry+Vanilla & Chocolate Flavor Condom (Set Of 2 20 Pcs),MANFORCE,198.00,8,Not found,1,Sexual Wellness,In Stock
Manforce Chocolate Flavor Condom & 3 In 1 Condoms Overtime Orange Flavoured(Set Of 2 20 Pcs),MANFORCE,229.00,14,Not found,1,Sexual Wellness,In Stock
Durex Air Condoms For Men-10count With Durex Strawberry Flavoured Lubricant Gel-50ml,DUREX,744.00,4,Not found,1,Sexual Wellness,In Stock
Manforce Epic Strawberry Flavored Lube 60 Ml X Pack Of 5,MANFORCE,2000.00,27,Not found,1,Sexual Wellness,In Stock
Manforce Epic Pack Multi Flavour 10s(Pack Of 4),MANFORCE,920.00,27,Not found,1,Sexual Wellness,In Stock
Prega News Advance Test Kit | Rapid Single Step Pregnancy Test | 99% Accurate Results In 3 Mins - 2n,PREGA NEWS,240.00,25,4,2,Sexual Wellness,In Stock
Prega News At Home One Step Urine Hcg Pregnancy Test Kit (4 Tests),PREGA NEWS,240.00,10,4.5,2,Sexual Wellness,In Stock
Manforce 3 In 1 Overtime Orange Flavoured- 10 Pieces X Pack Of 3 Condom,MANFORCE,390.00,19,5,1,Sexual Wellness,In Stock
Manforce Epic Strawberry Flavored Lube 60 Ml X Pack Of 6,MANFORCE,2400.00,27,Not found,1,Sexual Wellness,In Stock
Prega News Value Pack( 2 Gloves + 2 Urine Containers + 2 Pregnancy Test Kits ) | Pack Of 5,PREGA NEWS,1000.00,32,Not found,1,Sexual Wellness,In Stock
Prega News Value Pack( 2 Gloves + 2 Urine Containers + 2 Pregnancy Test Kits ) | Pack Of 2,PREGA NEWS,400.00,31,Not found,1,Sexual Wellness,In Stock
Manforce Cocktail Condoms (Dotted-Rings) Hazelnut & Chocolate Flavoured 10 Pcs X Pack Of 5,MANFORCE,495.00,24,2,1,Sexual Wellness,In Stock
Manforce Cocktail Strawberry+Vanilla & Overtime Pineapple 3in1 Condoms(Set Of 2 20 Pcs),MANFORCE,229.00,14,Not found,1,Sexual Wellness,In Stock
Prega News Value Pack( 2 Gloves + 2 Urine Containers + 2 Pregnancy Test Kits ) | Pack Of 7,PREGA NEWS,1400.00,32,Not found,1,Sexual Wellness,In Stock
Prega News Value Pack( 2 Gloves + 2 Urine Containers + 2 Pregnancy Test Kits ) | Pack Of 4,PREGA NEWS,800.00,28,Not found,1,Sexual Wellness,In Stock
Sugarboo Sugar Blush/Pink/Blue,SUGARBOO,3550.00,28,Not found,1,Sexual Wellness,In Stock
Prega News Advance Test Kit | Rapid Single Step Pregnancy Test | 99% Accurate Results In 3 Mins - 6n,PREGA NEWS,720.00,28,5,1,Sexual Wellness,In Stock
Prega News Advance Test Kit | Rapid Single Step Pregnancy Test | 99% Accurate Results In 3 Mins - 5n,PREGA NEWS,600.00,28,Not found,1,Sexual Wellness,In Stock
Manforce Epic Chocolate Pack 10s (Pack Of 2),MANFORCE,480.00,32,Not found,1,Sexual Wellness,In Stock
Manforce Condoms Combo Pack (Litchi And Orange Flavoured) 10 Pcs X Pack Of 4,MANFORCE,800.00,32,Not found,1,Sexual Wellness,In Stock
Manforce Xotic 1500 Dots Strawberry Condom 3 No'S,MANFORCE,30.00,0,5,1,Sexual Wellness,In Stock
Manforce Extra Dotted Litchi & Cocktail Condoms Hazelnut & Chocolate Flavoured(Set Of 2 20 Pcs),MANFORCE,229.00,14,5,1,Sexual Wellness,In Stock
Iroha Zen Massager Matcha /Hanacha /Yuzucha,IROHA,5150.00,36,Not found,1,Sexual Wellness,In Stock
Manforce Condoms Combo Pack (Litchi And Orange Flavoured) 10 Pcs X Pack Of 5,MANFORCE,1000.00,32,Not found,1,Sexual Wellness,In Stock
Manforce Ignite Apple-Peach Flavoured Condoms 10 Pc & Manforce Lube Strawberry Flavoured Unisex 60ml,MANFORCE,450.00,29,Not found,1,Sexual Wellness,In Stock
Manforce Cocktail Condoms Hazelnut & Chocolate Flavoured(Set Of 2 20 Pcs),MANFORCE,198.00,24,Not found,1,Sexual Wellness,In Stock
Prega News Value Pack( 2 Gloves + 2 Urine Containers + 2 Pregnancy Test Kits ) | Pack Of 3,PREGA NEWS,600.00,29,1,1,Sexual Wellness,In Stock
Sugarboo Berri Licious/Blossom/Coral Crush,SUGARBOO,2950.00,23,Not found,1,Sexual Wellness,In Stock
Manforce Chocolate Flavor Condom & Extra Dotted Litchi Flavoured Condoms (Set Of 2 20 Pcs),MANFORCE,229.00,14,3.17,6,Sexual Wellness,In Stock
Svakom Wireless Audio Interactive Vibrator Savkom Natalya,SVAKOM,4950.00,20,Not found,6,Sexual Wellness,In Stock
Manforce Condoms (Overtime) (Orange) 10s,MANFORCE,120.00,11,4.25,4,Sexual Wellness,In Stock
Svakom Pocket Bullet Vibrator Savkom,SVAKOM,4850.00,26,Not found,4,Sexual Wellness,In Stock
Manforce Epic Pleasure Pack 10s (Pack Of 2),MANFORCE,480.00,35,5,1,Sexual Wellness,In Stock
Manforce Combo Pack Chocolate Strawberry Coffee Black Grapes Melon Condom 20 Pcs X Pack Of 2,MANFORCE,600.00,34,1,1,Sexual Wellness,In Stock
Gizmoswala Powerful Shark Vibrating Personal Body Massager,GIZMOSWALA,4450.00,11,Not found,1,Sexual Wellness,In Stock
Earth King Himalayan Shilajit/Shilajit Resin (Semi Liquid) Supports Strength | Stamina & Energy|20gm,EARTH KING,1399.00,36,Not found,1,Sexual Wellness,In Stock
Hashmi Seks Max Power Capsule 20,HASHMI,3319.00,5,Not found,1,Sexual Wellness,In Stock
Earth King Raw Shilajit / Shilajeet Extract Capsule - 60 Capsules,EARTH KING,899.00,62,Not found,1,Sexual Wellness,In Stock
Hashmi Fire X Capsule 20,HASHMI,2450.00,4,Not found,1,Sexual Wellness,In Stock
Cipzer Shilajit Ultra Gold 30 Capsules | Supports Strength| Stamina & Energy Wellness,CIPZER,499.00,10,3.33,3,Sexual Wellness,In Stock
Earth King Shilajit/Shilajeet Capsule Supports Energy & Energy - 500mg 60 Capsules (Pack Of 1),EARTH KING,699.00,57,Not found,3,Sexual Wellness,In Stock
Ldd Bioscience Yohimbinum Dilution 200 Ch (Pack Of 4 - 120ml),LDD BIOSCIENCE,340.00,0,Not found,3,Sexual Wellness,In Stock
Cipzer Cobra Tila 10ml | Supports Mens Vitality| Circulation & Overall Wellness,CIPZER,3099.00,10,Not found,3,Sexual Wellness,In Stock
Cipzer Majoon-E-Muqavvi Reham 125gm | Herbal Tonic For Menstrual Health & White Discharge,CIPZER,499.00,10,Not found,3,Sexual Wellness,In Stock
Cipzer Kushta Sadaf | Supports Male & Female Vitality| Helps Combat Debilities | 10 G,CIPZER,499.00,10,Not found,3,Sexual Wellness,In Stock
Cipzer Majun Arad Khurma 125g | Supports Energy| Vitality & Physical Strength,CIPZER,499.00,10,Not found,3,Sexual Wellness,In Stock
Cipzer Majun Supari Pak 125g | Supports Postpartum Wellness| Energy & Womens Health,CIPZER,499.00,10,Not found,3,Sexual Wellness,In Stock
Cipzer Khamira Gawzaban Ambari Jawahar Wala 60g | Supports Energy| Vitality & Memory,CIPZER,499.00,10,Not found,3,Sexual Wellness,In Stock
Cipzer Sharbat Bazoori Motadil 200ml | Supports Urinary Tract Health & Renal Wellness,CIPZER,499.00,10,Not found,3,Sexual Wellness,In Stock
Cipzer Majun Ispand Sokhtani 125g | Supports Sexual Vitality| Stamina & Performance,CIPZER,499.00,10,Not found,3,Sexual Wellness,In Stock
Cipzer Falasifa 60 Capsules | Supports Mens Vitality| Energy & Urinary Wellness,CIPZER,999.00,10,Not found,3,Sexual Wellness,In Stock
Cipzer Rogan Beer Bahuti 20ml | Supports Mens Energy| Vitality & Overall Wellness,CIPZER,499.00,10,Not found,3,Sexual Wellness,In Stock
Cipzer Majoon Hamal Ambari Alvi Khani 60gm | Herbal Tonic For Post-Delivery Mothers Wellness,CIPZER,499.00,10,Not found,3,Sexual Wellness,In Stock
Cipzer Kushta Qalai 10g | Supports Mens Health| Strength & Immunity Wellness,CIPZER,499.00,10,Not found,3,Sexual Wellness,In Stock
Cipzer Safoof Sailan 50g | Supports Female Intimate Health & Vaginal Comfort,CIPZER,499.00,10,Not found,3,Sexual Wellness,In Stock
Cipzer Majoon-E-Piyaz | May Help In Restoring Energy | Vitality | Strength And Stamina In Men-125gm,CIPZER,499.00,10,Not found,3,Sexual Wellness,In Stock
Cipzer Veerya Vita Powder 100g | Supports Strength| Vitality| Vigour & Overall Wellness,CIPZER,499.00,10,Not found,3,Sexual Wellness,In Stock
Cipzer Habbe Ambar Momyai Silver |Helpful In Improving Male Sexual Desire And Power-10 Pills,CIPZER,499.00,10,Not found,3,Sexual Wellness,In Stock
Cipzer Majun-E-Mochras 125g | Supports Womens Uterine Health & Wellness,CIPZER,499.00,10,Not found,3,Sexual Wellness,In Stock
Cipzer Rogan Kharateen 20ml | Supports Mens Vitality| Energy & Overall Wellness,CIPZER,499.00,10,Not found,3,Sexual Wellness,In Stock
Cipzer Labub-E-Kabir 60g | Supports Overall Health| Vitality & Wellness,CIPZER,499.00,10,Not found,3,Sexual Wellness,In Stock
Cipzer Majoon-E-Salab 125g | Supports Mens Vitality| Stamina & Reproductive Wellness,CIPZER,999.00,10,Not found,3,Sexual Wellness,In Stock
Cipzer Rogan Kharateen 20ml | Supports Mens Vitality| Energy & Overall Wellness,CIPZER,499.00,10,Not found,3,Sexual Wellness,In Stock
Cipzer Majun Jalali 60 Gram |Improves General Health | Boosts Immunity And Vitality|,CIPZER,499.00,10,Not found,3,Sexual Wellness,In Stock
Hashmi Cock Xxl Capsule 20,HASHMI,2450.00,4,Not found,3,Sexual Wellness,In Stock
Hashmi Female Sex And Power Enhancer Treatment (Fezinil Capsules) Capsule 20,HASHMI,1283.00,4,Not found,3,Sexual Wellness,In Stock
Cipzer Supari Powder 150g | Supports Male Reproductive Health & Vitality (Pack Of 1),CIPZER,499.00,10,Not found,3,Sexual Wellness,In Stock
Cipzer Habbe Amber Momyaee Gold 10 Pills | Herbal Tonic For Sexual Stamina| Vitality & Virility,CIPZER,499.00,10,Not found,3,Sexual Wellness,In Stock
Cipzer Veerya Pushtik Churan 100g | Supports Strength | Vitality & Overall Wellness,CIPZER,499.00,10,1,1,Sexual Wellness,In Stock
Cipzer Gokshura 60 Capsules | Supports Mens Vitality| Libido & Reproductive Wellness,CIPZER,999.00,10,Not found,1,Sexual Wellness,In Stock
Durex Love Sex Extra Time Condoms For Longer Lasting Pleasure (60s),DUREX,1614.00,26,Not found,1,Sexual Wellness,In Stock
Cipzer Via Green 60 Capsules | Supports Stamina| Vigour & Overall Vitality,CIPZER,2449.00,10,Not found,1,Sexual Wellness,In Stock
Cipzer Women Support Syrup 500ml | Supports Menstrual Health & Womens Wellness (Pack Of 1),CIPZER,1999.00,10,Not found,1,Sexual Wellness,In Stock
Ova News - Ovulation Detection Kit From Prega News | Identifies 5 Most Fertile Days In 5 Mins - 1n,MANKIND,500.00,38,3.09,11,Sexual Wellness,In Stock
Manforce Epic Desire Super Thin Premium Condoms Silk Chocolate Flavor Disposable Pouch (3 Counts),MANFORCE,80.00,2,3.62,8,Sexual Wellness,In Stock
Bliss Welness Shilajit For Enhance Stamina & Performance Booster Supplement |For Men- 60 Veg Tablets,BLISS WELNESS,599.00,16,Not found,8,Sexual Wellness,In Stock
Nutrabay Pro Testosterone Booster (Natural) - 60 Capsules,NUTRABAY,669.00,2,3,4,Sexual Wellness,In Stock
Hashmi Cute B Breast Reduction Cream 20 Gm,HASHMI,756.00,5,5,1,Sexual Wellness,In Stock
Hashmi Mughal-E-Azam Harbal Cream 10 Gm,HASHMI,1895.00,5,Not found,1,Sexual Wellness,In Stock
Dr. Morepen Shilajit Capsules For Strength Stamina & Vigor - 60 Capsules,DR. MOREPEN,649.00,45,3.5,8,Sexual Wellness,In Stock
Manforce Extra Dotted Litchi Flavoured Condom 1740 Dots-10 Pieces (Pack Of 2),MANFORCE,260.00,19,3,2,Sexual Wellness,In Stock
Neurobion Forte | Relief From Tingling | Numbness & Weakness | Strip Of 30 Tablets,NEUROBION,47.53,0,4.41,3483,Vitamin Store,In Stock
Shelcal 500mg Strip Of 15 Tablets,SHELCAL,163.45,7,4.3,1350,Vitamin Store,In Stock
Pharmeasy Multivitamin Women - Overall Women Wellness - Builds Immunity - Bottle Of 60,PHARMEASY,711.00,47,4.2,59,Vitamin Store,In Stock
Supradyn Daily Multivitamin For Men & Women Builds Energy & Immunity Strip Of 15 Tablets,SUPRADYN,68.39,6,4.38,1339,Vitamin Store,In Stock
Zincovit Strip Of 15 Tablets (Green),ZINCOVIT,107.67,9,4.22,503,Vitamin Store,In Stock
Evion 400mg | Vitamin E | Antioxidant To Repair & Protect Cells | Strip Of 20 Capsules,EVION,89.57,10,4.28,651,Vitamin Store,In Stock
Everherb Karela Jamun Juice - Helps Maintains Sugar Levels & Weight Management - 1 L (By Pharmeasy),EVERHERB,374.00,44,4.03,2242,Vitamin Store,In Stock
Calcimax Forte Plus Strip Of 30 Tablets,CALCIMAX,293.00,16,4.49,785,Vitamin Store,In Stock
Calcimax 500mg Strip Of 30 Tablets,CALCIMAX,379.00,27,4.36,618,Vitamin Store,In Stock
Evion 600mg | Vitamin E | Antioxidant To Repair & Protect Cells | Strip Of 10 Capsules,EVION,64.42,8,4.42,376,Vitamin Store,In Stock
Depura Vitamin D3 60k Sugar Free Oral Solution 5ml,DEPURA,116.67,15,4.37,947,Vitamin Store,In Stock
Arachitol Nano 60k Sugar Free Bottle Of 5ml Solution,ARACHITOL,118.93,4,4.28,326,Vitamin Store,In Stock
Calcimax P Suspension 200ml,CALCIMAX P,175.00,4,4.39,56,Vitamin Store,In Stock
Livogen Z| Management Of Iron Deficiency Anemia | Strip Of 15 Tablets,LIVOGEN Z,108.92,12,4.45,224,Vitamin Store,In Stock
Becozym C Forte B Complex With Vitamin C And Biotin Strip Of 20 Tablets,BECOZYMC,45.00,0,4.21,56,Vitamin Store,In Stock
Shelcal 250mg Strip Of 30 Tablets,SHELCAL,148.75,8,3.96,47,Vitamin Store,In Stock
Evion 200mg | Vitamin E | Antioxidant To Repair & Protect Cells | Strip Of 10 Capsules,EVION,26.20,0,4.1,40,Vitamin Store,In Stock
Supradyn Daily Multivitamin For Men & Women Builds Energy & Immunity Bottle Of 60 Tablets,SUPRADYN,267.00,13,4.35,94,Vitamin Store,In Stock
Seven Seas Original Cod Liver Oil | For Immunity |Brain | Bone Health | Pure Omega 3 | 100 Capsules,SEVENSEAS,398.16,14,4.38,192,Vitamin Store,In Stock
Everherb Amla Juice - Rich In Vitamin C - Natural Immunity Booster - 1l Bottle (By Pharmeasy),EVERHERB,374.00,50,3.95,693,Vitamin Store,In Stock
Pharmeasy Calcium Magnesium Vitamin D3 & Zinc - Bones & Dental Health - Bottle 60,PHARMEASY,533.00,43,3.85,404,Vitamin Store,In Stock
Liveasy Wellness Calcium Magnesium Vitamin D3 & Zinc - Bones & Dental Health - Bottle 60 Tabs,LIVEASY,533.00,43,4.14,583,Vitamin Store,In Stock
D-Protein Powder | Diabetes Care | Chocolate | Jar | 500 Gm,D-PROTIN,652.00,8,4.53,2510,Vitamin Store,In Stock
Himalaya Ashwagandha Immunity Booster Tablets Bottle Of 60,HIMALAYA,260.00,13,4.34,219,Vitamin Store,In Stock
Pharmeasy Fish Oil 1000mg Soft Gelatin 60 Capsules,PHARMEASY,578.00,46,4.47,79,Vitamin Store,In Stock
Everherb Flaxseed Omega 3 - Essential Fatty Acids - Healthy Heart - Bottle Of 60 (By Pharmeasy),EVERHERB,749.00,48,4.15,316,Vitamin Store,In Stock
Seacod Cod Fish Liver Oil 100 Softgel Capsules With Natural Epa & Dha 100 Capsules,SEACOD,462.00,19,4.33,90,Vitamin Store,In Stock
Liveasy Wellness Multivitamin Multimineral - Immunity Booster - Complete Nutrition - Bottle Of 60,LIVEASY,622.00,40,4.11,486,Vitamin Store,In Stock
Revital Men Complete Multivitamin | With Natural Ginseng | 60 Capsules,REVITAL,560.00,4,4.38,1016,Vitamin Store,In Stock
Maxirich Daily Multivitamin Strip Of 10 Softgel Capsules,MAXIRICH,114.78,27,4.29,410,Vitamin Store,In Stock
Everherb Ashwagandha - Immunity Booster - Anxiety & Stress - Bottle Of 60 Capsules (By Pharmeasy),EVERHERB,562.00,48,3.87,450,Vitamin Store,In Stock
Menopace Iso 100mg Gluten Free Strip Of 10 Veg Tablets,MENOPACE,272.00,11,4.09,22,Vitamin Store,In Stock
Pharmeasy Apple Cider Vinegar With Mother -Improves Metabolism- 500ml Bottle,PHARMEASY,649.00,53,3.62,128,Vitamin Store,In Stock
Revital Men Complete Multivitamin | With Natural Ginseng | 30 Capsules,REVITAL,293.00,4,4.37,612,Vitamin Store,In Stock
Pharmeasy Biotin 10000mcg - For Hair | Skin & Nails - Bottle Of 60,PHARMEASY,655.00,44,3.83,127,Vitamin Store,In Stock
I Site Af Strip Of 10 Capsules,I SITE,262.50,7,4.28,167,Vitamin Store,In Stock
Everherb Moringa - Immunity Booster - Natural Multivitamin - Bottle Of 60 Capsules (By Pharmeasy),EVERHERB,562.00,53,3.81,280,Vitamin Store,In Stock
Calcimax Plus | Bottle | Suspension | 200 Ml,CALCIMAX,160.00,9,4.4,103,Vitamin Store,In Stock
Calcimax D 1000mg Strip Of 30 Tablets,CALCIMAX,356.00,21,4.38,68,Vitamin Store,In Stock
Pharmeasy Iron+Folic Acid With Zinc | Vitamin C &B12 - Maintains Overall Health - Bottle Of 60,PHARMEASY,529.00,49,4.15,110,Vitamin Store,In Stock
Perfectil Skin Hair Nails Care Tablets Box Of 30,PERFECTIL,645.00,15,4.07,158,Vitamin Store,In Stock
Hairbless Supplement | Biotin & Niacin | Gluten Free | Enriched With L-Cystiene | 15 Tablets,HAIRBLESS,324.00,23,4.25,16,Vitamin Store,In Stock
Everherb Ashwagandha - Immunity Booster - Anxiety & Stress - Bottle Of 90 Capsules (By Pharmeasy),EVERHERB,749.00,48,3.96,159,Vitamin Store,In Stock
Rejunex Od Strip Of 10 Capsules,REJUNEX,241.88,8,4.48,58,Vitamin Store,In Stock
Calcimax K2 Strip Of 15 Tablets,CALCIMAX,379.00,21,4.71,34,Vitamin Store,In Stock
Prohance D Diabetes Care Vanilla Flavour Sugar Free Jar Of 400gm Powder,PROHANCE,877.00,6,4.47,427,Vitamin Store,In Stock
Primosa 1000mg Strip Of 15 Softgel Capsules,PRIMOSA,539.00,14,3.9,31,Vitamin Store,In Stock
Everherb Neem - Immunity Booster - Hair & Skin Detoxifier - Bottle Of 60 Capsules (By Pharmeasy),EVERHERB,562.00,49,3.69,159,Vitamin Store,In Stock
Everherb Karela - Blood Sugar Control - Lowers Bad Cholestrol - Bottle Of 60 Capsules (By Pharmeasy),EVERHERB,561.56,49,3.75,211,Vitamin Store,In Stock
Pharmeasy Diabetic Protein Powder - French Vanilla - Jar | 1 Kg (5 Gm Protein/Serving),PHARMEASY,1957.00,45,4.03,142,Vitamin Store,In Stock
Calcimax 250mg Strip Of 30 Tablets,CALCIMAX,178.00,19,2.86,14,Vitamin Store,In Stock
Corcium D3 Strip Of 15 Tablets,CORCIUM,382.00,0,3.93,28,Vitamin Store,In Stock
Corcium 225mg Strip Of 15 Tablets,CORCIUM,225.50,0,4.62,21,Vitamin Store,In Stock
Pharmeasy Calcium Magnesium Vitamin D3 & Zinc - Bones & Dental Health - Bottle 120,PHARMEASY,800.00,45,4.23,137,Vitamin Store,In Stock
Pharmeasy Multivitamin Gummies For Kids And Adults Lemon & Strawberry Flavour Bottle Of 30 Gummies,PHARMEASY,444.00,39,3.71,124,Vitamin Store,In Stock
Pharmeasy Diabetic Protein Powder - French Vanilla - Jar | 400 Gm (5 Gm Protein/Serving),PHARMEASY,889.00,45,3.89,88,Vitamin Store,In Stock
Supradyn Immuno+ With Turmeric + Tulsi Natural Immunity Booster With Vit C Vit D Zinc 30 Tablets,SUPRADYN,295.00,17,4.52,33,Vitamin Store,In Stock
Everherb Amla - Immunity Booster - Natural Vitamin C - Bottle Of 60 Capsules (By Pharmeasy),EVERHERB,559.00,54,3.77,128,Vitamin Store,In Stock
Pharmeasy Joint Support - Maintains Joints Mobility - Bone & Joint Health - Bottle Of 60,PHARMEASY,711.00,35,3.64,98,Vitamin Store,In Stock
Calcimax P Strip Of 15 Tablets,CALCIMAX P,200.00,16,4.57,44,Vitamin Store,In Stock
Ostocalcium B12 Suspension (Banana Flavor Syrup - 200ml),OSTOCALCIUM,208.04,10,4.33,83,Vitamin Store,In Stock
Diataal-D Multivitamin | Vit. D & Ala | Sustained Energy | Heart Health | 10 Capsules | Men & Women,DIATAAL,133.47,20,4.34,153,Vitamin Store,In Stock
Wellman  Health Supplement Tablets  Box Of 30,WELLMAN,387.00,15,4.35,77,Vitamin Store,In Stock
Pharmeasy Multivitamin Women - Overall Women Wellness - Builds Immunity - Bottle Of 60,PHARMEASY,711.00,47,4.2,59,Vitamin Store,In Stock
Maxepa Bottle Of 30 Capsules,MAXEPA,421.98,9,4.38,81,Vitamin Store,In Stock
Primosa 500 Mg Evening Primrose Oil Nutritional Supplement For Pms & Mastalgia Strip Of 15 Softgels,PRIMOSA,421.00,10,4.59,17,Vitamin Store,In Stock
D-Protin Vanilla Flavour Nutritional Supplement For Diabetes Care Powder Jar 500 Gm,D-PROTIN,652.00,10,4.52,306,Vitamin Store,In Stock
Protinules Chocolate Powder 200gm,PROTINULES,468.00,13,4.56,16,Vitamin Store,In Stock
Centrum Ostocalcium Total Mixed Fruit Flavour | Bottle Of 30 Chewable Tablets,CENTRUM,231.00,12,4.08,13,Vitamin Store,In Stock
Pharmeasy Vitamin D3 - Supports Bone Health - Helps In Absorption Of Calcium - Bottle Of 60,PHARMEASY,608.00,47,4.07,60,Vitamin Store,In Stock
Protinex Diabetes Care Nutrition Drink Creamy Vanilla Flavour Jar 400 Gm,PROTINEX,675.00,5,4.37,95,Vitamin Store,In Stock
Hairbless Supplement | Biotin & Niacin | Gluten Free | Enriched With L-Cystiene | 30 Tablets,HAIRBLESS,596.00,24,4,50,Vitamin Store,In Stock
Garlic Pearls Healthy Heart & Digestion Capsules Bottle Of 100,GARLIC,250.00,3,4.46,564,Vitamin Store,In Stock
Pharmeasy Multivitamin Multimineral - Immunity Booster - Complete Nutrition - Bottle Of 120,PHARMEASY,1156.00,48,4.19,78,Vitamin Store,In Stock
Lamino Gi Plus Vanilla Flavour Sugar Free Tin Of 200gm Oral Powder,LAMINO,908.51,9,4.17,23,Vitamin Store,In Stock
Calcimax D | Bottle | Suspension | 200 Ml,CALCIMAX,169.00,7,4.24,21,Vitamin Store,In Stock
Health Ok Multi Vitamin Multiminerals Lemon Flavour Bottle Of 30 Tablets,HEALTH OK,293.00,27,4.32,66,Vitamin Store,In Stock
Densita Strip Of 10 Tablets,DENSITA,158.45,4,4.43,7,Vitamin Store,In Stock
Calcimax K2 Plus Strip Of 15 Tablets,CALCIMAX,430.00,20,4.13,23,Vitamin Store,In Stock
Pharmeasy Vitamin C (990mg) With Zinc (10mg) - Powerful Immunity Booster - 60 Veg Tablets,PHARMEASY,711.00,10,4.37,19,Vitamin Store,In Stock
Himalaya Neem Skin Wellness | Controls Acne | Tablets | 60 No'S,HIMALAYA,260.00,13,4.45,60,Vitamin Store,In Stock
Seven Seas Original Cod Liver Oil | For Immunity |Brain | Bone Health | Pure Omega 3 | 500 Capsules,SEVENSEAS,1519.49,9,4.1,78,Vitamin Store,In Stock
Wellwoman Strip Of 15 Capsules,WELLWOMAN,334.50,27,4.38,21,Vitamin Store,In Stock
Pharmeasy Multivitamin 50+ - With Brain And Joint Health Blend - Bottle Of 60,PHARMEASY,711.00,47,4.24,70,Vitamin Store,In Stock
Himalaya Guduchi | Strengthens Immunity | Tablets | 60 No'S,HIMALAYA,260.00,13,4.55,145,Vitamin Store,In Stock
Kapiva Dia Free Juice | 1l | Clinically Proven Diabetes Care | Amla | Karela | Jamun & 8 More,KAPIVA,562.00,0,4.27,113,Vitamin Store,In Stock
Selace Forte Strip Of 15 Softgel Capsules,SELACE,245.00,7,3.23,13,Vitamin Store,In Stock
Fair C 1000mg Orange Flavour Sugar Free Bottle Of 20 Tablets,FAIR,349.00,0,4.29,7,Vitamin Store,In Stock
Coq 30mg Strip Of 10 Capsules,COQ,540.00,13,4.09,86,Vitamin Store,In Stock
Ensure Diabetes Care Nutrition Drink Vanilla Delight Flavour Box 950 Gm,ENSURE,2105.00,5,4.28,50,Vitamin Store,In Stock
Multivite Gold Essential Vitamins & Minerals Tabgels For Adults 15 No'S,MULTIVITE,395.00,12,3.92,13,Vitamin Store,In Stock
Health Ok Multivitamin & Mineral Lemon Flavoured Tablets For Men 10 No'S,HEALTH OK,106.00,0,3.76,21,Vitamin Store,In Stock
Polybion Czs Active Defence | Vit B + Zinc | Supports Immunity | Strip Of 30 Tablets,POLYBION,209.17,15,4.57,14,Vitamin Store,In Stock
Wellwoman Hairfollic Strip Of 10 Tablets,WELLWOMAN,230.46,31,4,2,Vitamin Store,In Stock
Bon Dk 60k Strip Of 4 Capsules,BON DK,131.15,14,4.54,13,Vitamin Store,In Stock
Aimil Bgr 34 Bottle Of 100 Tablets,AIMIL,663.00,14,4.22,65,Vitamin Store,In Stock
Supradyn Immuno + Natural Ingredients Turmeric & Tulsi Strip Of 10 Tablets,SUPRADYN,100.00,13,4.25,16,Vitamin Store,In Stock
Tcud3 60k Strip Of 4 Capsules,TCU,131.54,0,3.33,3,Vitamin Store,In Stock
Coq Lc | Tablets | 10 No'S,COQ,1184.00,11,4.32,115,Vitamin Store,In Stock
Macprot Choco Belgian Chocolate Flavour Bottle Of 200gm Oral Powder,MACPROT,379.95,11,3.75,8,Vitamin Store,In Stock
Zincovit Cl Bottle Of 200ml Syrup,ZINCOVIT,169.07,0,3.33,9,Vitamin Store,In Stock
Ecod Omega Bottle Of 30 Capsules,ECOD,675.00,9,4.35,17,Vitamin Store,In Stock
Coq Forte | Capsules | 10 No'S,COQ,914.10,12,4.37,38,Vitamin Store,In Stock
Wow Life Science Omega 3 Capsules Bottle Of 60,WOW,1099.00,9,4.35,155,Vitamin Store,In Stock
D-Protin Chocolate Diabetes Care Powder Bottle Of 200 G,D-PROTIN,305.00,0,4.24,243,Vitamin Store,In Stock
Celevida Nutrition Drink For Diabetes Care & Immunity Support Kesar Elaichi | 400g | Tin,CELEVIDA,787.00,3,4.24,187,Vitamin Store,In Stock
Baidyanath Asli Ayurved Chyawanprash Special 950g + 100g Free,BAIDYANATH,410.00,20,4.26,444,Vitamin Store,In Stock
New I Site Plus Strip Of 10 Tablets,NEW I-SITE PLUS,289.00,7,4.23,31,Vitamin Store,In Stock
Protinules Pl Elaichi Flavour Bottle Of 200gm Powder,PROTINULES,468.05,15,3.75,4,Vitamin Store,In Stock
Maxirich Daily Multivitamin Bottle Of 30 Softgel Capsules,MAXIRICH,275.83,27,4.29,98,Vitamin Store,In Stock
Kapiva Himalayan Apple Cider Vinegar With Mother Vinegar 500ml | Unpasteurized And Undiluted,KAPIVA,299.00,5,4.07,44,Vitamin Store,In Stock
Astymin Forte Strip Of 15 Capsules (Pack Of 2),ASTYMIN,400.42,16,3.77,13,Vitamin Store,In Stock
Diataal Nutripop | Multivitamin Hair & Skin Energy & Immunity | For Fitness & Wellness | 15 Capsules,DIATAAL,111.23,29,4.22,49,Vitamin Store,In Stock
Macprot Sf Kesar Flavour Bottle Of 200gm Oral Powder,MACPROT,402.20,20,2.94,17,Vitamin Store,In Stock
Briyo Fish Oil Mini (450 Mg Size) -60 Softgels - 71.39% Omega 3 (320 Mg Omega 3) Per 450 Mg Capsule,BRIYO,570.00,28,Not found,17,Vitamin Store,In Stock
Prohance D Chocolate Diabetes Care Powder Sugar Free Jar Of 400 G,PROHANCE,808.13,6,4.38,147,Vitamin Store,In Stock
New Aminofit Strip Of 15 Soflets,AMINOFIT,411.00,9,4.33,6,Vitamin Store,In Stock
Pharmeasy Diabetic Protein Powder - Dutch Chocolate - Jar | 400 Gm (5 Gm Protein/Serving),PHARMEASY,889.00,45,3.76,117,Vitamin Store,In Stock
Prohance Hp (High Protein) | Vanilla Flavour | Jar | Oral Powder | 400 G,PROHANCE,1065.00,4,4.31,145,Vitamin Store,In Stock
Glutone 1000 Setria Glutathione & Vitamin C Effervescent Tablets - For Skin Glowing & Brightening,GLUTONE,2447.00,19,3.62,34,Vitamin Store,In Stock
Triomega Strip Of 15 Softgel Capsules,TRIOMEGA,265.00,12,3.8,5,Vitamin Store,In Stock
Zandu Kesari Jivan Fit For Diabetic Sugar Free Health Supplement 900gm,ZANDU,816.00,7,4.49,163,Vitamin Store,In Stock
Multivite Fm Omega Multivitamin With Multiminerals Supports Energy & Stamina Recovery 30 Tablets,MULTIVITE,139.00,7,4.33,6,Vitamin Store,In Stock
Multivite Woman Daily Health Supplement Softgels With Essential Vitamins & Minerals 15 Tabgels,MULTIVITE,325.00,9,4.8,10,Vitamin Store,In Stock
Fij Ayurveda Multivitamin Capsule With Vitamins | Minerals & Herbs - 60 Veg Capsules,FIJ AYURVEDA,999.00,50,Not found,10,Vitamin Store,In Stock
Lupin Vimpro Chocolate Flavour Jar Of 400gm Powder,VIMPRO,804.00,0,4.13,15,Vitamin Store,In Stock
Neurobion Alfa D | Nerve Health & Diabetic Neuropathy | Strip Of 10 Tablets,NEUROBION,241.50,14,4.08,25,Vitamin Store,In Stock
Nveda Calcium | Magnesium | Zinc | Vit D3 & Vit B 12 Tablets,NVEDA,400.00,25,4,7,Vitamin Store,In Stock
Ensure Diabetes Care Rich Chocolate Flavour Box 375 Gm,ENSURE,765.00,3,3.82,11,Vitamin Store,In Stock
Inlife Vitamin B12 1500 Mcg With B1 B5 B6 Folic Acid Inositol Supplements - 60 Tablets,INLIFE,559.00,19,3.71,14,Vitamin Store,In Stock
Menopace Strip Of 15 Capsules,MENOPACE,201.50,4,4.4,5,Vitamin Store,In Stock
Baidyanath Asli Ayurved Chyawanprash Special 500 Gm,BAIDYANATH,235.00,0,4.41,256,Vitamin Store,In Stock
Baidyanath Asli Ayurved Ashwagandha Tablet - 60 Tablets | Immunity And Strength,BAIDYANATH,180.00,1,4.56,9,Vitamin Store,In Stock
D-Protin Vanilla Flavour Sugar Free Diabetes Care Powder Bottle Of 200gm,D-PROTIN,305.00,4,4.24,327,Vitamin Store,In Stock
Polybion Lc Mango Flavour | Double Benefit Formula For Recovery & Appetite| 150 Ml,POLYBION,142.35,0,4.27,11,Vitamin Store,In Stock
Reunion Strip Of 10 Tablets,REUNION,395.56,9,4.46,13,Vitamin Store,In Stock
Himalaya Ayurslim | For Weight Management | Capsules | 60 No'S,HIMALAYA,318.00,11,3.94,47,Vitamin Store,In Stock
Revital Cal 500mg Strip Of 15 Tablets,REVITAL,133.00,6,4.5,6,Vitamin Store,In Stock
Tcud3 Nano Sugar Free Bottle Of 5ml Oral Solution,TCUD3,73.73,40,4.21,14,Vitamin Store,In Stock
Tendoease Strip Of 10 Tablets,TENDOEASE,238.00,9,4.48,25,Vitamin Store,In Stock
Lamino Gi Cherry Flavour Sugar Free Tin Of 200gm Powder,LAMINO,457.37,4,4.83,6,Vitamin Store,In Stock
Primosa Boost Multivitamin Nutritional Supplement For Women With Pms & Mastalgia 10 Softgels,PRIMOSA,472.00,10,3,3,Vitamin Store,In Stock
Baidyanath Asli Ayurved Ashwagandharista | Bottle | 450 Ml,BAIDYANATH,245.00,12,4.31,42,Vitamin Store,In Stock
Seacod Cod Liver Oil Omega-3 Vitamins A And D Supports Immunity Heart Brain Joint Health 60 Ml,SEACOD,293.00,5,3.79,85,Vitamin Store,In Stock
Baidyanath Kesari Kalp Royal Chyawanprash - Promotes Vitality Strength & Stamina In Adults - 1kg,BAIDYANATH,785.00,14,4.39,285,Vitamin Store,In Stock
Shelcal Pro | Adults | Calcium & Vitamin D3 | Lemon Orange & Mixed Berries | Sugar Free | 30 Gummies,SHELCAL,489.41,0,3.83,6,Vitamin Store,In Stock
Charak Hyponidd Tablet,CHARAK,146.00,6,4.61,66,Vitamin Store,In Stock
Himalaya Platenza | Tablets | 20 No'S,HIMALAYA,201.00,9,4.29,42,Vitamin Store,In Stock
Escor Z Effervescent Tablets Orange Flavor - 20 Tablets,ESCOR Z,422.65,15,3.73,22,Vitamin Store,In Stock
Livogen Tonic | The Complete Health Tonic | 9-In-1 Benefit Formula | 200 Ml,LIVOGEN,186.56,11,4,29,Vitamin Store,In Stock
Havglo Strip Of 10 Tablets,HAVGLO,700.00,13,4.31,13,Vitamin Store,In Stock
Himalaya Shatavari | For Women | Promotes Lactation | Tablets | 60 No'S,HIMALAYA,300.00,13,4.39,38,Vitamin Store,In Stock
Hyperneb 3% Respules 4 Ml,HYPERNEB,22.45,0,4.17,12,Vitamin Store,In Stock
Himalaya Amalaki | Tablets | 60 No'S,HIMALAYA,295.00,13,4.25,8,Vitamin Store,In Stock
Nutrabay Wellness Fish Oil Omega 3 - 1000mg - 60 Capsules,NUTRABAY,349.00,20,3.8,15,Vitamin Store,In Stock
Polybion Lc Mango Flavour | Double Benefit Formula For Recovery & Appetite| 300 Ml,POLYBION,286.42,0,4.75,4,Vitamin Store,In Stock
Baidyanath Asli Ayurved Shatavari Granules | 500 Gm | Natural Galactagogue,BAIDYANATH,328.00,10,4.75,4,Vitamin Store,In Stock
Trichoton Strip Of 10 Tablets,TRICHOTON,167.81,15,3.6,5,Vitamin Store,In Stock
Bon Dk Shot Sugarfree Vitamin D3 Oral Solution (8 Shots- 5ml Each) Pineapple Flavour (8 X 5 Ml),BON,852.00,9,4.14,7,Vitamin Store,In Stock
Healthyhey Nutrition Collagen Gold Series With Biotin& Vit.C 200g Cranberry,HEALTHYHEY NUTRITION,2219.00,54,Not found,7,Vitamin Store,In Stock
Dr. Morepen Omega 3 Deep Sea Fish Oil Triple Strength | 1250mg With 900mg Dha & Epa | 60 Softgels,DR. MOREPEN,975.00,32,3.92,25,Vitamin Store,In Stock
Nutrabay Gold 100% Whey Protein Isolate Vanilla Ice Cream - 2kg,NUTRABAY,10569.00,14,Not found,25,Vitamin Store,In Stock
Nutrabay Gold Tri-Blend Whey Protein Strawberry Milkshake - 1kg,NUTRABAY,3859.00,14,Not found,25,Vitamin Store,In Stock
Baidyanath Asli Ayurved Chyawanprash | Jar | 500 Gm,BAIDYANATH,235.00,26,4.14,21,Vitamin Store,In Stock
Ferradol Health And Food Supplement With Iron | Vitamins | Calcium And Zinc -450gm,FERRADOL,370.17,18,4.46,85,Vitamin Store,In Stock
Endura Mass Chocolate Flavour - 500g,ENDURA MASS,666.48,2,4.37,63,Vitamin Store,In Stock
Baidyanath Asli Ayurved Chyawanprash Special 950g + 100g Free Immunity Booster | Overall Health,BAIDYANATH,395.00,4,4.5,26,Vitamin Store,In Stock
Purna Gummies Complete Beauty Multivitamin Strawberry Gummies - 30,PURNA GUMMIES,499.00,0,4.25,4,Vitamin Store,In Stock
Kapiva Dia Free Juice | 1l |Diabetes Care | Amla | Karela | Jamun & 8 More (2 Pack),KAPIVA,1124.00,8,3.93,15,Vitamin Store,In Stock
Celevida Nutrition Drink For Diabetes Care & Immunity Support Chocolate | 400g,CELEVIDA,787.00,0,3.98,52,Vitamin Store,In Stock
Seacod Cod Liver Oil 300mg With Omega 3 | Vitamin A & D For Kids & Adults | 500 Softgels,SEACOD,1399.00,25,3,36,Vitamin Store,In Stock
Zandu Kesari Jivan Nutrition Bottle Of 900 G,ZANDU,825.00,6,4,67,Vitamin Store,In Stock
Inlife Vitamin B12 With Alpha Lipoic Acid | Folic Acid | Inositol | B1 | B5 & B6 - 120 Tablets,INLIFE,799.00,37,4,5,Vitamin Store,In Stock
Astymin C Bottle Of 15ml Drops,ASTYMIN,96.99,0,Not found,5,Vitamin Store,In Stock
Glutone C Bottle Of 15 Effervescent Tablets,GLUTONE,1753.00,9,4.25,8,Vitamin Store,In Stock
Himalaya Vrikshamla | Manages Weight | Tablets | 60 No'S,HIMALAYA,325.00,10,4.55,11,Vitamin Store,In Stock
Oziva Plant Based Hair Vitamins 60 Capsules | Hair Vitamins For Hair Growth,OZIVA,849.00,4,3.28,18,Vitamin Store,In Stock
"Nutrabay Pro Cla (Conjugated Linoleic Acid) | Burns Fat, Boosts Metabolism | 1000mg - 60 Veg Tablets",NUTRABAY,499.00,20,Not found,18,Vitamin Store,In Stock
"Bliss Welness Vitamin D3 & K2 For Support Immunity, Bone&Heart Supplement|For Men&Women - 60 Tablets",BLISS WELNESS,599.00,33,Not found,18,Vitamin Store,In Stock
50 Fit Strip Of 10 Capsules,50 FIT,209.48,11,5,1,Vitamin Store,In Stock
Protinex Diabetes Care Vanilla Flavour 200g Nutrition Drink For Adults To Control Blood Sugar,PROTINEX,360.00,0,4.25,12,Vitamin Store,In Stock
Baidyanath Kesari Kalp Royal Chyawanprash - Promotes Vitality Strength & Stamina In Adults - 500g,BAIDYANATH,500.00,7,4.41,170,Vitamin Store,In Stock
Macprot Junior Chocolate Flavour Bottle Of 200gm Powder,MACPROT,452.92,4,2.8,5,Vitamin Store,In Stock
Dr. Morepen Cod Liver Oil | Heart Brain & Joints | Softgel | 100 No'S,DR. MOREPEN,599.00,41,3.87,15,Vitamin Store,In Stock
Nveda Omega-3 Fish Oil | 60 Softgels,NVEDA,600.00,39,3.67,3,Vitamin Store,In Stock
Vansaar 45+ Diab Balance Juice Bottle Of 1 Ltr,VANSAAR,599.00,16,4.4,5,Vitamin Store,In Stock
Arachitol Kids 400iu/0.5ml Pineapple Flavour Bottle Of 15ml Solution,ARACHITOL,199.28,8,4.4,15,Vitamin Store,In Stock
Polybion Active Mango | Sugar-Free | Builds Imunity | Stimulates Appetite | 150 Ml,POLYBION,168.78,0,3.4,5,Vitamin Store,In Stock
Oxitard Strip Of 10 Capsules,OXITARD,126.00,6,4.8,5,Vitamin Store,In Stock
Inlife Prebiotics And Probiotics Supplement For Men Women - 60 Capsules,INLIFE,619.00,27,3.27,11,Vitamin Store,In Stock
Baidyanath Asli Ayurved Arjunamrita | Vital Tonic For Health Living | Bottle | 450 Ml,BAIDYANATH,278.00,13,2.89,9,Vitamin Store,In Stock
Inlife Iron Folic Acid Supplement (60 Tablets),INLIFE,439.00,20,Not found,9,Vitamin Store,In Stock
Curcon Czs Strip Of 10 Tablets,CURCON,166.84,12,Not found,9,Vitamin Store,In Stock
Dhootapapeshwar Swamala Compound - 1kg,DHOOTAPAPESHWAR,5250.00,27,4.37,38,Vitamin Store,In Stock
Himalaya Tulasi | Relives Cough And Cold | Tablets | 60 No'S,HIMALAYA,240.00,18,4.1,41,Vitamin Store,In Stock
Himalaya Immusante | Tablets | 20 No'S,HIMALAYA,135.94,13,4.67,21,Vitamin Store,In Stock
Wellman Hairfollic  Hair Supplement Tablets  Box Of 30,WELLMAN,798.00,24,3.28,32,Vitamin Store,In Stock
Oziva Plant Based Biotin Xtra Capsules (With Keratin Builder) For Hair Repair & Regen(60 Capsules),OZIVA,699.00,14,4.5,4,Vitamin Store,In Stock
Himalaya Meshashringi | Regulates Carbohydrate Metabolism | Tablets | 60 No'S,HIMALAYA,275.00,4,4.4,25,Vitamin Store,In Stock
Inlife Magnesium Glycinate Supplement 110mg With Zinc 10mg Relaxation Healthy Muscle - 120 Capsules,INLIFE,1069.00,34,4,5,Vitamin Store,In Stock
Pedigree Biscrok With Chicken 900 Gm,PEDIGREE,330.00,5,Not found,5,Pet Care,In Stock
Whiskas Kitten Mackerel 1.1kg,WHISKAS,475.00,5,Not found,5,Pet Care,In Stock
Inlife Milk Thistle Capsules For Dogs & Cats | Liver Detox & Kidney Health | 400mg - 60 Veg Capsules,INLIFE,879.00,43,Not found,5,Pet Care,In Stock
Pawcloud Dog Folding Poop Scooper Pet Potty Picker Large - 24 Inch Color May Vary,PAWCLOUD,850.00,0,Not found,5,Pet Care,In Stock
Himalaya Freshcoat Spray - 400ml,HIMALAYA,560.00,5,Not found,5,Pet Care,In Stock
Royal Canin Giant Pellet Dog Food For Puppy | Meat Flavour | 15 Kg,ROYAL CANIN,12370.00,5,Not found,5,Pet Care,In Stock
Letsshave Ez-Wizzy Pet Trimmer For Dogs & Cats,LETSSHAVE,2999.00,0,Not found,5,Pet Care,In Stock
Puppee Wipe Me 96pcs Pet Wet Wipes (Pack Of 2) With Lavender Essential | Vitamin E & Olive Oil,PARAMOUNT,249.00,22,Not found,5,Pet Care,In Stock
Puppee Wipe Me 288pcs Pet Wet Wipes (Pack Of 6) With Lavender Essential | Vitamin E & Olive Oil,PARAMOUNT,1494.00,64,Not found,5,Pet Care,In Stock
Puppee Wipe Me 144pcs Pet Wet Wipes (Pack Of 3) With Lavender Essential | Vitamin E & Olive Oil,PARAMOUNT,747.00,67,Not found,5,Pet Care,In Stock
Puppee Wipe Me 200pcs Pet Wet Wipes (Pack Of 2) With Lavender Essential | Vitamin E & Olive Oil,PARAMOUNT,1198.00,38,Not found,5,Pet Care,In Stock
"Inlife Multivitamin For Dog | Ginseng, Prebiotic, Probiotic Multivitamins, Zinc & Biotin, 60 Tablets",INLIFE,619.00,27,Not found,5,Pet Care,In Stock
Puppee Wipe Me 240pcs Pet Wet Wipes (Pack Of 5) With Lavender Essential | Vitamin E & Olive Oil,PARAMOUNT,1245.00,62,Not found,5,Pet Care,In Stock
Puppee Wipe Me 576pcs Pet Wet Wipes (Pack Of 12) With Lavender Essential | Vitamin E & Olive Oil,PARAMOUNT,2988.00,64,Not found,5,Pet Care,In Stock
Captain Zack Signature Ultra Soft Pet Towel For Dogs And Cats 200g,CAPTAIN ZACK,299.00,0,Not found,5,Pet Care,In Stock
Puppee Wipe Me 100pcs Pet Wet Wipes (Pack Of 1) With Lavender Essential | Vitamin E & Olive Oil,PARAMOUNT,599.00,35,Not found,5,Pet Care,In Stock
Farmina N&D Ocean Puppy Med/Maxi Dog Food | 12kg,FARMINA PET FOODS,12250.00,5,Not found,5,Pet Care,In Stock
Farmina N&D Prime Kitten Food | Grain-Free | Chicken & Pomegranate | 5kg,FARMINA PET FOODS,6950.00,5,Not found,5,Pet Care,In Stock
Fhn Kitten Sterilised 1.2kg,ROYAL CANIN,1440.00,5,Not found,5,Pet Care,In Stock
Farmina N&D Pumpkin Puppy Medium/Maxi Dog Food | Chicken | Pumpkin & Pomegranate | 12kg,FARMINA PET FOODS,11650.00,5,Not found,5,Pet Care,In Stock
Letsshave Ez-Wizzy Pet Trimmer For Dogs & Cats,LETSSHAVE,2999.00,0,Not found,5,Pet Care,In Stock
Royal Canin Renal Feline | 2 Kg,ROYAL CANIN,2750.00,5,Not found,5,Pet Care,In Stock
Farmina Pet Foods N&D Grain Free Chicken & Pomegranate Cat Food | Pocket Deo For Dogs Free | 5 Kg,FARMINA PET FOODS,6950.00,5,Not found,5,Pet Care,In Stock
Purina Pro Plan Puppy Food For Large Sized Dogs-15 Kg | Pebbles,PURINA,11500.00,5,Not found,5,Pet Care,In Stock
Royal Canin Maxi Starter Dog Food 1 Kg,ROYAL CANIN MAXI STARTER,1120.00,5,Not found,5,Pet Care,In Stock
Farmina N&D Ocean Puppy Med/Maxi Dog Food | 12kg,FARMINA PET FOODS,12250.00,5,Not found,5,Pet Care,In Stock
Farmina N&D Pumpkin Starter Puppy Dog Food | Chicken | Pumpkin & Pomegranate | 0.8kg,FARMINA PET FOODS,1050.00,5,Not found,5,Pet Care,In Stock
Farmina N&D Pumpkin Puppy Med/Maxi Dog Food | Lamb | Blueberry & Pumpkin | 12kg,FARMINA PET FOODS,12250.00,5,Not found,5,Pet Care,In Stock
Bakson Veterinary Coat Friendly Shampoo Paraben Free With Arnica & Calendula Extract For Dogs 250 Ml,BAKSON VETERINARY,266.00,19,Not found,5,Pet Care,In Stock
Bakson Veterinary Simbites Chicken Rice With Veggies Wet Food For Dogs 300 Gm,BAKSON VETERINARY,300.00,20,Not found,5,Pet Care,In Stock
Bakson Veterinary Simbites Chicken Rice With Veggies Wet Food For Dogs 150 Gm (Pack Of 6),BAKSON VETERINARY,900.00,20,Not found,5,Pet Care,In Stock
Zoetis Simparica Trio (Sarolaner) Tick And Flea Control Tablet For Dogs | 10-20kg | 1 Tablet,ZOETIS,2058.00,5,Not found,5,Pet Care,In Stock
Zoetis Simparica Trio (Sarolaner) Tick And Flea Control Tablet For Dogs | 20-40kg | 1 Tablet,ZOETIS,2264.00,5,Not found,5,Pet Care,In Stock
Bakson Veterinary Tick & Flea Medicated Shampoo| Paraben Free | For Dogs & Cats 500 Ml,BAKSON VETERINARY,444.00,20,Not found,5,Pet Care,In Stock
Zoetis Simparica Trio (Sarolaner) Tick And Flea Control Tablet For Dogs | 2.5-5kg | 1 Tablet,ZOETIS,1852.00,5,Not found,5,Pet Care,In Stock
Bakson Veterinary Simbites Chicken Rice With Veggies Wet Food For Dogs 150 Gm (Pack Of 12),BAKSON VETERINARY,1800.00,20,Not found,5,Pet Care,In Stock
Bakson Veterinary Anti Itching Oatmeal Shampoo With Aloe Vera Paraben Free For Dogs 250 Ml,BAKSON VETERINARY,355.00,20,Not found,5,Pet Care,In Stock
Savavet Kiwof Plus Dog Deworming Tablet | Pack Of 10,KIWOF,497.00,5,Not found,5,Pet Care,In Stock
Bakson Veterinary Coat Friendly Conditioner With Hibiscus & Jatamansi For Pets 200 Ml,BAKSON VETERINARY,300.00,20,Not found,5,Pet Care,In Stock
Bakson Veterinary Gentle Shampoo Aromatic Lavender Paraben Free For Puppies 250 Ml,BAKSON VETERINARY,266.00,18,Not found,5,Pet Care,In Stock
Dr Bakshi'S Bakson Homoeopathy | Immuno Aid Drops | For Veterinary Use | Bottle Of 30 Ml,BAKSON VETERINARY,234.00,20,Not found,5,Pet Care,In Stock
Bravecto 500mg (Fluralaner) Dog Tick & Flea Control Tablet | 10 To 20 Kg | 1 Tablet,ZOETIS,2063.00,5,Not found,5,Pet Care,In Stock
Bakson Veterinary All In One Shampoo With Tea Tree Oil Neem& Amla Paraben Free Shampoo 500 Ml,BAKSON VETERINARY,444.00,20,Not found,5,Pet Care,In Stock
Bakson Veterinary Simbites Chicken Rice With Veggies Wet Food For Dogs 300 Gm (Pack Of 12),BAKSON VETERINARY,3600.00,20,Not found,5,Pet Care,In Stock
Bakson Veterinary Tick & Flea Medicated Shampoo| Paraben Free | For Dogs & Cats 250 Ml,BAKSON VETERINARY,266.00,19,Not found,5,Pet Care,In Stock
Bakson Veterinary Simbites Chicken Rice With Veggies Wet Food For Dogs 150 Gm,BAKSON VETERINARY,150.00,20,Not found,5,Pet Care,In Stock
Bravecto 1000mg (Fluralaner) Dog Tick & Flea Control Tablet | 20-40kg | 1 Tablet,BRAVECTO,2063.00,5,Not found,5,Pet Care,In Stock
Bravecto 112.5mg (Fluralaner) Dog Tick & Flea Control Tablet | 2-4.5kg | 1 Tablet,ZOETIS,1875.00,5,Not found,5,Pet Care,In Stock
Zoetis Simparica Trio (Sarolaner) Tick And Flea Control Tablet For Dogs | 5-10kg | 1 Tablet,ZOETIS,1955.00,5,Not found,5,Pet Care,In Stock
Bakson Veterinary All In One Shampoo With Tea Tree Oil Neem& Amla Paraben Free Shampoo 250 Ml,BAKSON VETERINARY,266.00,18,Not found,5,Pet Care,In Stock
Bakson Veterinary Coat Friendly Shampoo Paraben Free With Arnica & Calendula Extract For Dogs 500 Ml,BAKSON VETERINARY,444.00,20,Not found,5,Pet Care,In Stock
Zoetis Simparica Trio (Sarolaner) Tick And Flea Control Tablet For Dogs | 40-60kg | 1 Tablet,ZOETIS,1852.00,5,Not found,5,Pet Care,In Stock
Pedigree Dog Food Puppy Chicken & Milk 1.2 Kg,PEDIGREE,365.00,5,Not found,5,Pet Care,In Stock
Aziqine Animal Wound And Dressing Film Forming Gel (50gm),AZISTA,306.00,10,5,2,Pet Care,In Stock
Pedigree Dog Food Adult Meat & Rice 1.2 Kg,PEDIGREE,340.00,5,Not found,2,Pet Care,In Stock
Letsshave Ez-Wizzy Pet Trimmer For Dogs & Other Hairy Animals,LETSSHAVE,3499.00,0,Not found,2,Pet Care,In Stock
Sheba Rich Premium Adult (1+ Years) Wet Cat Food | Fish With Sasami Flavour | 35 G,SHEBA,600.00,5,Not found,2,Pet Care,In Stock
Drools Adult Dry Dog Food Chicken And Egg | 3kg With Free 1.2kg | Total 4.2 Kg Pack,DROOLS,885.00,5,Not found,2,Pet Care,In Stock
Farmina N&D Quinoa Dog Duck Broccoli Asparagus Adult Medium/Maxi Neutered 2.5 Kg,FARMINA PET FOODS,3980.00,5,Not found,2,Pet Care,In Stock
Royal Canin Mother & Babycat Food For Stage 2 Kittens | 2 Kg | Dry Food,ROYAL CANIN,2520.00,5,Not found,2,Pet Care,In Stock
Pedigree Tasty Jerky Dog Treat | Grilled Liver Flavour | 70 G X 12 | Jerky-Style Treats For Bonding,PEDIGREE,2040.00,5,Not found,2,Pet Care,In Stock
Purina Pro Plan Puppy Kibble Food For Large Sized Dogs | 3kg Pack,PURINA,2730.00,5,Not found,2,Pet Care,In Stock
Royal Canin Persian Adult Cat Food | 1 Kg | Dry Food,ROYAL CANIN,1390.00,5,Not found,2,Pet Care,In Stock
Temptations Crunchy Cat Treats | Savoury Salmon Flavour | 85 G (Pack Of 12),TEMPTATIONS,1800.00,5,Not found,2,Pet Care,In Stock
Orijen Puppy Dry Dog Food | Grain Free Dry Dog Food For Puppies | Fresh Or Raw Ingredients | 11.4 Kg,ORIJEN,12999.00,5,Not found,2,Pet Care,In Stock
Sheba Fine Premium Adult (1+ Years) Wet Cat Food | Chicken With Tuna In Gravy | 70 G (Pack Of 28),SHEBA,2240.00,5,2,1,Pet Care,In Stock
Kitty Yums Kitten(1-12 Months) Dry Cat Food | Ocean Fish | 7kg Pack,KITTY YUMS,2200.00,5,Not found,1,Pet Care,In Stock
Carniwel Fresh Fish & Shrimp Kitten Dry Cat Food 3 Kg | Fresh & Natural Ingredients,CARNIWEL,1737.00,5,Not found,1,Pet Care,In Stock
Farmina N&D Ancestral Grain Puppy Medium Maxi Dog Food | Chicken | Spelt | Oats & Pomegranate 2.5kg,FARMINA PET FOODS,2690.00,5,Not found,1,Pet Care,In Stock
Carniwel Fresh Lamb Puppy Dry Dog Food 3 Kg | Natural Ingredients For Healthy Skin & Coat,CARNIWEL,2304.00,5,Not found,1,Pet Care,In Stock
Farmina Vet Life Hypoallergenic Fish And Potato Canine Formula | 2 Kg,FARMINA PET FOODS,2750.00,5,Not found,1,Pet Care,In Stock
Royal Canin Hairball Control Gravy Salsa Sas Pouch - (Pack Of 12),ROYAL CANIN,1440.00,5,Not found,1,Pet Care,In Stock
Royal Canin Medium Puppy Food | 1 Kg | Dry Food | Supports Digestive Health & Immune System,ROYAL CANIN,1080.00,5,Not found,1,Pet Care,In Stock
Pedigree Puppy Wet Dog Food | Chicken Liver In Loaf With Vegetables | 70 G (Pack Of 30),PEDIGREE,1500.00,5,Not found,1,Pet Care,In Stock
Royal Canin Instinctive | Adult Cat Food | 85 Grams | Pack Of 12 Sachet | Wet Food,ROYAL CANIN,1440.00,5,Not found,1,Pet Care,In Stock
Paw Joy Dog Chew Sticks Munchy Stick Mix Flavours Dogs Snacks | 250+250+250g | Chciken Mut & Natural,PAW JOY,2599.00,89,Not found,1,Pet Care,In Stock
Royal Canin Maxi Digestive Care Dog Food | 3 Kg | Dry Food | Helps In Improving Stool Quality,ROYAL CANIN,3670.00,5,Not found,1,Pet Care,In Stock
Royal Canin Golden Retriver Adult Dog Food | 3 Kg | Dry Food,ROYAL CANIN,3210.00,5,Not found,1,Pet Care,In Stock
Sheba Deluxe Premium Adult (1+ Years) Wet Cat Food | Succulent Chicken Breast In Gravy | 4 X 85 G,SHEBA,440.00,5,Not found,1,Pet Care,In Stock
Carniwel Fresh Fish & Shrimp Kitten Dry Cat Food 10 Kg | Fresh & Natural Ingredients,CARNIWEL,5409.00,5,Not found,1,Pet Care,In Stock
Whiskas Adult (1+ Years) Dry Cat Food | Ocean Fish Flavour | 20 Kg,WHISKAS,5500.00,5,Not found,1,Pet Care,In Stock
Pedigree Dentastix Oral Care Dog Treat | Adult Large Breed (25+ Kg) | 270 G,PEDIGREE,280.00,3,Not found,1,Pet Care,In Stock
Palamountains Bone & Joint Supplement For Dogs | 300ml,PALAMOUNTAINS,2025.00,5,Not found,1,Pet Care,In Stock
Matisse Farmina Pet Foods Dry Cat Food | Adult | 1.5-Kg | Salmon And Tuna (Pack Of 1),MATISSE,1550.00,5,Not found,1,Pet Care,In Stock
Pedigree Pro Mother & Pup Starter Large Breed | 10 Kg Dry Dog Food | Vet Trusted Brand (3-12 Weeks),PEDIGREE,4680.00,5,Not found,1,Pet Care,In Stock
Royal Canin Baby Pellet Dog Food Mini Starter | Meat | 1 Kg,ROYAL CANIN,1170.00,5,Not found,1,Pet Care,In Stock
Paw Joy Dog Chew Sticks | Munchy Stick | Mix Flavours Dogs Snacks | Treats | All Life Stages | 250gm,PAW JOY,2999.00,93,Not found,1,Pet Care,In Stock
Sheba Rich Premium Adult (1+ Years) Wet Cat Food | Skipjack & Salmon Flavour | 12 X 35 G,SHEBA,600.00,5,Not found,1,Pet Care,In Stock
Pedigree Pro Adult Large Breed | 20 Kg Dry Dog Food | Vet Trusted Brand (18 Months Onwards),PEDIGREE,6930.00,5,Not found,1,Pet Care,In Stock
Sheba Rich Premium Adult (1+ Years) Wet Cat Food | Fish With Sasami Flavour | 35 G,SHEBA,600.00,5,Not found,1,Pet Care,In Stock
Drools Adult Dry Dog Food Chicken And Egg | 3kg With Free 1.2kg | Total 4.2 Kg Pack,DROOLS,885.00,5,Not found,1,Pet Care,In Stock
Farmina N&D Quinoa Dog Duck Broccoli Asparagus Adult Medium/Maxi Neutered 2.5 Kg,FARMINA PET FOODS,3980.00,5,Not found,1,Pet Care,In Stock
Royal Canin Mother & Babycat Food For Stage 2 Kittens | 2 Kg | Dry Food,ROYAL CANIN,2520.00,5,Not found,1,Pet Care,In Stock
Paw Joy Dog Chew Sticks Munchy Stick Mix Flavours Dogs Snacks | (250 +250 Gms | Mutton + Natural),PAW JOY,999.00,70,Not found,1,Pet Care,In Stock
Paw Joy Dog Chew Stick | Dog Munchies | 10 Kg | Mix Flavour,PAW JOY,4999.00,60,Not found,1,Pet Care,In Stock
Sheba Fine Premium Adult (1+ Years) Wet Cat Food | Tuna Pumpkin & Carrot In Gravy | 28 X 70 G,SHEBA,2240.00,5,Not found,1,Pet Care,In Stock
Sheba Fine Premium Adult (1+ Years) Wet Cat Food | Tuna Pumpkin & Carrot In Gravy | 14 X 70 G,SHEBA,1120.00,5,Not found,1,Pet Care,In Stock
Drools Cat Lickable Creamy Treats Crab & Chicken For All Life Stages 25pcs Pack | 375g Pack,DROOLS,480.00,5,Not found,1,Pet Care,In Stock
Sheba Deluxe Premium Adult (1+ Years) Wet Cat Food | Tuna And Prawns In Gravy | 85 G (Pack Of 24),SHEBA,2640.00,5,Not found,1,Pet Care,In Stock
Purina Supercoat Adult Dry Dog Food | Chicken- 10kg Pack,PURINA,2650.00,5,Not found,1,Pet Care,In Stock
Royal Canin Labrador Retriever Adult Dog Food | 3 Kg | Dry Food,ROYAL CANIN,3190.00,5,Not found,1,Pet Care,In Stock
Himalaya Erina Plus Coat Cleanser With Conditioner - 200ml,HIMALAYA,346.00,4,Not found,1,Pet Care,In Stock
Himalaya Erina Ep Shampoo | 450 Ml | Tick & Flea Control For Dogs & Cats,HIMALAYA,590.00,5,Not found,1,Pet Care,In Stock
Drools Adult Dry Dog Food 4.2kg,DROOLS,885.00,5,Not found,1,Pet Care,In Stock
Whiskas Adult Tuna Flavour 7 Kg Pouch,WHISKAS,2180.00,5,Not found,1,Pet Care,In Stock
Acana Classic Prairie Poultry Dry Dog Food | Grain Free Dog Food For All Life Stages | 9.7 Kg,ACANA,7999.00,5,Not found,1,Pet Care,In Stock
Royal Canin Rottweiler Adult Dog Food | 3 Kg | Dry Food,ROYAL CANIN,3180.00,5,Not found,1,Pet Care,In Stock
Farmina Matisse Chicken & Rice Cat Food | Complete & Balanced Nutrition | For Adult Cats | 1.5kg,FARMINA PET FOODS,1550.00,5,Not found,1,Pet Care,In Stock
Canine Creek Club Ultra Premium Dry Dog Food For All Lifestages | 20 Kg Pack,CANINE CREEK,4599.00,5,Not found,1,Pet Care,In Stock
Royal Canin Mini Puppy Food | 4 Kg | Dry Food | Supports Immune System | Brain Development,ROYAL CANIN,4310.00,5,Not found,1,Pet Care,In Stock
Paw Joy Dog Chew Sticks Munchy Stick Mix Flavours Dogs Snacks | (500 + 500 Gms | Chicken + Natural),PAW JOY,2999.00,90,Not found,1,Pet Care,In Stock
Royal Canin Fit 32 Regular Powder Adult Cat Food | 2 Kg | Dry Food | Supports Weight Management,ROYAL CANIN,2110.00,5,Not found,1,Pet Care,In Stock
Farmina Pet Foods Vet Life Cat Gastrointestinal 2 Kg - Adult | Granule,FARMINA PET FOODS,2750.00,5,Not found,1,Pet Care,In Stock
Acana Adult Large Breed Dry Dog Food | Grain Free Dog Food For All Life Stages | 11.4 Kg,ACANA,10499.00,5,Not found,1,Pet Care,In Stock
Royal Canin Labrador Retriever | Dog Food | 12 Kg | Dry Food,ROYAL CANIN,11570.00,5,Not found,1,Pet Care,In Stock
Pedigree Adult Dry Dog Food | Chicken | Egg & Rice | 20 Kg | Contains 37 Essential Nutrients,PEDIGREE,4970.00,5,Not found,1,Pet Care,In Stock
Royal Canin Fit 32 Regular Powder Adult Cat Food | 4 Kg | Dry Food | Supports Weight Management,ROYAL CANIN,4060.00,5,Not found,1,Pet Care,In Stock
Whiskas Adult (1+ Years)) Wet Cat Food | Tuna In Jelly | 80 G (Pack Of 56),WHISKAS,2800.00,5,Not found,1,Pet Care,In Stock
Temptations Crunchy Cat Treats | Tasty Chicken Flavour | 85 G (Pack Of 12),TEMPTATIONS,1800.00,4,Not found,1,Pet Care,In Stock
Carniwel Fresh Lamb Puppy Dry Dog Food 3 Kg | Natural Ingredients,CARNIWEL,2304.00,5,Not found,1,Pet Care,In Stock
Royal Canin Satiety Support Adult Dog Food Flake | 12 Kg,ROYAL CANIN,13900.00,5,Not found,1,Pet Care,In Stock
Acana Grass-Fed Lamb Dry Dog Food | Grain Free Dog Food For All Life Stages | 6 Kg,ACANA,7999.00,5,Not found,1,Pet Care,In Stock
Orijen Puppy Dry Dog Food | Grain Free Dry Dog Food For Puppies | Fresh Or Raw Ingredients | 2 Kg,ORIJEN,3399.00,5,Not found,1,Pet Care,In Stock
Farmina N&D Ancestral Grain Starter Puppy Dog Food | Up To 2 Months | 12kg,FARMINA PET FOODS,10850.00,5,Not found,1,Pet Care,In Stock
Paw Joy Dog Biscuits | Bone Shaped Treats | 1000g | All Breed Sizes | All Life Stages (Pack Of 5),PAW JOY,3999.00,56,Not found,1,Pet Care,In Stock
Royal Canin Urinary Care For Adult Cats | 85 Grams | Pack Of 12 Sachet | Wet Food,ROYAL CANIN,1560.00,5,Not found,1,Pet Care,In Stock
Paw Joy Dog Chew Bone 3 Inches | 500 Grams | 14 Pcs Chicken Flavour | Dog Treats | For Small Dogs,PAW JOY,2999.00,90,Not found,1,Pet Care,In Stock
Himalaya Erina Plus Coat Cleanser With Conditioner - 200ml,HIMALAYA,346.00,4,Not found,1,Pet Care,In Stock
Royal Canin Maxi Puppy Food For Stage 3 | 104 Grams | Pack Of 10 Sachet | Wet Food,ROYAL CANIN,1700.00,5,Not found,1,Pet Care,In Stock
Royal Canin Renal With Tuna Feline (Pack Of 12),ROYAL CANIN,1980.00,5,Not found,1,Pet Care,In Stock
Acana Puppy Large Breed Dry Dog Food | Grain Free Dry Dog Food For Puppies | 17 Kg,ACANA,14499.00,5,Not found,1,Pet Care,In Stock
Purina Friskies Seafood Sensations Adult Dry Cat Food | 6kg,PURINA,2499.00,5,Not found,1,Pet Care,In Stock
Paw Joy Rawhide Dog Chew Bone 5 Inches | Chicken Flavour | Dog Treats | 2 Kg,PAW JOY,2999.00,73,Not found,1,Pet Care,In Stock
Carniwel Fresh Lamb Adult Dry Dog Food 10 Kg | Natural Ingredients,CARNIWEL,6264.00,5,Not found,1,Pet Care,In Stock
Paw Joy Dog Chciken Biscuits 1kg For Adult Puppy All Breed,PAW JOY,380.00,5,Not found,1,Pet Care,In Stock
Royal Canin Mini Adult Dog Food | 8 Kg | Dry Food | Supports Weight Management & Digestive Health,ROYAL CANIN,6660.00,5,Not found,1,Pet Care,In Stock
Royal Canin Maxi Adult Dog Food | 4 Kg | Dry Food | Supports Digestive Health & Optimal Health,ROYAL CANIN,3610.00,5,Not found,1,Pet Care,In Stock
Farmina N&D Pumpkin Adult Medium/Maxi Dog Food | Lamb | Blueberry & Pumpkin | 2.5kg,FARMINA PET FOODS,3220.00,5,Not found,1,Pet Care,In Stock
Purrfeto Adult Wet Cat Food | Tuna Platter In Jelly |80 Gms (Pack Of 12),PURRFETO,600.00,5,Not found,1,Pet Care,In Stock
Farmina Pet Foods Ancestral Grain | Chicken & Pomegranate | Adult Medium & Maxi Breed Dog (2.5kgs),FARMINA PET FOODS,2790.00,5,Not found,1,Pet Care,In Stock
Royal Canin Mini Puppy Food | 12 X 85 Grams | Wet Food | Supports Immune System | Brain Development,ROYAL CANIN,1440.00,5,Not found,1,Pet Care,In Stock
Paw Joy Dog Chew Sticks Munchy Stick Mix Flavours Dogs Snacks | (500 Gms | Mutton),PAW JOY,2999.00,91,Not found,1,Pet Care,In Stock
Paw Joy Rawhide Dog Chew Bone 4 Inches | Chicken Flavour | Dog Treats | 2 Kg,PAW JOY,2999.00,71,Not found,1,Pet Care,In Stock
Paw Joy Dog Munchies | 3 Flavour Mix | 750 Grams | Dog Chew Sticks,PAW JOY,2999.00,91,Not found,1,Pet Care,In Stock
Carniwel Fresh Chicken Adult Dry Dog Food 3kg | Premium Nutrition | Natural Ingredients,CARNIWEL,1863.00,5,Not found,1,Pet Care,In Stock
Paw Joy Dog Chew Sticks Munchy Stick Mix Flavours Dogs Snacks | (500 + 500 Gms | Mutton + Natural),PAW JOY,2999.00,90,Not found,1,Pet Care,In Stock
Royal Canin Sterlised For Adult Cats | 85 Grams | Pack Of 12 Sachet | Wet Food,ROYAL CANIN,1440.00,5,Not found,1,Pet Care,In Stock
Paw Joy Rawhide Dog Chew Bone Bones | Chicken Flavour | Dog Treats | (3 Inch 6 Pieces),PAW JOY,2999.00,91,Not found,1,Pet Care,In Stock
Royal Canin Second Age Kitten Food | 2 Kg | Dry Food,ROYAL CANIN,2340.00,5,Not found,1,Pet Care,In Stock
Royal Canin Labrador Retriever Adult Dog Food For 5+ Years Of Age | 3 Kg | Dry Food,ROYAL CANIN,3190.00,5,Not found,1,Pet Care,In Stock
Royal Canin Urinary Care For Adult Cats | 400 Grams | Dry Food,ROYAL CANIN,540.00,5,Not found,1,Pet Care,In Stock
Royal Canin Hairball Care For Cats | 400 Grams | Dry Food | Dietary Fiber Blend,ROYAL CANIN,540.00,5,Not found,1,Pet Care,In Stock
Farmina N&D Quinoa Skin & Coat Dog Food | Grain-Free | Duck | Quinoa | Coconut & Turmeric | 2.5kg,FARMINA PET FOODS,3980.00,5,Not found,1,Pet Care,In Stock
Drools Puppy Wet Dog Food | Real Chicken And Chicken Liver Chunks In Gravy | 3.6kg (150g X 24),DROOLS,960.00,5,Not found,1,Pet Care,In Stock
Purina Felix With Tuna In Jelly | Wet Food For Kittens | Complete And Balanced Cat Food (12 X 85 G),PURINA,660.00,5,Not found,1,Pet Care,In Stock
Royal Canin Golden Retriver Adult Dog Food | 12 Kg | Dry Food,ROYAL CANIN,12020.00,5,Not found,1,Pet Care,In Stock
Chip Chops Roast Duck Slice Dog Treat,CHIP CHOPS,215.00,5,Not found,1,Pet Care,In Stock
Paw Joy Dog Chew Bone 3 Inches | 140 Pcs 5 Kg Chicken Flavour | Dog Treats | For Small Dogs,PAW JOY,4999.00,62,Not found,1,Pet Care,In Stock
Farmina N&D Pet Foods Dry Farmina Grain Free Lamb And Blueberry Adult Cat Food | 1.5 Kg,FARMINA PET FOODS,2790.00,5,Not found,1,Pet Care,In Stock
Purina Pro Plan Adult Dog Kibble Food For Medium Sized Dogs | 3kg Pack,PURINA,2650.00,5,Not found,1,Pet Care,In Stock
Drools Puppy Wet Dog Food | Real Chicken And Chicken Liver Chunks In Gravy | 3.6kg (150g X 24),DROOLS,960.00,5,Not found,1,Pet Care,In Stock
Purina Felix With Tuna In Jelly | Wet Food For Kittens | Complete And Balanced Cat Food (12 X 85 G),PURINA,660.00,5,Not found,1,Pet Care,In Stock
Royal Canin Golden Retriver Adult Dog Food | 12 Kg | Dry Food,ROYAL CANIN,12020.00,5,Not found,1,Pet Care,In Stock
Royal Canin Hairball Care For Cats | 400 Grams | Dry Food | Dietary Fiber Blend,ROYAL CANIN,540.00,5,Not found,1,Pet Care,In Stock
Farmina N&D Pet Foods Pumpkin Dry Dog Pet Food | Medium & Maxi Breed | 2.5-Kg | Lamb And Blueberry,FARMINA PET FOODS,3220.00,5,Not found,1,Pet Care,In Stock
Royal Canin Ultra Light Wet Cat Food (85 Gm) - Total 20 Pouches,ROYAL CANIN,2280.00,5,Not found,1,Pet Care,In Stock
Royal Canin Derma Comfort Medium Adult Dog Food | 3 Kg | Proven Results In 2 Months,ROYAL CANIN,3480.00,5,Not found,1,Pet Care,In Stock
Paw Joy Dog Chew Sticks Munchy Stick Mix Flavours Dogs Snacks | Treats | All Life Stages (750 Gram),PAW JOY,2999.00,91,Not found,1,Pet Care,In Stock
Temptations Crunchy Cat Treats | Tempting Tuna Flavour | 85 G (Pack Of 12),TEMPTATIONS,1800.00,5,Not found,1,Pet Care,In Stock
Royal Canin Kitten Gravy-Salsa-Sas Instinctive Pack | Variety Flavor | 12 X 85g,ROYAL CANIN,1440.00,5,Not found,1,Pet Care,In Stock
Whiskas Junior Kitten (2-12 Months) Wet Cat Food | Tuna In Jelly | 80 G (Pack Of 56),WHISKAS,2800.00,5,Not found,1,Pet Care,In Stock
Paw Joy Dog Chew Sticks | Munchy Stick | Mix Flavours Dogs Snacks | Treats | All Life Stages | 750gm,PAW JOY,2999.00,91,Not found,1,Pet Care,In Stock
Meat Up Dog Treats Chew Bones | Calcium Flavor 230g (Buy 1 Get 1 Free) Total 460g,MEAT UP,350.00,0,Not found,1,Pet Care,In Stock
Royal Canin Beagle Adult Dog Food | 3 Kg,ROYAL CANIN,3190.00,5,Not found,1,Pet Care,In Stock
Paw Joy Dog Chew Stick | Dog Munchies | 5 Kg | Mixed Flavour,PAW JOY,4999.00,62,Not found,1,Pet Care,In Stock
Royal Canin Persian Kitten Food | 2 Kg | Dry Food,ROYAL CANIN,2950.00,5,Not found,1,Pet Care,In Stock
Paw Joy Dog Chew Bone 3 Inches | 2 Kg | 54 Pcs Chicken Flavour | Dog Treats | For Small Dogs,PAW JOY,1999.00,60,Not found,1,Pet Care,In Stock
Royal Canin Persian Kitten Food | 4 Kg | Dry Food,ROYAL CANIN,5390.00,5,Not found,1,Pet Care,In Stock
Farmina N&D Quinoa Dog Duck | Broccoli & Asparagus Neutered Adult Mini 2.5 Kg | Pellet,FARMINA PET FOODS,3980.00,5,Not found,1,Pet Care,In Stock
Acana Wild Coast Dry Dog Food | Grain Free Dog Food For All Life Stages | 2 Kg,ACANA,2599.00,5,Not found,1,Pet Care,In Stock
Sheba Deluxe Premium Adult (1+ Years) Wet Cat Food | Succulent Chicken Breast In Gravy | 24 X 85 G,SHEBA,2640.00,5,Not found,1,Pet Care,In Stock
Pedigree Adult Wet Dog Food | Grilled Liver Chunks Flavour In Gravy With Vegetables | 30 X 70 Gg,PEDIGREE,1500.00,5,Not found,1,Pet Care,In Stock
Purina Pro Plan Adult Dog Food For Medium Sized Dogs-15kg,PURINA,10950.00,5,Not found,1,Pet Care,In Stock
Royal Canin Urinary Adult Feline (Cat) Powder 1.5 Kg,ROYAL CANIN,2070.00,5,Not found,1,Pet Care,In Stock
Carniwel Fresh Fish & Shrimp Kitten Dry Cat Food 1 Kg | Fresh & Natural Ingredients,CARNIWEL,639.00,5,Not found,1,Pet Care,In Stock
Maxi Adult Dry Dog Food | Chicken And Liver | 20 Kg Pack,MAXI,2999.00,5,Not found,1,Pet Care,In Stock
Drools Chicken And Egg Adult Dry Dog Food | 20kg,DROOLS,3599.00,5,Not found,1,Pet Care,In Stock
Pedigree Puppy Wet Dog Food | Chicken Chunks In Gravy | 70 G (Pack Of 90),PEDIGREE,4500.00,5,Not found,1,Pet Care,In Stock
Sheba Fine Premium Kitten (2-12 Months) Wet Cat Food | Chicken Premium Loaf | 14 X 70 G,SHEBA,980.00,5,Not found,1,Pet Care,In Stock
Royal Canin German Shepherd | Puppy Food | 12 Kg | Dry Food | Supports Immune System,ROYAL CANIN,11720.00,5,Not found,1,Pet Care,In Stock
Royal Canin Recovery Bacon Liquid Can For Dogs And Cats | 195 G All Life Stages,ROYAL CANIN,360.00,5,Not found,1,Pet Care,In Stock
Farmina N&D Pet Foods Grain Free Chicken And Pomegranate Dry Adult Cat Food | 1.5 Kg | Pack Of 1,FARMINA PET FOODS,2790.00,5,Not found,1,Pet Care,In Stock
Purepet Dog Biscuit Treats 100% Vegetable Flavour For All Life Stages 800gm Pack,PUREPET,330.00,0,Not found,1,Pet Care,In Stock
Farmina N&D Ocean Dry Dog Pet Food | Grain-Free | Adult Mini Breed | 2.5-Kg,FARMINA PET FOODS,3220.00,5,Not found,1,Pet Care,In Stock
Carniwel Ocean Fish & Antarctic Krill Adult Dry Cat Food 1kg | Fresh & Natural Ingredients For Cats,CARNIWEL,750.00,5,Not found,1,Pet Care,In Stock
Drools Kitten Dry Cat Food | Mackerel Flavour 1 Kg With Free Container Pack,DROOLS,399.00,5,Not found,1,Pet Care,In Stock
Royal Canin Poodle Adult Dog Food | 1.5 Kg | Dry Food,ROYAL CANIN,1800.00,5,Not found,1,Pet Care,In Stock
Pedigree Adult & Puppy Dry Dog Food | 100% Vegetarian | 1 Kg | Contains 37 Essential Nutrients,PEDIGREE,360.00,5,Not found,1,Pet Care,In Stock
Pedigree Tasty Jerky Dog Treat | Grilled Liver Flavour | 70 G X 12 | Jerky-Style Treats For Bonding,PEDIGREE,2040.00,5,Not found,1,Pet Care,In Stock
Purina Pro Plan Puppy Kibble Food For Large Sized Dogs | 3kg Pack,PURINA,2730.00,5,Not found,1,Pet Care,In Stock
Threptin Vanilla Butterscotch Nutrition Diskettes Tin Of 275 G,THREPTIN,453.50,4,4.43,701,Health Food and Drinks,In Stock
Everherb Karela Jamun Juice - Helps Maintains Sugar Levels & Weight Management - 1 L (By Pharmeasy),EVERHERB,374.00,44,4.03,2242,Health Food and Drinks,In Stock
Ensure Diabetes Care Nutrition Drink Vanilla Delight Flavour Box 950 Gm,ENSURE,2105.00,5,4.28,50,Health Food and Drinks,In Stock
Liveasy Healthy Roasted Seed Mix - Blend Of 6 Fibre Rich Healthy Roasted Seeds - 200 Gms,LIVEASY,374.00,42,4.09,672,Health Food and Drinks,In Stock
Nutty Gritties Roasted Pumpkin Seeds| Unsalted - 200g,NUTTY GRITTIES,265.00,20,5,1,Health Food and Drinks,In Stock
Organic India Tulsi Ginger Turmeric Tea Bag 25'S,ORGANIC INDIA,195.00,5,3.67,3,Health Food and Drinks,In Stock
Pharmeasy Daily Protein For Strong Bones And Immunity Rich Chocolate Jar 400gm,PHARMEASY,800.00,45,4.08,86,Health Food and Drinks,In Stock
Everherb Aloe Vera Juice With Pulp - Rejuvenates Skin & Hair - 1l Bottle (By Pharmeasy),EVERHERB,374.00,47,4.0,797,Health Food and Drinks,In Stock
Tata Sampann 100% Pure Afghani Black Raisins Seedless/Kali Kishmish| 200g,TATA SAMPANN,240.00,5,Not found,797,Health Food and Drinks,In Stock
Everherb Amla Juice - Rich In Vitamin C - Natural Immunity Booster - 1l Bottle (By Pharmeasy),EVERHERB,374.00,50,3.95,693,Health Food and Drinks,In Stock
Everherb Flaxseed Omega 3 - Essential Fatty Acids - Healthy Heart - Bottle Of 60 (By Pharmeasy),EVERHERB,749.00,48,4.15,316,Health Food and Drinks,In Stock
Liveasy Wellness Multivitamin Multimineral - Immunity Booster - Complete Nutrition - Bottle Of 60,LIVEASY,622.00,40,4.11,486,Health Food and Drinks,In Stock
Everherb Giloy Tulsi Juice - Boost Body Defence System - Immunity Booster- 1l Bottle (By Pharmeasy),EVERHERB,374.00,50,4.04,446,Health Food and Drinks,In Stock
Liveasy Healthy Seed Mix - Blend Of 6 Fibre Rich Healthy Seeds - 200 Gms,LIVEASY,327.00,42,4.01,586,Health Food and Drinks,In Stock
Everherb Ashwagandha - Immunity Booster - Anxiety & Stress - Bottle Of 60 Capsules (By Pharmeasy),EVERHERB,562.00,48,3.87,450,Health Food and Drinks,In Stock
Sugar Free Gold Plus Sweetener Powder Jar Of 100 G,SUGAR FREE,154.00,4,4.5,375,Health Food and Drinks,In Stock
B-Protin Chocolate Flavour Complete Nutrition Supplement Jar Of 500 Gm,B-PROTIN,575.00,9,4.45,893,Health Food and Drinks,In Stock
Everherb Moringa - Immunity Booster - Natural Multivitamin - Bottle Of 60 Capsules (By Pharmeasy),EVERHERB,562.00,53,3.81,280,Health Food and Drinks,In Stock
Sugar Free Gold Plus Sweetener Bottle Of 500 Pellets,SUGAR FREE,300.00,1,4.43,143,Health Food and Drinks,In Stock
Everherb Ashwagandha - Immunity Booster - Anxiety & Stress - Bottle Of 90 Capsules (By Pharmeasy),EVERHERB,749.00,48,3.96,159,Health Food and Drinks,In Stock
Threptin Vanilla Butterscotch Nutrition Diskettes Tin Of 1 Kg,THREPTIN,1617.50,1,4.5,766,Health Food and Drinks,In Stock
Protinex Nutritional Drink Mix For Adults For Everyday With High Protein Rich Chocolate 400g,PROTINEX,599.00,10,4.44,368,Health Food and Drinks,In Stock
Pharmeasy Diabetic Protein Powder - French Vanilla - Jar | 400 Gm (5 Gm Protein/Serving),PHARMEASY,889.00,45,3.89,88,Health Food and Drinks,In Stock
Enerzal Orange Flavour Liquid 200ml,ENERZAL,40.00,1,4.3,27,Health Food and Drinks,In Stock
Everherb Amla - Immunity Booster - Natural Vitamin C - Bottle Of 60 Capsules (By Pharmeasy),EVERHERB,559.00,54,3.77,128,Health Food and Drinks,In Stock
Prolyte Ors Orange Drink Sachet (21 Gm),PROLYTE,22.26,27,4.28,93,Health Food and Drinks,In Stock
Pharmeasy Multivitamin Women - Overall Women Wellness - Builds Immunity - Bottle Of 60,PHARMEASY,711.00,47,4.2,59,Health Food and Drinks,In Stock
Protinex Creamy Vanilla Flavour Jar Of 400gm,PROTINEX,599.00,6,4.11,27,Health Food and Drinks,In Stock
Pharmeasy Multivitamin Multimineral - Immunity Booster - Complete Nutrition - Bottle Of 120,PHARMEASY,1156.00,48,4.19,78,Health Food and Drinks,In Stock
Pharmeasy Vitamin C (990mg) With Zinc (10mg) - Powerful Immunity Booster - 60 Veg Tablets,PHARMEASY,711.00,10,4.37,19,Health Food and Drinks,In Stock
Protinex Original Adult Nutritional Drink Mix For Recovery With High Protein Jar 400 Gm,PROTINEX,665.00,10,4.51,221,Health Food and Drinks,In Stock
Kapiva Karela Jamun Juice 1l| Natural Juice Made From Fresh Karela And Jamun Seeds,KAPIVA,374.00,17,4.46,158,Health Food and Drinks,In Stock
Prolyte Ors Nimbu Paani 200ml,PROLYTE,31.50,4,3.94,17,Health Food and Drinks,In Stock
B Protin Chocolate Nutrition Supplement Bottle Of 200 G,B-PROTIN,272.00,0,4.14,229,Health Food and Drinks,In Stock
Kapiva Dia Free Juice | 1l | Clinically Proven Diabetes Care | Amla | Karela | Jamun & 8 More,KAPIVA,562.00,0,4.27,113,Health Food and Drinks,In Stock
Kapiva Get Slim Juice - 1l | Helps Burn Fat Naturally | Goodness Of 12 Ayurvedic Herbs,KAPIVA,515.00,0,4.15,54,Health Food and Drinks,In Stock
Ensure Diabetes Care Nutrition Drink Vanilla Delight Flavour Box 950 Gm,ENSURE,2105.00,5,4.28,50,Health Food and Drinks,In Stock
Prohance Junior Chocolate Flavour Jar 400 Gm,PROHANCE,671.82,5,3.61,49,Health Food and Drinks,In Stock
Sugar Free Green Sweetener With Natural Stevia Bottle Of 300 Pellets,SUGAR FREE,309.00,1,4.38,130,Health Food and Drinks,In Stock
Sugar Free Natura Sweetener For Fitness Conscious - 100gm Jar,SUGAR FREE,154.00,1,4.52,273,Health Food and Drinks,In Stock
Threptin Nutrition Diskettes Tin Of 1 Kg,THREPTIN,1670.00,7,4.2,49,Health Food and Drinks,In Stock
Kapiva Amla Health Juice Bottle Of 1 L,KAPIVA,280.00,16,4.37,94,Health Food and Drinks,In Stock
Sugar Free Natura Sugar Substitute Powder Low Calorie Jar Of 1 Kg,SUGAR FREE,936.00,10,4.43,167,Health Food and Drinks,In Stock
Kapiva Himalayan Apple Cider Vinegar With Mother Vinegar 500ml | Unpasteurized And Undiluted,KAPIVA,299.00,5,4.07,44,Health Food and Drinks,In Stock
Baidyanath Asli Ayurved Amla Juice | Rich In Vit-C | Natural Immunity Booster | No Added Sugar | 1l,BAIDYANATH,225.00,15,3.47,15,Health Food and Drinks,In Stock
Kapiva Shilajit Gold Capsules | Contains 24 Carat Gold | Boosts Stamina In 4 Weeks | 100% Ayurvedic,KAPIVA,1499.00,20,3.29,14,Health Food and Drinks,In Stock
Kids Pro Chocolate Flavour Powder 500 Gm,KIDS PRO,668.00,0,4.52,93,Health Food and Drinks,In Stock
Pharmeasy Diabetic Protein Powder - Dutch Chocolate - Jar | 400 Gm (5 Gm Protein/Serving),PHARMEASY,889.00,45,3.76,117,Health Food and Drinks,In Stock
Pediasure 7+ With Oats & Almond Chocolate Box 400 Gm,PEDIASURE,620.00,15,4.24,124,Health Food and Drinks,In Stock
Sugar Free Green Sweetener With Natural Stevia - 400 G Pouch,SUGAR FREE,515.00,11,4.35,107,Health Food and Drinks,In Stock
Baidyanath Asli Ayurved Honey I Natural Immunity Booster I Pure Honey I (500gm),BAIDYANATH,255.00,28,3.59,27,Health Food and Drinks,In Stock
Ensure Balanced Nutrition For Adults Chocolate Flavour With Hbm Box Of 200 Gm,ENSURE,425.00,3,4.45,128,Health Food and Drinks,In Stock
Simyl Mct Oil 100ml,SIMYL,360.00,4,3.76,21,Health Food and Drinks,In Stock
Baidyanath Asli Ayurved Karela Jamun Juice 1 Litre No Added Sugar Healthy Blood Sugar Management,BAIDYANATH,304.00,32,4.17,42,Health Food and Drinks,In Stock
Kapiva Himalayan Shilajit Resin | Squat Jar | 20 Gm,KAPIVA,1499.00,33,3.9,41,Health Food and Drinks,In Stock
Ensure Diabetes Care Rich Chocolate Flavour Box 375 Gm,ENSURE,765.00,3,3.82,11,Health Food and Drinks,In Stock
Sugar Fighter Stevia Jar - Zero Calories & Fat Free Sweetener - Natural Stevia - 1kg,SUGAR FIGHTER,1760.00,6,Not found,11,Health Food and Drinks,In Stock
Glucon-D Regular With 3 Benefits Of Energy | Recovery | And Immunity | 450 G ( Get Extra 50 G Free),GLUCON-D,149.00,16,4.45,71,Health Food and Drinks,In Stock
Sugar Free Natura 100 Sachet Sweetener Sachets Box Of 100 'S,SUGAR FREE,149.00,1,4.4,148,Health Food and Drinks,In Stock
Kapiva Shilajit Gold Resin - 20g | Helps In Boosting Stamina | Contains 24 Carat Gold,KAPIVA,1549.00,15,4.17,12,Health Food and Drinks,In Stock
Kapiva Thar Aloe Vera Juice (With Pulp) 1l| Natural Juice Made Within 4 Hours Of Harvesting,KAPIVA,280.00,16,4.64,102,Health Food and Drinks,In Stock
Protinex Health And Nutritional Protein Powder For Adults Original Flavour Refill Of 1kg,PROTINEX,1420.00,19,4.19,21,Health Food and Drinks,In Stock
Kapiva Aloe Vera + Amla Juice Boosts Immunity - No Added Sugar - 1 L,KAPIVA,469.00,0,4.46,37,Health Food and Drinks,In Stock
Zandu Pure Honey Health Food Bottle Of 500 Gm,ZANDU,250.01,15,4.45,146,Health Food and Drinks,In Stock
Kapiva Pure Aloe Vera Skin Gel - Hydrating Gel For Face - 500g,KAPIVA,450.00,22,4.32,99,Health Food and Drinks,In Stock
Prohance Chocolate Nutrition Drink Of Jar 400 G,PROHANCE,631.50,5,4.34,59,Health Food and Drinks,In Stock
Sugar Free Green Sweetener With Natural Stevia - 200 G Jar,SUGAR FREE,281.00,6,4.17,75,Health Food and Drinks,In Stock
Baidyanath Asli Ayurved Honey Natural Immunity Booster 1 Kg,BAIDYANATH,500.00,0,3.77,40,Health Food and Drinks,In Stock
B-Protin Dry Fruit Chocolate Powder 200gm,B-PROTIN,348.00,2,3.94,69,Health Food and Drinks,In Stock
Glucon-D Nimbu Pani With 3 Benefits Of Energy | Recovery | And Immunity | 75 G ( Get 50 G Extra),GLUCON-D,55.00,18,4.14,14,Health Food and Drinks,In Stock
Kapiva Aloe Vera Skin Gel (Healthy Moisturizer) -150 Grams,KAPIVA,150.00,16,4.14,70,Health Food and Drinks,In Stock
Kapiva Virgin Coconut Oil (Cold-Pressed For Maximum Nutrition) - 250 Ml,KAPIVA,279.00,0,4.38,8,Health Food and Drinks,In Stock
Hyperneb 3% Respules 4 Ml,HYPERNEB,22.45,0,4.17,12,Health Food and Drinks,In Stock
Prolyte Ors Orange Drink Tetrapack (200 Ml),PROLYTE,31.50,20,3.98,315,Health Food and Drinks,In Stock
Glucon-D Tangy Orange Flavour Glucose Powder 1kg | With Free Sipper,GLUCON-D,415.00,0,3.5,4,Health Food and Drinks,In Stock
Kids Pro Chocolate Powder 200 Gm,KIDS PRO,312.00,0,4.54,61,Health Food and Drinks,In Stock
Baidyanath Asli Ayurved Karela Jamun Juice | Control Blood Sugar Naturally - 1 Litre (Pack Of 2),BAIDYANATH,608.00,34,3.75,24,Health Food and Drinks,In Stock
Kapiva Kerala Virgin Coconut Oil (Cold-Pressed For Maximum Nutrition) -500 Ml,KAPIVA,499.00,10,4.33,40,Health Food and Drinks,In Stock
Liveasy Ors Liquid Oral Rehydration Salts 200 Ml - Apple Flavour (Ready To Drink),LIVEASY,31.50,15,4.5,4,Health Food and Drinks,In Stock
Bixa Botanical Hadjod Extract 60 Veg Capsules (450mg) 2.5% 3-Keto Steroids-Supports Bone Healing,BIXA BOTANICAL,552.00,2,Not found,4,Health Food and Drinks,In Stock
Kapiva Dia Free Juice | 1l |Diabetes Care | Amla | Karela | Jamun & 8 More (2 Pack),KAPIVA,1124.00,8,3.93,15,Health Food and Drinks,In Stock
Kapiva Wheatgrass Juice 1l | Ayurvedic Juice For Detoxification | High Chlorophyll,KAPIVA,469.00,10,4.27,41,Health Food and Drinks,In Stock
Walyte Ors Orange Flavour Sachet 4.4gm,WALYTE,4.64,0,4,13,Health Food and Drinks,In Stock
Prohance Junior Nutrition Powder Vanilla 400g,PROHANCE,671.82,6,4.27,45,Health Food and Drinks,In Stock
Pediasure 7+ With Oats & Almond Vanilla Box 400 Gm,PEDIASURE,620.00,15,4.27,71,Health Food and Drinks,In Stock
Kapiva Ashwagandha Gold Capsules Helps In Stress Management 100% Ayurvedic - (60 N Caps),KAPIVA,562.00,17,4.5,6,Health Food and Drinks,In Stock
"Bixa Botanical Moringa Powder-Bone & Joint Pain Care, Immunity Booster, Multi Vitamin Raw Superfood",BIXA BOTANICAL,475.00,5,1,2,Health Food and Drinks,In Stock
Kapiva Noni Juice 1l | Includes Garcinia And Ashwagandha For Nutrient Absorption,KAPIVA,699.00,16,4.33,33,Health Food and Drinks,In Stock
Vansaar 45+ Diab Balance Juice Bottle Of 1 Ltr,VANSAAR,599.00,16,4.4,5,Health Food and Drinks,In Stock
Kapiva Aloe Vera + Garcinia Juice Aids Weight Loss - No Added Sugar - 1 L,KAPIVA,559.00,4,3.92,12,Health Food and Drinks,In Stock
Baidyanath Asli Ayurved Giloy Juice Natural Immunity Booster No Added Sugar 1 Ltr,BAIDYANATH,234.00,0,3.44,9,Health Food and Drinks,In Stock
Glucon-D Nimbu Pani With 3 Benefits Of Energy | Recovery | And Immunity | 200 G,GLUCON-D,79.19,0,4.7,30,Health Food and Drinks,In Stock
Enerzal Apple Flavour Tetrapack Of 200ml Liquid,ENERZAL,36.56,1,5,1,Health Food and Drinks,In Stock
B-Protin Mango Powder 200gm,B-PROTIN,271.40,0,4.13,54,Health Food and Drinks,In Stock
Aptagrow Nutritional Drink Powder For Kids Growth Chocolate 400 G,APTAGROW,555.00,3,4.4,5,Health Food and Drinks,In Stock
Kids Pro Vanilla Powder 500 Gm,KIDS PRO,668.00,4,4.3,69,Health Food and Drinks,In Stock
Baidyanath Asli Ayurved Wheatgrass Juice 500 Ml,BAIDYANATH,257.00,26,4,1,Health Food and Drinks,In Stock
Baidyanath Asli Ayurved Honey I Pure Honey I Immunity Booster I 250 Gms (Pack Of 2),BAIDYANATH,290.00,32,4.71,7,Health Food and Drinks,In Stock
Ensure Plus Vanilla Nutrition Drink Jar Of 400 G,ENSURE,870.00,3,4.35,130,Health Food and Drinks,In Stock
Macprot Vanilla Flavour Bottle Of 200gm Powder,MACPROT,379.95,14,3.15,13,Health Food and Drinks,In Stock
Vansaar Wheatgrass Juice - Natural Detoxifier For Healthy Liver |No Added Sugar 500ml,VANSAAR,280.00,1,4.16,64,Health Food and Drinks,In Stock
Earth King Saffron Thread Kesar/ Keshar/ Zafran /Jafran (A++ Grade) - 1gm,EARTH KING,599.00,41,5,1,Health Food and Drinks,In Stock
Sugar Free Gold Plus Sweetener Bottle Of 100 Pellets,SUGAR FREE,75.00,1,4.41,44,Health Food and Drinks,In Stock
Prohance Junior Nutrition Powder Vanilla 200g,PROHANCE,375.50,5,4.12,8,Health Food and Drinks,In Stock
Ensure Balanced Nutrition For Adults Vanilla Flavour With Hbm Box Of 200 Gm,ENSURE,390.00,3,4.45,110,Health Food and Drinks,In Stock
Prolyte Ors Apple Drink Tetrapack (200 Ml),PROLYTE,31.50,2,3.82,87,Health Food and Drinks,In Stock
Bixa Botanical Safed Musli Powder- For Stamina & Natural Immunity Booster(200g),BIXA BOTANICAL,1249.00,2,Not found,87,Health Food and Drinks,In Stock
Pulmo Plus Strawberry Powder 200 Gm,PULMO,281.00,2,4,23,Health Food and Drinks,In Stock
Kapiva Rajasthani Neem Juice 1l| Natural Juice Made From Fresh Neem Leaves | Healthy Hair & Skin,KAPIVA,327.00,17,4.24,29,Health Food and Drinks,In Stock
Kapiva Wild Tulsi Giloy Juice 1l | Natural Juice For Building Immunity,KAPIVA,375.00,5,4.61,69,Health Food and Drinks,In Stock
Kapiva Triphala Juice 1l| Ayurvedic Formula Acts As Herbal Laxative | Digestive Care,KAPIVA,279.00,16,4.3,30,Health Food and Drinks,In Stock
Baidyanath Asli Ayurved Aloe Vera Juice | Boost Immunity Better Digestion | 1l (Pack Of 2),BAIDYANATH,468.00,16,4.33,3,Health Food and Drinks,In Stock
Walyte Ors Mango Flavour Sachet 22gm,WALYTE,23.26,2,3.75,4,Health Food and Drinks,In Stock
Glucon-D Regular With 3 Benefits Of Energy | Recovery | And Immunity | 450 G ( Get Extra 50g) Refill,GLUCON-D,135.00,16,4.4,58,Health Food and Drinks,In Stock
Kapiva Himalayan Apple Cider Vinegar With Mother Vinegar 500ml | Super Saver Pack Of 2,KAPIVA,598.00,16,4.75,4,Health Food and Drinks,In Stock
Graduate Vanilla Flavour 2 Years And Above Jar Of 300gm Oral Powder,GRADUATE,404.00,0,5,4,Health Food and Drinks,In Stock
Kapiva Wild Amla Juice 1l + Kapiva Thar Aloe Vera Juice (With Pulp) 1l | Boosts Immunity & Digestion,KAPIVA,534.00,13,4.33,3,Health Food and Drinks,In Stock
Kapiva Himalayan Shilajit/Shilajeet Resin 40g - For Endurance And Stamina,KAPIVA,2998.00,45,3.67,3,Health Food and Drinks,In Stock
Baidyanath Asli Ayurved Amla Juice | Natural Immunity Booster | Vitamin C | No Added Sugar | 1l X 2,BAIDYANATH,450.00,19,2.5,4,Health Food and Drinks,In Stock
Sugar Free Natura Sachet 50,SUGAR FREE,79.69,2,4.43,7,Health Food and Drinks,In Stock
Bixa Botanical Ashwagandha Root Powder-Supports Immunity | Overall Energy & Good Sleep(200g),BIXA BOTANICAL,525.00,15,Not found,7,Health Food and Drinks,In Stock
Jubilant Nutrihance For Diabetes Management Mango Badam Flavour | 350g,JUBILANT NUTRIHANCE,756.36,13,5,2,Health Food and Drinks,In Stock
Baidyanath Asli Ayurved Triphala Juice All Natural Laxative For Healthy Digestion - 1 L,BAIDYANATH,182.00,1,4.25,8,Health Food and Drinks,In Stock
Pediasure New Vital Nutrients To Help Kids Growth For 2-6 Years Old Vanilla Box Of 200 Gm,PEDIASURE,370.00,3,4.6,5,Health Food and Drinks,In Stock
Complan Nutrition Drink Kesar Badam 500g Refill,COMPLAN,333.00,0,4.36,103,Health Food and Drinks,In Stock
Kapiva Bp Care Juice - 100% Ayurvedic Juice For Controlling Blood Pressure & Cholesterol Level - 1l,KAPIVA,983.00,4,3.71,7,Health Food and Drinks,In Stock
Kapiva Karela Jamun Juice (2l)|Controls Blood Sugar Levels | Lowers Bad Cholesterol|Super Saver Pack,KAPIVA,749.00,18,4,6,Health Food and Drinks,In Stock
Nutrigro By Complan Badam Kheer Flavour Jar Of 400gm,COMPLAN,687.50,2,4.5,6,Health Food and Drinks,In Stock
Glucon-D Nimbu Pani With 3 Benefits Of Energy | Recovery | And Immunity | 400 G,GLUCON-D,209.00,21,4.22,18,Health Food and Drinks,In Stock
Celevida For Diabetes Management- Nutrition Health Drink Vanilla Flavour 400g | No Added Sugar,CELEVIDA,787.00,7,5,3,Health Food and Drinks,In Stock
Kapiva Shilajit Gold Resin - 40g | Helps In Boosting Stamina | 100% Ayurvedic,KAPIVA,2999.00,21,Not found,3,Health Food and Drinks,In Stock
Axiom Karela Jamun Juice|Helps To Maintaining Blood Sugar Levels - 1000ml,AXIOM,340.00,5,4.2,5,Health Food and Drinks,In Stock
Kapiva Liver Care Juice | With 5 Ayurvedic Herbs To Benefit Liver Health,KAPIVA,655.00,0,4,7,Health Food and Drinks,In Stock
Figaro Olive Oil 1ltr,FIGARO,1769.00,19,3,2,Health Food and Drinks,In Stock
Protinex Health And Nutritional Powder For Adults Rich Chocolate Flavor Sugar Free Refill Of 1kg,PROTINEX,1449.00,25,4.14,14,Health Food and Drinks,In Stock
Jubilant Nutrihance For Diabetes Management Kesar Elaichi Flavour | 350g,JUBILANT NUTRIHANCE,791.95,10,3.8,5,Health Food and Drinks,In Stock
Orsl Ors Who Ready To Drink Apple 200 Ml,ORSL,31.50,0,4.22,74,Health Food and Drinks,In Stock
Axiom Louki Amla Juice|Helpful In Manage Blood Pressure|Aids In Weight Loss - 1000ml,AXIOM,206.00,4,5,2,Health Food and Drinks,In Stock
Baidyanath Asli Ayurved Giloy Juice 1litre (Pack Of 2) Immunity Booster | No Added Sugar,BAIDYANATH,468.00,27,Not found,2,Health Food and Drinks,In Stock
Kapiva Skin Rituals Rose Water 200ml,KAPIVA,399.00,15,Not found,2,Health Food and Drinks,In Stock
So Sweet Stevia (500) Tablets Dispenser - Sugar Free,SO SWEET,450.00,33,3.8,10,Health Food and Drinks,In Stock
Kapiva Organic Gulkand - Natural Rich In Calcium And Antioxidants - 300g,KAPIVA,515.00,14,4.62,8,Health Food and Drinks,In Stock
Jubilant Nutrihance Nutritional Formula Help Enhance Health (200g Vanilla Flavour),JUBILANT NUTRIHANCE,409.32,2,5,1,Health Food and Drinks,In Stock
Axiom Arjuna Amla Juice|Helps To Manage Heart Problems|Controls Blood Pressure - 500ml,AXIOM,187.00,4,4,2,Health Food and Drinks,In Stock
Pediasure Vital Nutrients To Help Kids Growth For 2-6 Years Old Chocolate Box Of 200 Gm,PEDIASURE,390.00,3,4.69,13,Health Food and Drinks,In Stock
Kids Pro Vanilla Powder 200 Gm,KIDS PRO,312.00,2,4.64,22,Health Food and Drinks,In Stock
Dr. Morepen Apple Cider Vinegar With 2x Mother | Skin Hair & Weight Loss | 1 Ltr | Buy 1 Get 1,DR. MOREPEN,1098.00,50,3.25,4,Health Food and Drinks,In Stock
Celevida En Vanilla Flavour Tin Of 400gm Oral Powder,CELEVIDA,1542.00,8,5,2,Health Food and Drinks,In Stock
Baidyanath Asli Ayurved Noni Juice 500ml - Builds Immunity | Natural Detoxifier | No Added Sugar,BAIDYANATH,304.00,30,Not found,2,Health Food and Drinks,In Stock
Axiom Aloevera Amla Juice|Improves Skin Health And Hair Growth|Helps To Manage Weight -1000ml,AXIOM,300.00,3,Not found,2,Health Food and Drinks,In Stock
Kapiva Hair Care Juice | For Hair Nourishment From Within | With Amla Noni Bhringraj & Ashwagandha,KAPIVA,796.00,6,3.67,3,Health Food and Drinks,In Stock
Kapiva Thar Aloe Vera Juice (With Pulp) 1l | Rejuvenates Skin And Hair |No Added Sugar (Pack Of 2),KAPIVA,534.00,11,Not found,3,Health Food and Drinks,In Stock
Bixa Botanical Jamun Extract 60 Veg Capsules (450mg) 5% Bitters-Supports Low Sugar Levels,BIXA BOTANICAL,520.00,2,Not found,3,Health Food and Drinks,In Stock
Organic India Immunity - 60 Capsules,ORGANIC INDIA,250.00,5,4.5,2,Health Food and Drinks,In Stock
Walyte Ors Lemon Flavour Sachet 4.4gm,WALYTE,4.64,0,2.67,3,Health Food and Drinks,In Stock
Kapiva Get Slim Juice (2l)|Healthy Weight Management With 12 Ayurvedic Herbs - Super Saver Pack Of 2,KAPIVA,1029.00,3,5,2,Health Food and Drinks,In Stock
Dabur Amla Juice - 1 Litre,DABUR,242.00,0,4.43,7,Health Food and Drinks,In Stock
So Sweet Stevia (500) Tablets Dispenser - Sugar Free (Pack Of 2),SO SWEET,860.00,31,Not found,7,Health Food and Drinks,In Stock
Axiom Triphala Aloevera Juice|Supports Digestive System|Immunity Booster -500ml,AXIOM,180.00,6,4,3,Health Food and Drinks,In Stock
Kapiva Himfoods Testo Capsules,KAPIVA,749.00,6,3.5,2,Health Food and Drinks,In Stock
Walyte Ors Orange Flavour Tetrapack 200ml,WALYTE,31.50,2,3,8,Health Food and Drinks,In Stock
Jubilant Nutrihance Nutritional Formula Help Enhance Health (400g Vanilla Flavour),JUBILANT NUTRIHANCE,760.81,3,Not found,8,Health Food and Drinks,In Stock
Nutrigro By Complan Delicious Chocolate Flavour Box Of 200gm,COMPLAN,318.00,0,4.2,5,Health Food and Drinks,In Stock
Axiom Aloevera Amla Juice|Helps In Improves Skin Health And Hair|Helps To Manage Weight - 500ml,AXIOM,160.00,6,5,1,Health Food and Drinks,In Stock
Jubilant Nutrihance Balanced With 50 Vital Nutrients (400 G Chocolate Flavour),JUBILANT NUTRIHANCE,761.00,11,Not found,1,Health Food and Drinks,In Stock
Kapiva Virgin Cold-Pressed Coconut Oil|100% Pure | Organic & Edible (500ml) - Super Saver Pack Of 2,KAPIVA,998.00,18,3.5,2,Health Food and Drinks,In Stock
Organic India Bowelcare - 60 Capsules,ORGANIC INDIA,250.00,4,2.67,3,Health Food and Drinks,In Stock
Himalaya Quista Kidz | Chocolate | Jar | 200 Gm,HIMALAYA,347.03,10,3.96,24,Health Food and Drinks,In Stock
Nutrigro By Complan Creamy Vanilla Flavour Box Of 200gm,COMPLAN,318.11,2,Not found,24,Health Food and Drinks,In Stock
Kapiva Aloe Vera & Garcinia Juice (1l) + Get Slim Juice (1l)|Weight Managing & Digestion Stimulation,KAPIVA,1025.00,3,Not found,24,Health Food and Drinks,In Stock
Kapiva Wild Amla Juice (2l)|Cold-Pressed Amlas From Pratapgarh|Helps Detox - Super Saver Pack Of 2,KAPIVA,561.00,16,Not found,24,Health Food and Drinks,In Stock
So Sweet Stevia (100)Tablets Dispenser - Sugar Free,SO SWEET,115.00,4,3.17,6,Health Food and Drinks,In Stock
"Kapiva Him Foods Plant Protein - Chocolate | 26g Protein Per Scoop, Post-Workout Recovery Shake, 1kg",KAPIVA,2001.00,11,3.67,3,Health Food and Drinks,In Stock
Dr. Morepen Apple Cider Vinegar With 2x Mother | Skin Hair & Weight Loss | 500 Ml,DR. MOREPEN,549.00,46,4.6,5,Health Food and Drinks,In Stock
Glucon-D Nimbu Pani With 3 Benefits Of Energy | Recovery | And Immunity | 1 Kg,GLUCON-D,409.00,12,4.64,14,Health Food and Drinks,In Stock
Groviva Vanilla Child Nutrition Supplement Jar Of 200 G,GROVIVA,418.01,0,4.3,23,Health Food and Drinks,In Stock
Bixa Botanical Hadjod Powder- Supports Bone | Joints & Cartilage Health(200g),BIXA BOTANICAL,425.00,2,Not found,23,Health Food and Drinks,In Stock
Pro360 Classic Kesar Badam Nutritional Protein Supplement Powder Jar Of 200 G,PRO360,325.00,9,1.6,5,Health Food and Drinks,In Stock
So Sweet Stevia 25 Sachet Sugar Free Sweetener (Pack Of 3),SO SWEET,255.00,3,Not found,5,Health Food and Drinks,In Stock
Nutrabay Foods All-Natural Peanut Butter (Crunchy) - Unsweetened 400g,NUTRABAY,209.00,4,Not found,5,Health Food and Drinks,In Stock
Herbal Hills Ashwagandha Powder 200gms,HERBAL HILLS,520.00,25,2.75,4,Health Food and Drinks,In Stock
Axiom Noni Juice|Made With Fresh Noni Fruit|Rich In Anti-Oxidants|Helpful In Boosting Energy -500ml,AXIOM,356.00,6,4.5,2,Health Food and Drinks,In Stock
Sugar Fighter Stevia Powder Jar Of 100 G,SUGAR FIGHTER,275.00,2,4.67,9,Health Food and Drinks,In Stock
Complan Nutrigro 200 G Badam Kheer,COMPLAN,289.19,0,5,1,Health Food and Drinks,In Stock
Complan Nutrition Drink Powder For Children New Royale Chocolate Flavour Box 1 Kg,COMPLAN,649.01,0,4.43,46,Health Food and Drinks,In Stock
Pro360 Nefro Lp Vanilla Flavour Jar Of 400 Gm,PRO360,1029.00,19,4.78,9,Health Food and Drinks,In Stock
"Kapiva Wild Amla Juice (3l)|Cold-Pressed Amlas|Helps Boosts Skin, Hair Health, & Detox - Saver Pack",KAPIVA,897.00,17,Not found,9,Health Food and Drinks,In Stock
Bixa Botanical Bael Fruit Powder(Belgiri Powder)-Supports Healthy Bowel Functions 200g,BIXA BOTANICAL,345.00,11,Not found,9,Health Food and Drinks,In Stock
Kapiva Get Slim Mix (150 Gms) | Blend Of 10 Weight-Management Herbs | For Sustainable Weight Care,KAPIVA,1159.00,0,Not found,9,Health Food and Drinks,In Stock
Prohance Vanilla Nutrition Drink Refill Of 200 G,PROHANCE,338.00,5,4.57,21,Health Food and Drinks,In Stock
Pro360 Women | Dietary Food Supplement | Butterscotch | Oral Powder | Jar | 250 Gm,PRO360,429.00,16,4.8,5,Health Food and Drinks,In Stock
Dr. Morepen Natural & Pure Multi Flora Honey Nmr Tested & No Sugar Adulteration - 250gm Pack Of 2,DR. MOREPEN,298.00,10,Not found,5,Health Food and Drinks,In Stock
Nutrabay Foods Original Peanut Butter (Crunchy) - 400g,NUTRABAY,209.00,4,Not found,5,Health Food and Drinks,In Stock
Nutrigro By Complan Creamy Vanilla Flavour Jar Of 400gm,COMPLAN,672.00,4,3,2,Health Food and Drinks,In Stock
So Sweet Stevia (500) Tablets Dispenser - Sugar Free (Pack Of 3),SO SWEET,1350.00,44,4,2,Health Food and Drinks,In Stock
So Sweet Stevia Liquid 100 Drops (5ml) Natural Sweetener 100% Natural Sweetener-Sugarfree,SO SWEET,55.00,0,2,1,Health Food and Drinks,In Stock
Axiom Karela Jamun Juice|Enriched With Neem|Karela|Jamun & Giloye- 500ml,AXIOM,180.00,11,Not found,1,Health Food and Drinks,In Stock
Kapiva Organic Ghee - Good Fats For Healthy Heart - Keto Diet Friendly 500 Ml,KAPIVA,749.00,18,3.4,5,Health Food and Drinks,In Stock
Dabur Giloy Neem Juice With Tulsi - 1 Litre,DABUR,265.00,10,3.43,7,Health Food and Drinks,In Stock
Axiom Sugar Cure Juice|Helpful In Diabetes|Manage Blood Sugar Levels - 500ml,AXIOM,200.00,6,4,1,Health Food and Drinks,In Stock
Everherb Karela Jamun Juice - Helps Maintains Sugar Levels & Weight Management - 1 L (By Pharmeasy),EVERHERB,374.00,44,4.03,2242,Diabetes Essentials,In Stock
Sugar Free Gold Plus Sweetener Powder Jar Of 100 G,SUGAR FREE,154.00,4,4.5,375,Diabetes Essentials,In Stock
Dr. Morepen Gluco One Blood Glucose Test Strip | Bg-03 | 50 No'S,DR MOREPEN,795.00,25,4.42,3843,Diabetes Essentials,In Stock
Accu-Chek Active Glucometer Test Strips Box Of 50,ACCU-CHEK,1115.00,8,4.16,2460,Diabetes Essentials,In Stock
Accu-Chek Instant | 50 Test Strips,ACCU-CHEK,1115.00,8,4.18,1677,Diabetes Essentials,In Stock
Liveasy Healthy Roasted Seed Mix - Blend Of 6 Fibre Rich Healthy Roasted Seeds - 200 Gms,LIVEASY,374.00,42,4.09,672,Diabetes Essentials,In Stock
Pharmeasy Diabetic Protein Powder - Dutch Chocolate - Jar | 400 Gm (5 Gm Protein/Serving),PHARMEASY,889.00,45,3.76,117,Diabetes Essentials,In Stock
Everherb Flaxseed Omega 3 - Essential Fatty Acids - Healthy Heart - Bottle Of 60 (By Pharmeasy),EVERHERB,749.00,48,4.15,316,Diabetes Essentials,In Stock
Contour Plus | Box | Test Strip | 50 No'S,CONTOUR,1077.20,6,4.51,805,Diabetes Essentials,In Stock
Liveasy Healthy Seed Mix - Blend Of 6 Fibre Rich Healthy Seeds - 200 Gms,LIVEASY,327.00,42,4.01,586,Diabetes Essentials,In Stock
Pharmeasy Apple Cider Vinegar With Mother -Improves Metabolism- 500ml Bottle,PHARMEASY,649.00,53,3.62,128,Diabetes Essentials,In Stock
Accu-Chek Active | 2 X 50 Test Strips,ACCU-CHEK,1966.87,7,4.35,1430,Diabetes Essentials,In Stock
Digene Gel Acidity & Gas Relief - 200ml Mint Flavour Sugar Free,DIGENE,180.74,0,4.38,257,Diabetes Essentials,In Stock
Cremaffin Constipation Relief Mint Flavour Sugar Free Bottle Of 225ml Liquid,CREMAFFIN,318.59,3,4.15,211,Diabetes Essentials,In Stock
Onetouch Select Plus Test Strips | Pack Of 50 Strips | For Use With Onetouch Select Plus Simple,ONETOUCH,1199.00,2,3.99,391,Diabetes Essentials,In Stock
Sugar Free Gold Plus Sweetener Bottle Of 500 Pellets,SUGAR FREE,300.00,1,4.43,143,Diabetes Essentials,In Stock
Accu-Chek Instant 100 Test Strips,ACCU-CHEK,2380.00,24,4.32,139,Diabetes Essentials,In Stock
Everherb Neem - Immunity Booster - Hair & Skin Detoxifier - Bottle Of 60 Capsules (By Pharmeasy),EVERHERB,562.00,49,3.69,159,Diabetes Essentials,In Stock
Everherb Karela - Blood Sugar Control - Lowers Bad Cholestrol - Bottle Of 60 Capsules (By Pharmeasy),EVERHERB,561.56,49,3.75,211,Diabetes Essentials,In Stock
Sugar Free Gold Plus Sweetener Bottle Of 300 Pellets,SUGAR FREE,206.00,1,4.27,204,Diabetes Essentials,In Stock
Accu-Chek Active Blood Glucose And Lancing Device | Glucometer | Free 10 Test Strips,ACCU-CHEK,1124.00,11,3.99,652,Diabetes Essentials,In Stock
Kapiva Get Slim Juice - 1l | Helps Burn Fat Naturally | Goodness Of 12 Ayurvedic Herbs,KAPIVA,515.00,0,4.15,54,Diabetes Essentials,In Stock
Accusure Blood Lancets | 100 No'S,ACCUSURE,275.00,45,4.21,56,Diabetes Essentials,In Stock
Accu-Chek Instant S Blood Glucose And Lancing Device | Glucometer | Free 10 Test Strips,ACCU-CHEK,820.00,14,4.01,235,Diabetes Essentials,In Stock
Celevida Nutrition Drink For Diabetes Care & Immunity Support Kesar Elaichi | 400g | Tin,CELEVIDA,787.00,3,4.24,187,Diabetes Essentials,In Stock
Accusure Simple Blood Glucose | 50 Test Strips,ACCUSURE,1125.00,46,3.88,118,Diabetes Essentials,In Stock
Kapiva Amla Health Juice Bottle Of 1 L,KAPIVA,280.00,16,4.37,94,Diabetes Essentials,In Stock
Himalaya Karela Metabolic Wellness | Tablets | 60 No'S,HIMALAYA,300.00,14,4.1,42,Diabetes Essentials,In Stock
Accu-Chek Active | 25 Test Strips,ACCU-CHEK,745.00,3,3.93,257,Diabetes Essentials,In Stock
Prohance D Chocolate Diabetes Care Powder Sugar Free Jar Of 400 G,PROHANCE,808.13,6,4.38,147,Diabetes Essentials,In Stock
Accu-Chek Active 50 Test Strips | With Softlix 2 X 25 Lancets,ACCU-CHEK,1365.00,0,3.95,62,Diabetes Essentials,In Stock
Onetouch Select Plus Simple Glucometer | Free 10 Test Strips + 10 Sterile Lancets + 1 Lancing Device,ONETOUCH,1147.00,21,3.93,108,Diabetes Essentials,In Stock
Dr. Morepen Blood Pressure Monitor | Bp-14 | Box | 1 No'S,DR MOREPEN,1310.00,23,2.74,23,Diabetes Essentials,In Stock
Accu-Chek Instant | 25 Test Strips,ACCU-CHEK,745.00,0,3.77,47,Diabetes Essentials,In Stock
Ensure Balanced Nutrition For Adults Chocolate Flavour With Hbm Box Of 200 Gm,ENSURE,425.00,3,4.45,128,Diabetes Essentials,In Stock
Dr Morepen Bg 03 100 Strips,DR MOREPEN,1590.00,28,4.27,49,Diabetes Essentials,In Stock
Sugar Fighter Stevia Jar - Zero Calories & Fat Free Sweetener - Natural Stevia - 1kg,SUGAR FIGHTER,1760.00,6,Not found,49,Diabetes Essentials,In Stock
Kapiva Thar Aloe Vera Juice (With Pulp) 1l| Natural Juice Made Within 4 Hours Of Harvesting,KAPIVA,280.00,16,4.64,102,Diabetes Essentials,In Stock
Kapiva Aloe Vera + Amla Juice Boosts Immunity - No Added Sugar - 1 L,KAPIVA,469.00,0,4.46,37,Diabetes Essentials,In Stock
Accu-Chek Instant | 50 Test Strips | With Softclix 2 X 25 Lancets,ACCU-CHEK,1366.00,10,3.63,54,Diabetes Essentials,In Stock
Celevida Nutrition Drink For Diabetes Care & Immunity Support Kesar Elaichi | 400g | Tin,CELEVIDA,787.00,3,4.24,187,Diabetes Essentials,In Stock
Accusure Simple Blood Glucose | 50 Test Strips,ACCUSURE,1125.00,46,3.88,118,Diabetes Essentials,In Stock
Kapiva Amla Health Juice Bottle Of 1 L,KAPIVA,280.00,16,4.37,94,Diabetes Essentials,In Stock
Himalaya Karela Metabolic Wellness | Tablets | 60 No'S,HIMALAYA,300.00,14,4.1,42,Diabetes Essentials,In Stock
Accu-Chek Active | 25 Test Strips,ACCU-CHEK,745.00,3,3.93,257,Diabetes Essentials,In Stock
Sugar Free Natura Sugar Substitute Powder Low Calorie Jar Of 1 Kg,SUGAR FREE,936.00,10,4.43,167,Diabetes Essentials,In Stock
Digene Gel Acidity & Gas Relief - 200ml Mixed Fruit Flavour Sugar Free,DIGENE,173.61,3,4.3,74,Diabetes Essentials,In Stock
Prohance D Chocolate Diabetes Care Powder Sugar Free Jar Of 400 G,PROHANCE,808.13,6,4.38,147,Diabetes Essentials,In Stock
Accu-Chek Active 50 Test Strips | With Softlix 2 X 25 Lancets,ACCU-CHEK,1365.00,0,3.95,62,Diabetes Essentials,In Stock
Pharmeasy Diabetic Protein Powder - Dutch Chocolate - Jar | 400 Gm (5 Gm Protein/Serving),PHARMEASY,889.00,45,3.76,117,Diabetes Essentials,In Stock
Onetouch Select Plus Simple Glucometer | Free 10 Test Strips + 10 Sterile Lancets + 1 Lancing Device,ONETOUCH,1147.00,21,3.93,108,Diabetes Essentials,In Stock
Dr. Morepen Blood Pressure Monitor | Bp-14 | Box | 1 No'S,DR MOREPEN,1310.00,23,2.74,23,Diabetes Essentials,In Stock
Accu-Chek Instant | 25 Test Strips,ACCU-CHEK,745.00,4,3.77,47,Diabetes Essentials,In Stock
Sugar Free Green Sweetener With Natural Stevia - 400 G Pouch,SUGAR FREE,515.00,11,4.35,107,Diabetes Essentials,In Stock
Ensure Balanced Nutrition For Adults Chocolate Flavour With Hbm Box Of 200 Gm,ENSURE,425.00,3,4.45,128,Diabetes Essentials,In Stock
Dr Morepen Bg 03 100 Strips,DR MOREPEN,1590.00,28,4.27,49,Diabetes Essentials,In Stock
Ensure Diabetes Care Rich Chocolate Flavour Box 375 Gm,ENSURE,765.00,3,3.82,11,Diabetes Essentials,In Stock
Sugar Fighter Stevia Jar - Zero Calories & Fat Free Sweetener - Natural Stevia - 1kg,SUGAR FIGHTER,1760.00,6,Not found,11,Diabetes Essentials,In Stock
Prospan Sugar Free Bottle Of 100ml Syrup,PROSPAN,119.11,0,4.5,4,Diabetes Essentials,In Stock
Sugar Free Natura 100 Sachet Sweetener Sachets Box Of 100 'S,SUGAR FREE,149.00,1,4.4,148,Diabetes Essentials,In Stock
Accu-Chek Softclix | 25 Lancets,ACCU-CHEK,125.00,0,4.51,220,Diabetes Essentials,In Stock
Kapiva Thar Aloe Vera Juice (With Pulp) 1l| Natural Juice Made Within 4 Hours Of Harvesting,KAPIVA,280.00,16,4.64,102,Diabetes Essentials,In Stock
Kapiva Aloe Vera + Amla Juice Boosts Immunity - No Added Sugar - 1 L,KAPIVA,469.00,0,4.46,37,Diabetes Essentials,In Stock
Accu-Chek Instant | 50 Test Strips | With Softclix 2 X 25 Lancets,ACCU-CHEK,1366.00,10,3.63,54,Diabetes Essentials,In Stock
Kofol Chewable Tablets Sugar Free Jar Of 60,KOFOL,61.01,17,4.49,191,Diabetes Essentials,In Stock
Contour Plus | Box | Test Strip | 25 No'S,CONTOUR,656.00,4,4.48,29,Diabetes Essentials,In Stock
Tcud3 Nano Sugar Free Bottle Of 5ml Oral Solution,TCUD3,73.73,40,4.21,14,Diabetes Essentials,In Stock
Contour Plus Glucometer Kit | Free 25 Strips,CONTOUR,769.00,23,4.2,113,Diabetes Essentials,In Stock
Sugar Free Green Sweetener With Natural Stevia - 200 G Jar,SUGAR FREE,281.00,6,4.17,75,Diabetes Essentials,In Stock
Accu-Chek Guide | 50 Test Strips,ACCU-CHEK,1490.00,8,4.54,114,Diabetes Essentials,In Stock
Dr Morepen Bg 03 Glucometer Kit (With 25 Strips) With 2 Pack Round Lancet (50 Each) Free,DR MOREPEN,1164.00,45,3.5,10,Diabetes Essentials,In Stock
Onetouch Ultrasoft 2 | Pack Of 25 Lancets | For Use With Onetouch Ultrasoft 2 Lancing Device,ONETOUCH,164.00,0,3,2,Diabetes Essentials,In Stock
Onetouch Verio Test Strips For Use With Onetouch Verio Flex Glucometer Pack Of 25 Strips,ONETOUCH,656.00,4,4.54,37,Diabetes Essentials,In Stock
Contour Ts Blood Glucose | Test Strip | 50 No'S,CONTOUR,1163.00,12,4.21,57,Diabetes Essentials,In Stock
Accu-Chek Softclix | 200 Lancets,ACCU-CHEK,599.99,6,4.23,52,Diabetes Essentials,In Stock
Fixderma Heel Repair Foobetik Foot Cream For Normal Diabetic Foot - 50g,FIXDERMA,325.00,15,4.43,7,Diabetes Essentials,In Stock
Contour Ts Blood Glucose100'S Test Strip,CONTOUR,2326.00,12,4.2,20,Diabetes Essentials,In Stock
Contour Ts Blood Glucose | Test Strip | 25 No'S | Pack Of 2,CONTOUR,1163.00,12,4.3,20,Diabetes Essentials,In Stock
Liveasy Ortho Care Acupressure Slippers - Women (Black) Size 7,LIVEASY,608.00,45,4,39,Diabetes Essentials,In Stock
Kapiva Dia Free Juice | 1l |Diabetes Care | Amla | Karela | Jamun & 8 More (2 Pack),KAPIVA,1124.00,8,3.93,15,Diabetes Essentials,In Stock
Liveasy Ortho Care Acupressure Slippers - Women (Black) Size 5,LIVEASY,937.00,45,3.58,31,Diabetes Essentials,In Stock
Kapiva Wheatgrass Juice 1l | Ayurvedic Juice For Detoxification | High Chlorophyll,KAPIVA,469.00,10,4.27,41,Diabetes Essentials,In Stock
Accu-Chek Active Glucometer Test Strips Box Of 10,ACCU-CHEK,398.00,1,4.06,113,Diabetes Essentials,In Stock
Accusure Life Blood Glucose Metre | 25 Test Strips,ACCUSURE,595.00,24,3.91,22,Diabetes Essentials,In Stock
Lupin Fibopeg Orange Flavour Sugar Free Jar Of 154.8gm Granules,LUPIN FIBOPEG,315.50,0,4.3,10,Diabetes Essentials,In Stock
Protinex Diabetes Care Vanilla Flavour 200g Nutrition Drink For Adults To Control Blood Sugar,PROTINEX,360.00,0,4.25,12,Diabetes Essentials,In Stock
Kapiva Noni Juice 1l | Includes Garcinia And Ashwagandha For Nutrient Absorption,KAPIVA,699.00,16,4.33,33,Diabetes Essentials,In Stock
Accu-Chek Instant Wireless Blood Glucose Meter And Lancing Device | Glucometer | Free 10 Test Strips,ACCU-CHEK,1450.00,11,4.2,142,Diabetes Essentials,In Stock
Accu-Chek Softclix | 25 Lancets | Pack Of 4,ACCU-CHEK,500.00,0,4,8,Diabetes Essentials,In Stock
Accusure Simple Blood Glucose | 25 Test Strips,ACCUSURE,595.00,25,3.85,34,Diabetes Essentials,In Stock
Kapiva Aloe Vera + Garcinia Juice Aids Weight Loss - No Added Sugar - 1 L,KAPIVA,559.00,4,3.92,12,Diabetes Essentials,In Stock
Pharmeasy Women'S Diabetic & Orthopedic Slippers -Ebony- Size Uk 6,PHARMEASY,983.44,48,3.1,10,Diabetes Essentials,In Stock
Onetouch Select Plus Test Strips | Pack Of 50 Strips With 50 Onetouch Delica Plus Lancets,ONETOUCH,1448.00,10,4.3,10,Diabetes Essentials,In Stock
Pharmeasy Women'S Diabetic & Orthopedic Slippers -Olive Green - Size Uk 6,PHARMEASY,983.00,48,1.67,3,Diabetes Essentials,In Stock
Accusure Simple Blood Glucose | 2 X 50 Test Strips,ACCUSURE,2250.00,44,3.91,11,Diabetes Essentials,In Stock
Ensure Plus Vanilla Nutrition Drink Jar Of 400 G,ENSURE,870.00,3,4.35,130,Diabetes Essentials,In Stock
Sugar Free Gold Plus Sweetener Bottle Of 100 Pellets,SUGAR FREE,75.00,1,4.41,44,Diabetes Essentials,In Stock
Pharmeasy Women'S Diabetic & Orthopedic Slippers -Olive Green - Size Uk 8,PHARMEASY,983.00,0,4,4,Diabetes Essentials,In Stock
Onetouch Verio Glucometer Test Strip 100s Pack,ONETOUCH,2334.00,12,3.82,33,Diabetes Essentials,In Stock
Pharmeasy Women'S Diabetic & Orthopedic Slippers -Ebony- Size Uk 8,PHARMEASY,983.44,48,4.25,4,Diabetes Essentials,In Stock
Celevida Nutrition Drink For Diabetes Care & Immunity Support Kesar Elaichi - 200g,CELEVIDA,459.00,0,4.07,27,Diabetes Essentials,In Stock
Fixderma Foot Cream For Dry Cracker Or Calloused Foot Skin 60gm,FIXDERMA,300.00,30,4.33,3,Diabetes Essentials,In Stock
Ensure Balanced Nutrition For Adults Vanilla Flavour With Hbm Box Of 200 Gm,ENSURE,390.00,3,4.45,110,Diabetes Essentials,In Stock
Control D Test Strips - 25 Strips,CONTROL D,559.00,29,4.25,28,Diabetes Essentials,In Stock
Onetouch Delica Plus Lancets | Pack Of 25 Lancets | For Use With Onetouch Delica Plus Lancing Device,ONETOUCH,175.00,0,3.88,8,Diabetes Essentials,In Stock
Control D Test Strips - 50 Strips,CONTROL D,1069.01,27,4.33,40,Diabetes Essentials,In Stock
Dr. Morepen Blood Sugar Glucometer | Bg-03 | Free 100 Strip & 2 Pack Round Lancet,DR MOREPEN,1698.00,26,3.56,16,Diabetes Essentials,In Stock
Kapiva Rajasthani Neem Juice 1l| Natural Juice Made From Fresh Neem Leaves | Healthy Hair & Skin,KAPIVA,327.00,17,4.24,29,Diabetes Essentials,In Stock
Kapiva Wild Tulsi Giloy Juice 1l | Natural Juice For Building Immunity,KAPIVA,375.00,5,4.61,69,Diabetes Essentials,In Stock
Kapiva Triphala Juice 1l| Ayurvedic Formula Acts As Herbal Laxative | Digestive Care,KAPIVA,279.00,16,4.3,30,Diabetes Essentials,In Stock
Himalaya Mentat Ds | Sugar Free | Syrup | 100 Ml,HIMALAYA,187.50,3,4.1,30,Diabetes Essentials,In Stock
Pharmeasy Women'S Diabetic & Orthopedic Slippers -Olive Green - Size Uk 5,PHARMEASY,983.00,48,3.67,3,Diabetes Essentials,In Stock
Accu-Chek Active 100 (50x2) Test Strips + 4 Pack Of Softclix Lancet 25 Combikit,ACCU-CHEK,2435.61,0,4.55,22,Diabetes Essentials,In Stock
Control D Test Strips - 100 Strips,CONTROL D,2014.69,36,4.22,9,Diabetes Essentials,In Stock
Keto-Diastix Reagent Strip For Urinalysis,KETO,295.00,25,3,2,Diabetes Essentials,In Stock
Onetouch Delica Plus Lancets | Pack Of 50 Lancets | For Virtually Pain Free Blood Glucose Testing,ONETOUCH,350.00,0,1.5,2,Diabetes Essentials,In Stock
Accu-Chek Softclix Lancing Device | Glucometer | With 25 Lancets,ACCU-CHEK,425.00,0,2.5,2,Diabetes Essentials,In Stock
Arkray Glucocard 01 Mini / Mini+ 25 Glucometer Strips,ARKRAY,703.00,10,4.12,8,Diabetes Essentials,In Stock
Contour Plus Elite Blood Glucose Monitoring System With Contour Plus Test Strip 20s Free,CONTOUR PLUS,1123.00,18,4.43,7,Diabetes Essentials,In Stock
Sugar Free Natura Sachet 50,SUGAR FREE,79.69,2,4.43,7,Diabetes Essentials,In Stock
Accu-Chek Instant | 2 X 50 Test Strips | With Softclix 200 Lancets,ACCU-CHEK,2830.00,15,3.64,11,Diabetes Essentials,In Stock
Accu-Chek Instant Wireless Blood Glucose Monitoring System | Glucometer | Free 60 Test Strips,ACCU-CHEK,2565.00,14,3.69,16,Diabetes Essentials,In Stock
Onetouch Select Plus Test Strips | Pack Of 10 Strips | For Use With Onetouch Select Plus Simple,ONETOUCH,399.00,0,4.17,6,Diabetes Essentials,In Stock
Onetouch Verio Flex Glucometer Machine | Free 10 Test Strips + 10 Sterile Lancets + 1 Lancing Device,ONETOUCH,1490.00,9,3.56,18,Diabetes Essentials,In Stock
Kapiva Bp Care Juice - 100% Ayurvedic Juice For Controlling Blood Pressure & Cholesterol Level - 1l,KAPIVA,983.00,4,3.71,7,Diabetes Essentials,In Stock
Kapiva Karela Jamun Juice (2l)|Controls Blood Sugar Levels | Lowers Bad Cholesterol|Super Saver Pack,KAPIVA,749.00,18,4,6,Diabetes Essentials,In Stock
Control D 100 Sterile Comfort Lancets 100,CONTROL D,349.00,30,3,2,Diabetes Essentials,In Stock
Digeplex Digestion Liquid Sugar Free Bottle Of 200ml,DIGEPLEX,178.40,0,4.47,100,Diabetes Essentials,In Stock
Thyrocare Sugarscan Blood Glucose Test Strips With Free Lancets (25 Strips + 25 Lancets),THYROCARE,561.56,20,3.73,11,Diabetes Essentials,In Stock
Standard Mentor Blood Glucose 50'S Strips,STANDARD,1022.00,16,4.73,11,Diabetes Essentials,In Stock
Alere G1 Test Strips 100,ALERE,1300.00,47,3.38,8,Diabetes Essentials,In Stock
Kapiva Liver Care Juice | With 5 Ayurvedic Herbs To Benefit Liver Health,KAPIVA,655.00,0,4,7,Diabetes Essentials,In Stock
Poct Lancet Round - 1pc,POCT,300.00,25,5,4,Diabetes Essentials,In Stock
Jubilant Nutrihance For Diabetes Management Kesar Elaichi Flavour | 350g,JUBILANT NUTRIHANCE,791.95,10,3.8,5,Diabetes Essentials,In Stock
Onetouch Select Plus Test Strips | 2 Packs Of 50 Strips Each (Total 100 Strips),ONETOUCH,2240.00,10,4,3,Diabetes Essentials,In Stock
Accu-Chek Guide 2 Packs Of 50 Strips,ACCU-CHEK,2794.00,12,4.5,8,Diabetes Essentials,In Stock
Onetouch Verio Test Strips |2 Packs Of 50 Strips Each (Total 100 Strips),ONETOUCH,2334.00,13,4.5,4,Diabetes Essentials,In Stock
So Sweet Stevia (500) Tablets Dispenser - Sugar Free,SO SWEET,450.00,33,3.8,10,Diabetes Essentials,In Stock
Arkray Glucocard 01 Sensor For Mini / + 50 Glucometer Strips,ARKRAY,1313.00,1,4,10,Diabetes Essentials,In Stock
Accusure Life Blood Glucose Metre | With 25 Test Strips,ACCUSURE,1594.00,69,3.25,8,Diabetes Essentials,In Stock
Accusure Simple Blood Glucose Monitoring System | Glucometer,ACCUSURE,730.00,42,2.7,20,Diabetes Essentials,In Stock
Accu-Chek Active 2 Packs Of 100 (50x2) Test Strips + 1 Pack Of Softclix Lancet 200,ACCU-CHEK,4532.00,15,4.86,7,Diabetes Essentials,In Stock
Thyrocare Sugarscan Blood Glucose Monitoring Device (Free 25 Strips | 25 Lancets | Lancing Device),THYROCARE,1406.25,0,5,1,Diabetes Essentials,In Stock
Kapiva Hair Care Juice | For Hair Nourishment From Within | With Amla Noni Bhringraj & Ashwagandha,KAPIVA,796.00,6,3.67,3,Diabetes Essentials,In Stock
Kapiva Thar Aloe Vera Juice (With Pulp) 1l | Rejuvenates Skin And Hair |No Added Sugar (Pack Of 2),KAPIVA,534.00,11,Not found,3,Diabetes Essentials,In Stock
Kapiva Get Slim Juice (2l)|Healthy Weight Management With 12 Ayurvedic Herbs - Super Saver Pack Of 2,KAPIVA,1029.00,3,5,2,Diabetes Essentials,In Stock
So Sweet Stevia (500) Tablets Dispenser - Sugar Free (Pack Of 2),SO SWEET,860.00,31,Not found,2,Diabetes Essentials,In Stock
Accu-Chek Guide Meter (Bluetoooth) With 10 Strips + Accu-Chek Guide 50 Strips,ACCU-CHEK,3496.00,14,4,2,Diabetes Essentials,In Stock
Onetouch Select Plus Simple Glucometer Combo With 50 Test Strips & 10 Ultrasoft Lancets,ONETOUCH,2274.00,10,4.33,3,Diabetes Essentials,In Stock
Liveasy Essentials Diabetic & Orthopedic Slippers (Style 2) - Women Black- Size Uk-4,LIVEASY,937.00,70,3.2,5,Diabetes Essentials,In Stock
Onetouch Verio Flex Glucometer Combo With 50 Test Strips & 10 Lancets |Syncs Results With Mobile App,ONETOUCH,2575.00,14,1,3,Diabetes Essentials,In Stock
Kapiva Virgin Cold-Pressed Coconut Oil|100% Pure | Organic & Edible (500ml) - Super Saver Pack Of 2,KAPIVA,998.00,18,3.5,2,Diabetes Essentials,In Stock
Chemist At Play Foot Cream For Cracked Heels & Diabetic Foot | Up To 24 Hours Of Moisturization 50gm,CHEMIST AT PLAY,349.00,11,4,1,Diabetes Essentials,In Stock
Pharmeasy Men'S Diabetic & Orthopedic Slippers -Ebony- Size Uk 11,PHARMEASY,983.44,50,2.38,8,Diabetes Essentials,In Stock
Kapiva Aloe Vera & Garcinia Juice (1l) + Get Slim Juice (1l)|Weight Managing & Digestion Stimulation,KAPIVA,1025.00,3,Not found,8,Diabetes Essentials,In Stock
Accu-Chek Safe T Pro Uno | 200 Lancets,ACCU-CHEK,3000.00,17,4.14,7,Diabetes Essentials,In Stock
Kapiva Wild Amla Juice (2l)|Cold-Pressed Amlas From Pratapgarh|Helps Detox - Super Saver Pack Of 2,KAPIVA,561.00,16,Not found,7,Diabetes Essentials,In Stock
So Sweet Stevia (100)Tablets Dispenser - Sugar Free,SO SWEET,115.00,4,3.17,6,Diabetes Essentials,In Stock
Arkray G+ Blood Glucose Monitor Meter With 50 Test Strips Bottlepack Glucometer,ARKRAY,1873.00,49,2.67,3,Diabetes Essentials,In Stock
Arkray Glucocard G+ 50 Glucometer Strips,ARKRAY,1077.00,4,5,1,Diabetes Essentials,In Stock
Onetouch Select Plus Simple Glucometer Combo With 25 Test Strips & 10 Ultrasoft Lancets,ONETOUCH,1708.00,19,Not found,1,Diabetes Essentials,In Stock
Control D Comfort Lancing Device,CONTROL D,233.44,30,2.15,13,Diabetes Essentials,In Stock
Arkray Glucocard G+ 25 Glucometer Strips,ARKRAY,656.00,16,4.33,3,Diabetes Essentials,In Stock
So Sweet Stevia 25 Sachet Sugar Free Sweetener (Pack Of 3),SO SWEET,255.00,3,Not found,3,Diabetes Essentials,In Stock
Onetouch Delica Plus Lancing Device| For Virtually Pain Free Blood Glucose Testing,ONETOUCH,431.00,3,Not found,3,Diabetes Essentials,In Stock
Contour Plus Elite Blood Glucose Monitoring System With Contour Plus Test Strip 25s Free,CONTOUR PLUS,1123.00,20,4.67,3,Diabetes Essentials,In Stock
Sugar Fighter Stevia Powder Jar Of 100 G,SUGAR FIGHTER,275.00,2,4.67,9,Diabetes Essentials,In Stock
Onetouch Verio Flex Glucometer Combo With 50 Test Strips & 60 Lancets |Syncs Results With Mobile App,ONETOUCH,2892.00,11,4.5,4,Diabetes Essentials,In Stock
"Kapiva Wild Amla Juice (3l)|Cold-Pressed Amlas|Helps Boosts Skin, Hair Health, & Detox - Saver Pack",KAPIVA,897.00,17,Not found,4,Diabetes Essentials,In Stock
Onetouch Verio Test Strips | Pack Of 10 Strips | For Use With Onetouch Verio Flex Glucometer,ONETOUCH,370.00,0,3.67,3,Diabetes Essentials,In Stock
Accu-Chek Guide Wireless Blood Glucose Monitoring System | Glucometer | Free 10 Test Strip,ACCU-CHEK,2108.44,15,5,2,Diabetes Essentials,In Stock
Muout Plus Sugar Free Powder 119gm,MUOUT,349.68,7,5,1,Diabetes Essentials,In Stock
So Sweet Stevia Liquid 100 Drops (5ml) Natural Sweetener 100% Natural Sweetener-Sugarfree,SO SWEET,55.00,0,2,1,Diabetes Essentials,In Stock
So Sweet Stevia (500) Tablets Dispenser - Sugar Free (Pack Of 3),SO SWEET,1350.00,44,4,2,Diabetes Essentials,In Stock
Kapiva Aloe Vera + Amla Juice (2l)|Cold-Pressed Juice For Glowing Skin & Metabolism|Super Saver Pack,KAPIVA,559.00,16,5,4,Diabetes Essentials,In Stock
Kapiva A2 Shudh Desi Ghee Helps Reduces Joint Pain And Improves Heart Functioning - 500ml,KAPIVA,1405.00,22,4,1,Diabetes Essentials,In Stock
Sugar Free Natura Sugar Substitute Sachets Low Calorie Box Of 25,SUGAR FREE,45.00,0,5,1,Diabetes Essentials,In Stock
Zindagi Stevia Tablets | Stevia Powder Sugarfree Tablets | Sugar Substitute|100 Tablets| Pack Of 1,ZINDAGI,165.00,10,Not found,1,Diabetes Essentials,In Stock
Kapiva Hair Care Juice (2l)|For Hair Growth & Hair Fall Control|100% Ayurvedic|Super Saver Pack Of 2,KAPIVA,1698.00,11,Not found,1,Diabetes Essentials,In Stock
Kapiva Aloe Vera Juice (1l)+ Wheatgrass Juice(1l)|Better Digestion | General Wellness |Skin Care,KAPIVA,713.00,20,4,4,Diabetes Essentials,In Stock
Sugar Fighter Stevia Tablets - No Calories Natural Stevia - 200 Tablets (Pack Of 2),SUGAR FIGHTER,390.00,10,Not found,4,Diabetes Essentials,In Stock
Arkray Max Glucocard 01-Mini Glucometer (Black),ARKRAY,1397.00,49,4.4,5,Diabetes Essentials,In Stock
Accu-Chek Active Blood Glucose Monitoring System | Glucometer | Free 35 Test Strips,ACCU-CHEK,1869.00,12,3.6,5,Diabetes Essentials,In Stock
Pharmeasy Men'S Diabetic & Orthopedic Slippers - Coal Black - Size Uk 6,PHARMEASY,983.44,50,1,1,Diabetes Essentials,In Stock
So Sweet Stevia 50 Sachet Sugar Free Sweetener,SO SWEET,170.00,10,5,1,Diabetes Essentials,In Stock
Poct Lancing Device - 1pc,POCT,280.00,46,4.43,7,Diabetes Essentials,In Stock
So Sweet Stevia Powder Sugar Free Zero Calorie Sweetener (250g),SO SWEET,400.00,18,3.6,5,Diabetes Essentials,In Stock
So Sweet Stevia Liquid Sugar Free 100 Drops | Zero Calorie | (Pack Of 2x5ml),SO SWEET,110.00,1,Not found,5,Diabetes Essentials,In Stock
Liveasy Essentials Orthopaedic And Diabetic Comfortable Slippers-Black - Mens'Uk 6,LIVEASY,937.00,70,2.83,6,Diabetes Essentials,In Stock
Arkray Glucocard G+ 50 Bottlepack Blood Glucose Test Strips For Glucocard G+,ARKRAY,1077.00,17,1,1,Diabetes Essentials,In Stock
Accu-Chek Instant Wireless Blood Glucose Monitoring System | Glucometer | Free 35 Test Strips,ACCU-CHEK,2195.00,11,3.88,8,Diabetes Essentials,In Stock
Sugar Fighter Stevia Liquid - Zero Calories - Natural Stevia - Sugar-Free Combo - 30 Ml (Pack Of 2),SUGAR FIGHTER,580.00,15,5,2,Diabetes Essentials,In Stock
So Sweet Xylitol Powder Natural Sweetener 1 Kg,SO SWEET,1300.00,27,Not found,2,Diabetes Essentials,In Stock
Arkray Glucocard G+ 100 Bottlepack Blood Glucose Test Strips For Glucocard G+,ARKRAY,1725.00,11,4,1,Diabetes Essentials,In Stock
So Sweet Erythritol Powder 250gm Natural Sweetener Sugar Free (Pack Of 2),SO SWEET,500.00,20,Not found,1,Diabetes Essentials,In Stock
Zindagi Stevia Powder Sachets |100% Sugarfree|Zero Calorie|Diabetic Friendly|50 Sachets|Pack Of 3,ZINDAGI,495.00,10,Not found,1,Diabetes Essentials,In Stock
So Sweet Stevia 25 Gms Stevia Leaves 100% Natural Sweetener - Sugarfree (Pack Of 2),SO SWEET,170.00,4,5,1,Diabetes Essentials,In Stock
So Sweet Stevia 25 Gms Stevia Leaves 100% Natural Sweetener - Sugarfree (Pack Of 4),SO SWEET,340.00,33,Not found,1,Diabetes Essentials,In Stock
So Sweet Stevia Powder Sugar Free Zero Calorie Sweetener (1 Kg),SO SWEET,1430.00,23,2,2,Diabetes Essentials,In Stock
So Sweet Stevia Powder Sugar Free Zero Calorie Sweetener (100g),SO SWEET,185.00,2,5,1,Diabetes Essentials,In Stock
Cetaphil Gentle Skin Cleanser | Dry To Normal Sensitive Skin | 125 Ml,CETAPHIL,429.00,7,4.35,196,Personal Care,In Stock
Calcimax 500mg Strip Of 30 Tablets,CALCIMAX,379.00,27,4.36,618,Personal Care,In Stock
Refresh Tears 0.5% Bottle Of 10ml Eye Drops,REFRESH TEARS,131.27,0,4.38,310,Personal Care,In Stock
Bontress Pro+ Scalp Serum | 5% Capixyl | 3% Redensyl | 3% Anagain | 3% Procapil | 60 Ml,BONTRESS,1500.00,6,4.04,54,Personal Care,In Stock
La Shield Fisico Matte Sunscreen Gel | Expert Sensitive Protect | Spf 50 + Pa +++ | 50 Gm,LA SHIELD,750.00,4,3.91,106,Personal Care,In Stock
Scalpe Plus Expert Anti-Dandruff Shampoo With Ketoconazole | 75ml,SCALPE,344.40,14,4.37,978,Personal Care,In Stock
Minimalist Hyaluronic Acid 2% Serum For Intense Hydration Glow & Fines Lines With Vitamin B5 (30ml),MINIMALIST,599.00,10,4,4,Personal Care,In Stock
Brinton Uv Doux Spf 50 Tube Of 50gm Silicone Sunscreen Gel,UV DOUX,845.00,17,4.45,116,Personal Care,In Stock
Liveasy Healthy Roasted Seed Mix - Blend Of 6 Fibre Rich Healthy Roasted Seeds - 200 Gms,LIVEASY,374.00,42,4.09,672,Personal Care,In Stock
Everherb Aloe Vera Juice With Pulp - Rejuvenates Skin & Hair - 1l Bottle (By Pharmeasy),EVERHERB,374.00,47,4.0,797,Personal Care,In Stock
Everherb Pain Relief Oil - Blend Of 8 Powerful Herbal Ingredients - 100 Ml (By Pharmeasy),EVERHERB,374.00,48,3.93,801,Personal Care,In Stock
Venusia Max Intensive Moisturizing | Normal To Dry Skin | Lotion | 500 Gm,VENUSIA,1317.00,18,4.49,365,Personal Care,In Stock
Pharmeasy Calcium Magnesium Vitamin D3 & Zinc - Bones & Dental Health - Bottle 60,PHARMEASY,533.00,43,3.85,404,Personal Care,In Stock
Photostable Gold Matte Finish Spf 55 Sunscreen Gel 50g,PHOTOSTABLE,945.00,5,4.34,83,Personal Care,In Stock
Liveasy Wellness Calcium Magnesium Vitamin D3 & Zinc - Bones & Dental Health - Bottle 60 Tabs,LIVEASY,533.00,43,4.14,583,Personal Care,In Stock
Venusia Max Intensive Moisturizing | For Dry And Very Dry Skin | Cream | 150 Gm,VENUSIA,739.00,12,4.5,571,Personal Care,In Stock
Mildy Tube Of 100ml Shampoo,MILDY,200.00,0,4.48,86,Personal Care,In Stock
Pharmeasy Fish Oil 1000mg Soft Gelatin 60 Capsules,PHARMEASY,578.00,46,4.47,79,Personal Care,In Stock
Everherb Flaxseed Omega 3 - Essential Fatty Acids - Healthy Heart - Bottle Of 60 (By Pharmeasy),EVERHERB,749.00,48,4.15,316,Personal Care,In Stock
Liveasy Wellness Multivitamin Multimineral - Immunity Booster - Complete Nutrition - Bottle Of 60,LIVEASY,622.00,40,4.11,486,Personal Care,In Stock
Everherb Ashwagandha - Immunity Booster - Anxiety & Stress - Bottle Of 60 Capsules (By Pharmeasy),EVERHERB,562.00,48,3.87,450,Personal Care,In Stock
Acne Uv Advanced Light Protection Spf 50+ Pa+++ Sunscreen Gel 50 Gm,ACNE,975.00,12,3.99,160,Personal Care,In Stock
Pharmeasy Apple Cider Vinegar With Mother -Improves Metabolism- 500ml Bottle,PHARMEASY,649.00,53,3.62,128,Personal Care,In Stock
Revital Men Complete Multivitamin | With Natural Ginseng | 30 Capsules,REVITAL,293.00,4,4.37,612,Personal Care,In Stock
Pharmeasy Biotin 10000mcg - For Hair | Skin & Nails - Bottle Of 60,PHARMEASY,655.00,44,3.83,127,Personal Care,In Stock
Episoft Ac Moisturizer | With Microencapsulated Suncreen | Spf 30 | 75 Gm,EPISOFT,639.01,7,4.25,154,Personal Care,In Stock
Senquel F Fast Relief & Enamel Protection For Sensitive Teeth Sugar Free Toothpaste 100 Gm,SENQUEL,190.00,0,4.58,19,Personal Care,In Stock
Moiz Cleansing Lotion - Face & Body 400ml,MOIZ,850.00,10,3.67,12,Personal Care,In Stock
Everherb Moringa - Immunity Booster - Natural Multivitamin - Bottle Of 60 Capsules (By Pharmeasy),EVERHERB,562.00,53,3.81,280,Personal Care,In Stock
Ahaglow Advanced Tube Of 100gm Face Wash Gel,AHAGLOW,565.00,6,4.1,29,Personal Care,In Stock
Ahaglow Advanced Tube Of 200gm Face Wash Gel,AHAGLOW,798.00,7,4.25,173,Personal Care,In Stock
Ethiglo Skin Whitening Face Wash 200gm,ETHIGLO,520.00,9,4.31,166,Personal Care,In Stock
Refresh Liquigel Eye Drops,REFRESH TEARS,177.11,0,4.14,77,Personal Care,In Stock
Scalpe Pro Anti-Dandruff Shampoo Bottle Of 100 Ml,SCALPE,195.00,4,3.95,231,Personal Care,In Stock
Selsun 2.5% Topical Suspension For Anti Dandruff | Reduces Flaking And Itching | 120ml,SELSUN,478.51,9,4.44,494,Personal Care,In Stock
Pharmeasy Iron+Folic Acid With Zinc | Vitamin C &B12 - Maintains Overall Health - Bottle Of 60,PHARMEASY,529.00,49,4.15,110,Personal Care,In Stock
Sensodyne Sensitive Repair & Protect Toothpaste Tube Of 100 G,SENSODYNE,240.00,10,4.41,423,Personal Care,In Stock
Triclenz Hair Cleanser Bottle Of 250 Ml,TRICLENZ,578.38,4,4.42,137,Personal Care,In Stock
Ahaglow S Bottle Of 100ml Foaming Face Wash,AHAGLOW,877.00,6,4.14,232,Personal Care,In Stock
Tugain Men 5% Minoxidil Bottle Of 60ml Solution,TUGAIN,943.65,10,3.71,41,Personal Care,In Stock
Ethiglo Skin Whitening Face Wash 70gm,ETHIGLO,260.00,0,4.08,51,Personal Care,In Stock
Liveasy Anti-Fungal Dusting Powder - 100 Gm - Prickly Heat & Skin Irritation - Clinically Proven,LIVEASY,121.87,15,3.78,170,Personal Care,In Stock
Ekran Soft Spf 50 Plus Tube Of 50gm Silicone Sunscreen Gel,EKRAN,795.00,13,4.19,21,Personal Care,In Stock
New Photostable Spf55+ Sunscreen Emulgel 50g,PHOTOSTABLE,868.00,4,4.23,75,Personal Care,In Stock
Everherb Ashwagandha - Immunity Booster - Anxiety & Stress - Bottle Of 90 Capsules (By Pharmeasy),EVERHERB,749.00,48,3.96,159,Personal Care,In Stock
Mildy Ahf Shampoo 100ml,MILDY,333.50,6,4.23,53,Personal Care,In Stock
Moisturex Cream 100gm,MOISTUREX,300.00,3,4.51,209,Personal Care,In Stock
Tetmosol Medicated Soap For Relief From Skin Infections And Daily Bathing 100gm,TETMOSOL,96.10,5,4.28,607,Personal Care,In Stock
Himalaya Purifying Neem | Prevents Pimples | Face Wash | 150 Ml,HIMALAYA,279.00,10,4.26,118,Personal Care,In Stock
Ketomac 2% Shampoo 110ml,KETOMAC,225.00,24,4.08,36,Personal Care,In Stock
Sebamed Clear Face Cleansing Foam - 150ml,SEBAMED,680.00,3,4.43,169,Personal Care,In Stock
Everherb Neem - Immunity Booster - Hair & Skin Detoxifier - Bottle Of 60 Capsules (By Pharmeasy),EVERHERB,562.00,49,3.69,159,Personal Care,In Stock
Tugain Twins 5% Minoxidil Bottle Of 60ml Solution (Pack Of 2),TUGAIN,1559.75,30,3.39,28,Personal Care,In Stock
Everherb Karela - Blood Sugar Control - Lowers Bad Cholestrol - Bottle Of 60 Capsules (By Pharmeasy),EVERHERB,561.56,49,3.75,211,Personal Care,In Stock
Moiz Cleansing Lotion - Face & Body 200ml,MOIZ,460.00,9,3.94,17,Personal Care,In Stock
Sensodyne Rapid Relief Toothpaste Tube Of 80 G,SENSODYNE,187.01,10,4.58,235,Personal Care,In Stock
Saslic 1% Foaming Face Wash 60ml,SASLIC,440.00,2,3.91,94,Personal Care,In Stock
Saslic Ds Foaming Salicylic Acid Face Wash 60ml,SASLIC DS,495.00,4,4.21,130,Personal Care,In Stock
Durex Condoms Extra Time- 3 Pieces,DUREX,90.00,2,3.69,72,Personal Care,In Stock
Acne Uv Advanced Light Protection Spf 30+ Pa++++ Sunscreen Gel 60 Gm,ACNE,924.00,11,4.25,72,Personal Care,In Stock
Durex Extra Dots Packet Of 10 Condoms,DUREX,324.00,30,4.13,105,Personal Care,In Stock
Hydent K Medicated Oral Gel | For Sensitive Teeth | 100 Gm,HYDENT,197.94,4,4.5,282,Personal Care,In Stock
Himalaya Gentle Baby Powder 400 Gm,HIMALAYA BABY,302.00,12,4.44,145,Personal Care,In Stock
La Shield Fisico Matte Sunscreen Gel | Expert Sensitive Protect | Spf 50 + Pa +++ | 50 Gm,LA SHIELD,750.00,4,3.91,106,Personal Care,In Stock
Durex Love Sex Extra Thin Condoms | Box | 10 No'S,DUREX,324.00,27,4.04,96,Personal Care,In Stock
Tugain 5% Minoxidil Bottle Of 60ml Solution,TUGAIN,961.64,4,3.38,13,Personal Care,In Stock
Liveasy Tongue Cleaner - Pack Of 2 - Removes All Particles & Freshens Mouth,LIVEASY,99.00,15,3.66,149,Personal Care,In Stock
Xerina Cream 50gm,XERINA,487.00,6,4.45,126,Personal Care,In Stock
Pharmeasy Calcium Magnesium Vitamin D3 & Zinc - Bones & Dental Health - Bottle 120,PHARMEASY,800.00,45,4.23,137,Personal Care,In Stock
New Kera Xl Bottle Of 60ml Hair Growth Serum,KERA XL,1392.00,10,3.48,21,Personal Care,In Stock
Biluma Cream 15gm,BILUMA,739.00,20,4.21,84,Personal Care,In Stock
Ekran Spf 30 Plus Tube Of 50gm Aqua Gel,EKRAN,410.00,8,4.8,5,Personal Care,In Stock
Pharmeasy Multivitamin Gummies For Kids And Adults Lemon & Strawberry Flavour Bottle Of 30 Gummies,PHARMEASY,444.00,39,3.71,124,Personal Care,In Stock
Durex Mutual Climax Packet Of 10 Condoms,DUREX,478.00,31,4.16,103,Personal Care,In Stock
Daffy Baby Ph 5.5 Cleansing & Moisturizing Bathing Bar 75gm,DAFFY,199.00,11,4.37,27,Personal Care,In Stock
Cheerio 0.35% Oral Gel 75gm,CHEERIO,179.76,0,4.74,68,Personal Care,In Stock
Everherb Amla - Immunity Booster - Natural Vitamin C - Bottle Of 60 Capsules (By Pharmeasy),EVERHERB,559.00,54,3.77,128,Personal Care,In Stock
Sebamed Anti-Dandruff Shampoo 200ml | Ph 5.5 | Hair & Dandruff Prone Scalp| 50% Reduction In 14 Days,SEBAMED,680.00,3,4.2,117,Personal Care,In Stock
Pharmeasy Joint Support - Maintains Joints Mobility - Bone & Joint Health - Bottle Of 60,PHARMEASY,711.00,35,3.64,98,Personal Care,In Stock
Liveasy Aloe Vera Facial Wipes - Pack Of 20 - Refreshing Lemon Flavour Cleansing Wipes,LIVEASY,68.99,15,4.33,33,Personal Care,In Stock
Acne Uv Advanced Light Protection Spf 30+ Pa+++ Sunscreen Gel 30 Gm,ACNE,552.00,4,4.67,12,Personal Care,In Stock
Pharmeasy Multivitamin Women - Overall Women Wellness - Builds Immunity - Bottle Of 60,PHARMEASY,711.00,47,4.2,59,Personal Care,In Stock
Moisturex Syndet Bar 75gm,MOISTUREX,202.00,4,4.6,20,Personal Care,In Stock
Selsun Daily Anti-Dandruff Shampoo For Dry Scalp Bottle Of 120ml,SELSUN,453.18,9,3.78,58,Personal Care,In Stock
Lacto Calamine Daily Cleansing Face Wipes With Aloe Vera Cucumber And Vitamin E - 25 Wipes,LACTO CALAMINE,150.00,22,4.55,56,Personal Care,In Stock
Ayouthveda Sparkling Gold Night Cream With Kashmiri Saffron & 24k Gold To Reduce Wrinkles 50 Gm,AYOUTHVEDA,1575.00,30,Not found,56,Personal Care,In Stock
Sensodyne Sensitive Fresh Gel Toothpaste Tube Of 150 G,SENSODYNE,245.00,10,4.44,256,Personal Care,In Stock
Unwanted 72 Strip Of 1 Tablet,UNWANTED,76.00,16,4.12,120,Personal Care,In Stock
Durex Condoms Mutual Climax - 3s,DUREX,174.00,8,4.06,49,Personal Care,In Stock
Pharmeasy Vitamin D3 - Supports Bone Health - Helps In Absorption Of Calcium - Bottle Of 60,PHARMEASY,608.00,47,4.07,60,Personal Care,In Stock
Durex Extra Thin Intense Chocolate Flavoured Condoms For Men -10s,DUREX,198.00,0,4,20,Personal Care,In Stock
Excela Moisturiser Bottle Of 50gm Pump,EXCELA,610.50,10,4.14,59,Personal Care,In Stock
Thermokind F Spearmint Flavour Sugar Free Tube Of 100gm Gel,THERMOKIND,154.68,13,4.28,133,Personal Care,In Stock
Shy Nm Tube Of 50 Gm Toothpaste,SHY NM,178.00,2,4.75,8,Personal Care,In Stock
Tonenglo Face Wash Tube Of 100 G,TONENGLO,390.00,17,4.34,112,Personal Care,In Stock
Lite Glo Face Wash Tube Of 100 Ml,LITE GLO,525.01,6,4.39,142,Personal Care,In Stock
Cetaphil Gentle Skin Cleanser | Face & Body | 250 Ml,CETAPHIL,769.00,5,4.16,116,Personal Care,In Stock
Durex Extra Ribbed Packet Of 10 Condoms,DUREX,324.00,34,4.24,68,Personal Care,In Stock
Candid Multi Benefit Soap | For Fungal Infection | 75 Gm,CANDID,105.44,0,4.2,10,Personal Care,In Stock
Pharmeasy Multivitamin Multimineral - Immunity Booster - Complete Nutrition - Bottle Of 120,PHARMEASY,1156.00,48,4.19,78,Personal Care,In Stock
La Shield Sunscreen Gel | Expert Acne Protect | Spf 40 Pa +++ | 50 Gm,LA SHIELD,850.00,4,4.31,51,Personal Care,In Stock
Eyemist Tube Of 10gm Eye Gel,EYEMIST,421.88,9,4.39,98,Personal Care,In Stock
Pearldew Deep Cleansing Face Wash 100 Ml | Neem & Aloe Vera | Paraben Free (Pack Of 2),PEARLDEW,498.00,15,Not found,98,Personal Care,In Stock
Durex Air Ultra Thin Packet Of 10 Condoms,DUREX,324.00,30,4.15,96,Personal Care,In Stock
Sensodent Kf Cavity Protection Toothpaste 75gm,SENSODENT,120.75,0,4.5,4,Personal Care,In Stock
Cetaphil Dam Daily Advance Ultra Hydrating Lotion | Face & Body | 100 Gm,CETAPHIL,765.00,5,4.29,121,Personal Care,In Stock
Episoft Cl Cleansing Lotion 250ml,EPISOFT,599.99,4,3.94,126,Personal Care,In Stock
Sebamed Clear Face Care Gel 50ml | Ph 5.5 | Acne Prone Skin | Hyaluron & Aloe Vera,SEBAMED,550.00,3,4.14,74,Personal Care,In Stock
Moisturex Soft Cream 300gm,MOISTUREX,768.75,6,4.45,121,Personal Care,In Stock
Health Ok Multi Vitamin Multiminerals Lemon Flavour Bottle Of 30 Tablets,HEALTH OK,293.00,27,4.32,66,Personal Care,In Stock
Physiogel Hypoallergenic Daily Moisture Therapy Body Lotion 100ml,PHYSIOGEL,660.00,15,4.1,21,Personal Care,In Stock
Anaboom Plus Anti Hair Fall Shampoo 100ml,ANABOOM,422.28,4,4.36,14,Personal Care,In Stock
Pharmeasy Vitamin C (990mg) With Zinc (10mg) - Powerful Immunity Booster - 60 Veg Tablets,PHARMEASY,711.00,10,4.37,19,Personal Care,In Stock
Alograce Cream 50gm,ALOGRACE,220.00,14,4.52,120,Personal Care,In Stock
Tugain 2% Minoxidil Solution 60ml,TUGAIN,438.36,6,4,1,Personal Care,In Stock
Durex Condoms Extra Ribbed- 3 Pieces,DUREX,108.00,2,3.74,27,Personal Care,In Stock
Acnelak 4 In 1 Face Wash Of Tube 100 Ml,ACNELAK,430.00,9,4.5,111,Personal Care,In Stock
Pronuries Tube Of 100ml Shampoo,PRONURIES,331.00,6,4.67,3,Personal Care,In Stock
Cetaphil Gentle Skin Cleanser | Face & Body | 1l,CETAPHIL,1899.00,5,3.53,131,Personal Care,In Stock
New Manforce Dots 1740 Extra Dotted Litchi Flavour Condoms 10 No'S,MANFORCE,130.00,19,4.33,100,Personal Care,In Stock
Cetaphil Moisturising Cream | Dry To Normal Sensitive Skin | 80 Gm,CETAPHIL,669.00,2,4.38,120,Personal Care,In Stock
Venusia Derm Moisturizing | Cream | 75 Gm,VENUSIA,403.00,6,4.46,59,Personal Care,In Stock
Lotus Botanicals Skin Brightening Face Moisturiser Vitamin C Spf 20 Pa+++ - 45g,LOTUS BOTANICALS,595.00,24,Not found,59,Personal Care,In Stock
Himalaya Gentle Baby Powder 200 Gm,HIMALAYA BABY,204.00,10,4.47,122,Personal Care,In Stock
New Fash X Gel Face Wash 200ml,FASH,637.40,4,3.33,6,Personal Care,In Stock
Pharmeasy Multivitamin 50+ - With Brain And Joint Health Blend - Bottle Of 60,PHARMEASY,711.00,47,4.24,70,Personal Care,In Stock
Toothmin Tooth Cream 70gm,TOOTHMIN,315.00,4,4.49,95,Personal Care,In Stock
Lacto Calamine Sunscreen Spf 50 Pa+++ | Kaolin Clay With Lemon Extracts 50 Gm,LACTO CALAMINE,219.00,2,3.79,66,Personal Care,In Stock
Sebamed Anti-Hairloss Shampoo 200ml | Ph 5.5 | Reduces Hairloss | Caffeine & Gingko Biloba,SEBAMED,658.48,3,3.87,55,Personal Care,In Stock
Moisturex Wash Body Wash Bottle Of 200 Ml,MOISTUREX,601.00,3,4.5,54,Personal Care,In Stock
Durex Condoms Extra Thin- 3s,DUREX,108.00,0,4.48,29,Personal Care,In Stock
Everherb Jointcare - Blend Of 9 Powerful Herbs - Joint & Bone - Bottle Of 60 Tablets (By Pharmeasy),EVERHERB,888.94,49,4.19,108,Personal Care,In Stock
Coq 30mg Strip Of 10 Capsules,COQ,540.00,13,4.09,86,Personal Care,In Stock
Blynds Emulgel Spf 40 Plus Gel 50gm,BLYNDS,530.00,28,5,8,Personal Care,In Stock
Durex Condoms Extra Dots - 3s,DUREX,99.00,2,4.2,20,Personal Care,In Stock
Tvaksh Face Guard Silicone Sunscreen Gel | Spf 30+ Pa+++ | 30 Gm,TVAKSH,666.00,5,4.83,6,Personal Care,In Stock
Venusia Moisturizing Lotion | 200 Ml,VENUSIA,798.00,12,4.6,100,Personal Care,In Stock
Extend Forte Strip Of 10 Tablets,EXTEND,192.19,8,4.17,6,Personal Care,In Stock
Moisturex Soft Cream 100gm,MOISTUREX,370.31,0,4.37,59,Personal Care,In Stock
Nivea Body Milk Lotion 400ml,NIVEA,520.00,16,4.54,147,Personal Care,In Stock
Liveasy Aloe Vera Facial Wipes - Pack Of 72 - Refreshing Lemon Flavour Cleansing Wipes,LIVEASY,199.00,15,3.75,4,Personal Care,In Stock
Lactacyd Feminine Ph 5.2 Bottle Of 100ml Hygiene Wash,LACTACYD,329.00,6,4.82,11,Personal Care,In Stock
Dermadew Shampoo 80ml,DERMADEW,213.56,6,3.93,15,Personal Care,In Stock
Nivea Cocoa Nourish Body Lotion Bottle Of 400 Ml,NIVEA,565.00,25,4.37,119,Personal Care,In Stock
Sebonac Face Wash Tube Of 75 G,SEBONAC,340.00,15,4.15,39,Personal Care,In Stock
D Acne Face Wash Foaming Salicylic Acid Bottle Of 60 Ml,D ACNE,573.00,8,3.85,100,Personal Care,In Stock
Cetaphil Oily Skin Cleanser | Combination To Oily & Sensitive Skin | 125 Ml,CETAPHIL,699.00,5,4.24,79,Personal Care,In Stock
Stolin R Advanced Active Gum Care Sugar Free Toothpaste 120gm,STOLIN R,254.00,4,4.47,15,Personal Care,In Stock
Durex Real Feel Condoms Pack Of 10,DUREX,599.00,31,3.61,18,Personal Care,In Stock
Tugain Eva Bottle Of 60ml Minoxidil Solution,TUGAIN,923.09,30,4.12,41,Personal Care,In Stock
Rivela Lite Spf 50 Pa++++ Sunscreen Cream 60 G,RIVELA,1173.50,8,4.24,41,Personal Care,In Stock
Aquasoft Moist Lotion 200ml,AQUASOFT,603.00,13,4.45,11,Personal Care,In Stock
Sensodyne Sensitive Repair & Protect Toothpaste Tube Of 70 G,SENSODYNE,200.00,10,4.53,214,Personal Care,In Stock
Cetaphil Moisturising Lotion | 100 Ml,CETAPHIL,620.00,7,4.29,77,Personal Care,In Stock
Extend Hair Strip Of 10 Tablets,EXTEND,265.00,13,4.41,44,Personal Care,In Stock
Klmklin Aha  Face Wash  Tube Of 100 Ml,KLMKLIN,329.40,7,3.91,160,Personal Care,In Stock
Triflow Tube Of 150gm Hair Conditioner,TRIFLOW,625.00,6,4,6,Personal Care,In Stock
Liveasy Lip Balm - 4.8 Gm - Strawberry Flavour - Reduces Dryness & Soothes Lips,LIVEASY,159.01,15,3.67,9,Personal Care,In Stock
Saliac Foaming Face Wash Foaming Bottle Salicylic Acid Of 60 Ml,SALIAC,494.43,21,4.53,59,Personal Care,In Stock
Sebamed Everyday Shampoo 200ml |Ph 5.5 | Normal To Dry Hair | Mild Formula | Gives Moisture & Volume,SEBAMED,605.00,3,4.42,69,Personal Care,In Stock
Venusia Soft Plus Moisturising Lotion For Itchy & Dry Skin 100 Ml,VENUSIA,530.00,6,4.41,64,Personal Care,In Stock
Suncros Aqua Spf 26 Gel 100gm,SUNCROS,555.94,4,4.62,58,Personal Care,In Stock
Kamasutra Longlast Box Of 12 Condoms,KAMASUTRA,180.00,8,4,37,Personal Care,In Stock
Glymed Soap 75gm,GLYMED,78.31,5,4.25,20,Personal Care,In Stock
Skore Strawberry Flavoured With Additional Lubrication 1500+ Dots Condom 10 No'S,SKORE,120.00,18,3.99,67,Personal Care,In Stock
Mintop Anti Hair Fall Shampoo | Bottle Of 100ml,MINTOP,533.00,16,4.2,10,Personal Care,In Stock
Suncros 50 Aqualotion Spf 50 Sensitive Skin 60ml,SUNCROS,542.81,0,4,14,Personal Care,In Stock
New Olesoft Max Cream 150gm,OLESOFT,492.15,8,4.15,13,Personal Care,In Stock
Manforce Condom Sunny Edition 10'S,MANFORCE,99.00,6,4.14,57,Personal Care,In Stock
Fixderma Shadow Sunscreen Spf 50+ Gel For Oily Skin Uva And Uvb | Spf 50 | Water Resistant (40 G),FIXDERMA,399.00,25,3.83,12,Personal Care,In Stock
Sofibar Syndet Bar 75gm,SOFIBAR,205.00,3,4.42,12,Personal Care,In Stock
Moisturex Soft Lotion 100ml,MOISTUREX,417.19,2,4.64,69,Personal Care,In Stock
Sebamed Olive Face & Body Wash 200 Ml | Ph 5.5 | Soap Free | For Sensitive & Dry Skin,SEBAMED,800.00,18,4.75,48,Personal Care,In Stock
Durex Intense Stimulating Condom With Desirex Gel Box Of 10 Condoms,DUREX,532.00,6,3.42,24,Personal Care,In Stock
Sunstop Gold Spf 55 Sunscreen Gel 50 Gm,SUNSTOP,838.00,20,5,1,Personal Care,In Stock
Maxisoft Moisturizing Lotion Ph 5.5 | 100 Ml | Pack Of 2,MAXISOFT,590.00,22,4,1,Personal Care,In Stock
Melalumin Lip Lightener 10gm,MELALUMIN,395.00,10,3,4,Personal Care,In Stock
Boroline Bo Lips Flavoured Lip Balm | Chocolate Favoured Natural Lip Care (10 Gm) (Pack Of 6),BOROLINE,450.00,10,Not found,4,Personal Care,In Stock
Elsenz Toothpaste 70gm,ELSENZ,277.00,8,4.61,36,Personal Care,In Stock
Pharmeasy Diabetic Protein Powder - Dutch Chocolate - Jar | 400 Gm (5 Gm Protein/Serving),PHARMEASY,889.00,45,3.76,117,Personal Care,In Stock
Gorgeus  Face Cleansing Gel  Tube Of 100 G,GORGEUS,510.00,6,4.23,56,Personal Care,In Stock
Excela Max Moisturiser 200gm,EXCELA,587.00,6,4.78,40,Personal Care,In Stock
Dermadew Acne Face Wash 100ml,DERMADEW,375.00,4,4.02,45,Personal Care,In Stock
Hamdard Roghan Badam Shirin - 100ml,HAMDARD,485.00,2,4.39,70,Personal Care,In Stock
Indulekha Bringha Hair Oil Bottle Of 100 Ml,INDULEKHA,513.00,7,4.18,195,Personal Care,In Stock
Himalaya Purifying Neem | Prevents Pimples | Face Wash | 300 Ml,HIMALAYA,549.00,10,4.21,42,Personal Care,In Stock
Vwash Plus Ph 3.5 Liquid Wash 200ml,V WASH,400.00,11,4.45,44,Personal Care,In Stock
Cuticapil Hair Serum 75ml,CUTICAPIL,1833.00,9,2.17,6,Personal Care,In Stock
Rivela Spf 50 Sunscreen Lotion 50ml,RIVELA,653.00,8,3.47,32,Personal Care,In Stock
Sensodyne Fresh Mint Toothpaste Tube Of 40 G,SENSODYNE,84.50,10,4.51,91,Personal Care,In Stock
Bontress Pro+ Scalp Serum | 5% Capixyl | 3% Redensyl | 3% Anagain | 3% Procapil | 60 Ml,BONTRESS,1500.00,6,4.04,54,Personal Care,In Stock
Skore Chocolate Flavoured With Additional Lubrication 1500+ Dots Condom 10 No'S,SKORE,135.00,13,3.79,58,Personal Care,In Stock
Moiz Lmf 48 - Face & Body Lotion 75ml,MOIZ,375.00,9,4.9,10,Personal Care,In Stock
Ayouthveda Acne Enemy Face Wash Gel With Alpha-Cure Complex To Combat Acne & Control Oil 100 Ml,AYOUTHVEDA,141.00,20,1,1,Personal Care,In Stock
Biosilk Tube Of 100gm Moisturizing Cream,BIOSILK,457.00,4,4.34,50,Personal Care,In Stock
Neutrogena Ultra Sheer Dry Touch Sunblock Spf 50+ 80ml,NEUTROGENA,780.00,16,4.43,14,Personal Care,In Stock
Aquasoft Day Spf 50 Plus Advanced Hydration Day Cream 75gm,AQUASOFT,836.00,10,4,6,Personal Care,In Stock
Luciara Anti-Stretch Marks Cream | To Reduce Pregnancy Stretch Marks | 50gm,LUCIARA,599.99,28,4.04,50,Personal Care,In Stock
La Shield Expert Urban Protect Mineral Sunscreen Gel Spf 50 (50g),LA SHIELD,340.00,4,3.6,10,Personal Care,In Stock
Nevsoft Cleansing Lotion 125ml,NEVSOFT,267.19,6,4.61,31,Personal Care,In Stock
Everherb Karela Jamun Juice - Helps Maintains Sugar Levels & Weight Management - 1 L (By Pharmeasy),EVERHERB,374.00,44,4.03,2242,Ayurvedic Care,In Stock
Crocin Pain Relief Strip Of 15 Tablets,CROCIN,82.01,11,4.13,93,Ayurvedic Care,In Stock
Everherb Giloy Tulsi Juice - Boost Body Defence System - Immunity Booster- 1l Bottle (By Pharmeasy),EVERHERB,374.00,50,4.04,446,Ayurvedic Care,In Stock
Himalaya Liv.52 Ds | Tablets | 60 No'S,HIMALAYA,281.00,12,4.46,1191,Ayurvedic Care,In Stock
Everherb Amla Juice - Rich In Vitamin C - Natural Immunity Booster - 1l Bottle (By Pharmeasy),EVERHERB,374.00,50,3.95,693,Ayurvedic Care,In Stock
Refresh Tears 0.5% Bottle Of 10ml Eye Drops,REFRESH TEARS,131.27,0,4.38,310,Ayurvedic Care,In Stock
Gas-O-Fast Active Jeera Antacid Sachet Of 5 G,GAS-O-FAST,9.37,0,4.45,705,Ayurvedic Care,In Stock
Volini Pain Relief | Gel | 75 Gm,VOLINI,272.00,13,4.42,980,Ayurvedic Care,In Stock
Everherb Aloe Vera Juice With Pulp - Rejuvenates Skin & Hair - 1l Bottle (By Pharmeasy),EVERHERB,374.00,47,4.0,797,Ayurvedic Care,In Stock
Himalaya Liv.52 | Tablets | 100 No'S,HIMALAYA,220.00,9,4.46,709,Ayurvedic Care,In Stock
Everherb Pain Relief Oil - Blend Of 8 Powerful Herbal Ingredients - 100 Ml (By Pharmeasy),EVERHERB,374.00,48,3.93,801,Ayurvedic Care,In Stock
Pharmeasy Calcium Magnesium Vitamin D3 & Zinc - Bones & Dental Health - Bottle 60,PHARMEASY,533.00,43,3.85,404,Ayurvedic Care,In Stock
Omnigel Gel 75gm,OMNIGEL,288.23,39,4.31,292,Ayurvedic Care,In Stock
Liveasy Wellness Calcium Magnesium Vitamin D3 & Zinc - Bones & Dental Health - Bottle 60 Tabs,LIVEASY,533.00,43,4.14,583,Ayurvedic Care,In Stock
Iodex Body Pain Expert Relief Pain Balm 40 Gm,IODEX,190.00,0,4.4,226,Ayurvedic Care,In Stock
Himalaya Ashwagandha Immunity Booster Tablets Bottle Of 60,HIMALAYA,260.00,13,4.34,219,Ayurvedic Care,In Stock
Zandu Nityam Ayurvedic Vati 30 Tablets,ZANDU,117.00,13,4.5,401,Ayurvedic Care,In Stock
Everherb Flaxseed Omega 3 - Essential Fatty Acids - Healthy Heart - Bottle Of 60 (By Pharmeasy),EVERHERB,749.00,48,4.15,316,Ayurvedic Care,In Stock
Volini Pain Relief | Spray | 15 Gm,VOLINI,77.00,6,4.33,694,Ayurvedic Care,In Stock
Liveasy Wellness Multivitamin Multimineral - Immunity Booster - Complete Nutrition - Bottle Of 60,LIVEASY,622.00,40,4.11,486,Ayurvedic Care,In Stock
Everherb Giloy Tulsi Juice - Boost Body Defence System - Immunity Booster- 1l Bottle (By Pharmeasy),EVERHERB,374.00,50,4.04,446,Ayurvedic Care,In Stock
Dr Ortho An Ayurvedic Medicine Oil Bottle Of 120 Ml,DR ORTHO,276.00,4,4.38,419,Ayurvedic Care,In Stock
Zandu Pancharishta Ayurvedic Digestive Tonic | 450ml,ZANDU,150.00,8,4.41,542,Ayurvedic Care,In Stock
Everherb Ashwagandha - Immunity Booster - Anxiety & Stress - Bottle Of 60 Capsules (By Pharmeasy),EVERHERB,562.00,48,3.87,450,Ayurvedic Care,In Stock
Himalaya Koflet-H | For Relief From Cough & Sore Throat | Ginger Flavour | Lozenges | 6 No'S,HIMALAYA,28.00,16,4.34,202,Ayurvedic Care,In Stock
Himalaya Gasex | Tablets | 100 No'S,HIMALAYA,220.00,15,4.31,456,Ayurvedic Care,In Stock
Pharmeasy Biotin 10000mcg - For Hair | Skin & Nails - Bottle Of 60,PHARMEASY,655.00,44,3.83,127,Ayurvedic Care,In Stock
Everherb Moringa - Immunity Booster - Natural Multivitamin - Bottle Of 60 Capsules (By Pharmeasy),EVERHERB,562.00,53,3.81,280,Ayurvedic Care,In Stock
Himalaya Septilin | Tablets | 60 No'S,HIMALAYA,257.00,8,4.57,307,Ayurvedic Care,In Stock
Refresh Liquigel Eye Drops,REFRESH TEARS,177.11,0,4.14,77,Ayurvedic Care,In Stock
Pharmeasy Iron+Folic Acid With Zinc | Vitamin C &B12 - Maintains Overall Health - Bottle Of 60,PHARMEASY,529.00,49,4.15,110,Ayurvedic Care,In Stock
Naturolax-A Isabgol | Constipation Relief | Isabgol Husk |Tasty Orange Flavour - 300g,NATUROLAX,486.00,23,4.26,343,Ayurvedic Care,In Stock
Iodex Pain Relief Balm 16 Gm,IODEX,95.00,0,4.28,67,Ayurvedic Care,In Stock
Everherb Ashwagandha - Immunity Booster - Anxiety & Stress - Bottle Of 90 Capsules (By Pharmeasy),EVERHERB,749.00,48,3.96,159,Ayurvedic Care,In Stock
Cartigen Pro Strip Of 10 Tablets,CARTIGEN,820.00,12,4.31,54,Ayurvedic Care,In Stock
Liveasy Pain Relief Balm - 45 Gm - Fast Action & Absorption,LIVEASY,121.00,15,4.11,152,Ayurvedic Care,In Stock
Volini Maxx Pain Relief | Spray | 55 Gm,VOLINI,243.00,17,4.28,251,Ayurvedic Care,In Stock
Iodex Balm 8gm,IODEX,45.00,0,4.48,56,Ayurvedic Care,In Stock
Zandu Triphala Tab 30`S,ZANDU,55.00,28,4.35,321,Ayurvedic Care,In Stock
Zandu Pain Relief Balm Bottle Of 25 Ml,ZANDU,125.00,5,4.48,287,Ayurvedic Care,In Stock
Cartigen 1500 Strip Of 15 Tablets,CARTIGEN,340.00,8,4.27,26,Ayurvedic Care,In Stock
Himalaya Confido Tablets - 60'S,HIMALAYA,243.00,7,3.82,485,Ayurvedic Care,In Stock
Zandu Nityam Ayurvedic Vati Constipation Tablets Box Of 10 'S,ZANDU,42.00,9,4.28,162,Ayurvedic Care,In Stock
Omnigel Gel 50gm,OMNIGEL,203.12,41,4.13,68,Ayurvedic Care,In Stock
Omnigel Spray 75gm,OMNIGEL,281.37,39,4.2,85,Ayurvedic Care,In Stock
Zandu Ultra Power Balm 8 Ml,ZANDU,48.00,0,4.42,465,Ayurvedic Care,In Stock
Himalaya Cystone Tablets | 60 No'S,HIMALAYA,243.00,12,4.45,201,Ayurvedic Care,In Stock
Everherb Neem - Immunity Booster - Hair & Skin Detoxifier - Bottle Of 60 Capsules (By Pharmeasy),EVERHERB,562.00,49,3.69,159,Ayurvedic Care,In Stock
Everherb Karela - Blood Sugar Control - Lowers Bad Cholestrol - Bottle Of 60 Capsules (By Pharmeasy),EVERHERB,561.56,49,3.75,211,Ayurvedic Care,In Stock
Oxalgin Nano Gel 30gm,OXALGIN,208.20,15,4.38,133,Ayurvedic Care,In Stock
Omnigel Gel 30 Gm,OMNIGEL,150.97,39,4,33,Ayurvedic Care,In Stock
Himalaya Gokshura Men'S Wellness Improves Vigour | Tribulus | Tablets | 60 No'S,HIMALAYA,274.99,14,4.19,183,Ayurvedic Care,In Stock
Baidyanath Asli Ayurved Isabgol -Psyllium Husk Powder| Rich Fibre | Constipation Relief - 200g,BAIDYANATH,370.00,22,4.4,186,Ayurvedic Care,In Stock
Dynapar Qps Plus Pain Relief Spray For Back | Knee | Muscle & Joint Pain - 30 Ml,DYNAPAR,356.25,8,4.4,43,Ayurvedic Care,In Stock
Pharmeasy Calcium Magnesium Vitamin D3 & Zinc - Bones & Dental Health - Bottle 120,PHARMEASY,800.00,45,4.23,137,Ayurvedic Care,In Stock
Pharmeasy Multivitamin Gummies For Kids And Adults Lemon & Strawberry Flavour Bottle Of 30 Gummies,PHARMEASY,444.00,39,3.71,124,Ayurvedic Care,In Stock
Voveran 1% Emulgel 50gm,VOVERAN,301.17,16,4.67,52,Ayurvedic Care,In Stock
Cartigen Forte Plus Strip Of 10 Tablets,CARTIGEN,470.00,10,4.43,124,Ayurvedic Care,In Stock
Eyemist Forte Eye Drops 10ml,EYEMIST,276.56,8,4.41,32,Ayurvedic Care,In Stock
Pharmeasy Orthopaedic Electric Heat Belt Regular,PHARMEASY,996.45,47,3.89,142,Ayurvedic Care,In Stock
Himalaya Koflet Cough Syrup 100ml,HIMALAYA,117.00,12,4.32,100,Ayurvedic Care,In Stock
Himalaya Liv.52 | Syrup | 200 Ml,HIMALAYA,234.37,3,4.43,444,Ayurvedic Care,In Stock
Himalaya Abana | Bottle | Tablets | 60 No'S,HIMALAYA,220.00,12,4.45,212,Ayurvedic Care,In Stock
Everherb Amla - Immunity Booster - Natural Vitamin C - Bottle Of 60 Capsules (By Pharmeasy),EVERHERB,559.00,54,3.77,128,Ayurvedic Care,In Stock
Pharmeasy Joint Support - Maintains Joints Mobility - Bone & Joint Health - Bottle Of 60,PHARMEASY,711.00,35,3.64,98,Ayurvedic Care,In Stock
Pharmeasy Orthopaedic Electric Heat Belt - Extra Large,PHARMEASY,1099.00,48,4.21,245,Ayurvedic Care,In Stock
Iodex Ultra Plus Body Pain Expert Gel 30 Gm,IODEX,140.62,0,3.95,365,Ayurvedic Care,In Stock
Jointace Strip Of 15 Tablets,JOINTACE,126.00,13,4.17,24,Ayurvedic Care,In Stock
Liveril Forte Strip Of 15 Tablets,LIVERIL,384.00,21,4.32,25,Ayurvedic Care,In Stock
Pharmeasy Vitamin D3 - Supports Bone Health - Helps In Absorption Of Calcium - Bottle Of 60,PHARMEASY,608.00,47,4.07,60,Ayurvedic Care,In Stock
Aptivate Pineapple Appetite Stimulating Syrup Bottle Of 450 Ml,APTIVATE,340.00,0,4.48,201,Ayurvedic Care,In Stock
Mega Freeflex Joint Health Tablets Strip Of 10,FREEFLEX,589.00,13,4.52,116,Ayurvedic Care,In Stock
Dr Ortho An Ayurvedic Medicine Oil Bottle Of 60 Ml,DR ORTHO,148.00,12,4.13,154,Ayurvedic Care,In Stock
Nobel Tube Of 30gm Gel,NOBEL,135.26,16,4,8,Ayurvedic Care,In Stock
Systaflam Gel 50gm,SYSTAFLAM,142.50,0,4.54,68,Ayurvedic Care,In Stock
Pharmeasy Multivitamin Multimineral - Immunity Booster - Complete Nutrition - Bottle Of 120,PHARMEASY,1156.00,48,4.19,78,Ayurvedic Care,In Stock
Eyemist Tube Of 10gm Eye Gel,EYEMIST,421.88,9,4.39,98,Ayurvedic Care,In Stock
Hyalugel Hyaluronic Acid Gel | 30 Gm,HYALUGEL,270.00,8,4.15,84,Ayurvedic Care,In Stock
Pharmeasy Vitamin C (990mg) With Zinc (10mg) - Powerful Immunity Booster - 60 Veg Tablets,PHARMEASY,711.00,10,4.37,19,Ayurvedic Care,In Stock
Himalaya Neem Skin Wellness | Controls Acne | Tablets | 60 No'S,HIMALAYA,260.00,13,4.45,60,Ayurvedic Care,In Stock
Himalaya Rumalaya Forte | Strip | Tablets | 30 No'S,HIMALAYA,210.94,13,4.29,126,Ayurvedic Care,In Stock
Arthrella Strip Of 30 Tablets,ARTHRELLA,165.00,2,4,1,Ayurvedic Care,In Stock
Sensur Natural & Ayurvedic Pain Relief Rub 30gm,SENSUR,175.00,12,5,2,Ayurvedic Care,In Stock
Kapiva Karela Jamun Juice 1l| Natural Juice Made From Fresh Karela And Jamun Seeds,KAPIVA,374.00,17,4.46,158,Ayurvedic Care,In Stock
Himalaya Himplasia Tablets | Strip | 30 No'S,HIMALAYA,245.00,10,4.34,203,Ayurvedic Care,In Stock
Zandu Ayurvedic Cough Syrup - 100 Ml,ZANDU,117.00,15,4.3,27,Ayurvedic Care,In Stock
Pharmeasy Multivitamin 50+ - With Brain And Joint Health Blend - Bottle Of 60,PHARMEASY,711.00,47,4.24,70,Ayurvedic Care,In Stock
Himalaya Tentex Royal | Capsules | 10 No'S,HIMALAYA,281.00,17,3.71,230,Ayurvedic Care,In Stock
Himalaya Guduchi | Strengthens Immunity | Tablets | 60 No'S,HIMALAYA,260.00,13,4.55,145,Ayurvedic Care,In Stock
Volini Maxx Pain Relief | Gel | 30 Gm,VOLINI,167.00,6,3.99,83,Ayurvedic Care,In Stock
Kapiva Dia Free Juice | 1l | Clinically Proven Diabetes Care | Amla | Karela | Jamun & 8 More,KAPIVA,562.00,0,4.27,113,Ayurvedic Care,In Stock
Dabur Hajmola Tablets Regular 120 Tablets,DABUR,65.00,0,4.43,304,Ayurvedic Care,In Stock
Himalaya Himcolin Gel | For Men | 30 Gm,HIMALAYA,304.00,9,3.31,297,Ayurvedic Care,In Stock
Pharmeasy Lumbar Sacro Support Belt- Back Pain Relief And Sacral Support,PHARMEASY,799.00,50,3.73,102,Ayurvedic Care,In Stock
Everherb Jointcare - Blend Of 9 Powerful Herbs - Joint & Bone - Bottle Of 60 Tablets (By Pharmeasy),EVERHERB,888.94,49,4.19,108,Ayurvedic Care,In Stock
Kapiva Get Slim Juice - 1l | Helps Burn Fat Naturally | Goodness Of 12 Ayurvedic Herbs,KAPIVA,515.00,0,4.15,54,Ayurvedic Care,In Stock
Collaflex Sugar Free | For Joint Health | Sachet | 10.2 Gm,COLLAFLEX,130.00,10,4.22,149,Ayurvedic Care,In Stock
Voveran 1% Emulgel 30gm,VOVERAN,170.63,3,4.1,21,Ayurvedic Care,In Stock
Cartigen Duo Strip Of 10 Tablets,CARTIGEN,323.44,4,4.28,32,Ayurvedic Care,In Stock
Himalaya Speman | Tablets | 60 No'S,HIMALAYA,248.00,8,3.95,167,Ayurvedic Care,In Stock
Liveasy Ortho Care Cotton Crepe Bandage - Reduces Strain Sprain & Swelling - 10 Cms X 4 Meters,LIVEASY,328.00,15,4.37,51,Ayurvedic Care,In Stock
Dr. Morepen Exygra Strawberry Fragrance | Men | Spray | 20 Gm,DR. MOREPEN,399.00,0,3.34,188,Ayurvedic Care,In Stock
Himalaya Herbolax | Tablets | 100 No'S,HIMALAYA,220.00,10,4.33,94,Ayurvedic Care,In Stock
Zandu Satavarex Health Food Bottle Of 210 G,ZANDU,334.01,8,4.38,61,Ayurvedic Care,In Stock
Naturolax A Tasty Orange Flavour Powder For Constipation With 10% Extra-110gm,NATUROLAX,200.00,0,3.91,11,Ayurvedic Care,In Stock
Baidyanath Asli Ayurved Chyawanprash Special 950g + 100g Free,BAIDYANATH,410.00,20,4.26,444,Ayurvedic Care,In Stock
Kapiva Amla Health Juice Bottle Of 1 L,KAPIVA,280.00,16,4.37,94,Ayurvedic Care,In Stock
Himalaya Tentex Forte | Tablets | 10 No'S,HIMALAYA,140.00,9,3.82,291,Ayurvedic Care,In Stock
Essentiale L 1gm Strip Of 10 Capsules,ESSENTIALE L,428.72,15,4.5,34,Ayurvedic Care,In Stock
Kapiva Himalayan Apple Cider Vinegar With Mother Vinegar 500ml | Unpasteurized And Undiluted,KAPIVA,299.00,5,4.07,44,Ayurvedic Care,In Stock
Himalaya Liv.52 | Syrup | 100 Ml,HIMALAYA,140.00,3,4.67,18,Ayurvedic Care,In Stock
Dabur Shilajit Gold Vitality Capsules Bottle Of 20,DABUR,513.00,15,3.6,99,Ayurvedic Care,In Stock
Baidyanath Asli Ayurved Amla Juice | Rich In Vit-C | Natural Immunity Booster | No Added Sugar | 1l,BAIDYANATH,225.00,15,3.47,15,Ayurvedic Care,In Stock
Jointace C2 Plus Strip Of 10 Tablets,JOINTACE C2 PLUS,467.00,20,4.39,57,Ayurvedic Care,In Stock
Dhootapapeshwar Shatavari Kalpa - 600g,DHOOTAPAPESHWAR,498.00,0,3.92,25,Ayurvedic Care,In Stock
Hamdard Roghan Badam Shirin - 100ml,HAMDARD,485.00,2,4.39,70,Ayurvedic Care,In Stock
Baidyanath Asli Ayurved Isabgol -Psyllium Husk Powder| Rich Fibre | Constipation Relief - 100g,BAIDYANATH,195.00,15,4.37,139,Ayurvedic Care,In Stock
Himalaya Liv.52 Ds | Syrup | 200 Ml,HIMALAYA,328.13,3,4.46,223,Ayurvedic Care,In Stock
Omni Gel Spray 35gm,OMNIGEL,148.91,28,4.35,17,Ayurvedic Care,In Stock
Charak Addyzoa Strip Of 20 Capsules,CHARAK,239.00,11,4.2,178,Ayurvedic Care,In Stock
Baidyanath Asli Ayurved Mahanarayan Taila 200 Ml | Ayurvedic Oil For Joint Pain Relief,BAIDYANATH,379.00,22,4,29,Ayurvedic Care,In Stock
Zandu Kesari Jivan Fit For Diabetic Sugar Free Health Supplement 900gm,ZANDU,816.00,7,4.49,163,Ayurvedic Care,In Stock
Zandu Shilajit | Extra Energy Boost | 100% Pure Himalayan | Lab Tested | Capsule 60 No'S,ZANDU,525.00,31,4,44,Ayurvedic Care,In Stock
Adel 61 Supren Drops 20 Ml,ADEL,320.00,26,Not found,44,Ayurvedic Care,In Stock
Omnigel Spray 55gm,OMNIGEL,247.05,40,4.1,31,Ayurvedic Care,In Stock
Himalaya Lasuna Cardiac Wellness | Garlic | Regulates Cholesterol | Tablets | 60 No'S,HIMALAYA,325.00,10,4.39,38,Ayurvedic Care,In Stock
New Amrutanjan Faster Relaxation Headache Roll-On Bottle Of 5 Ml,AMRUTANJAN,38.00,0,4.37,143,Ayurvedic Care,In Stock
Dynapar Tube Of 30gm Gel,DYNAPAR,158.81,14,4.67,36,Ayurvedic Care,In Stock
Himalaya Cystone Forte Tablets - 30'S,HIMALAYA,159.00,11,4.16,56,Ayurvedic Care,In Stock
Baidyanath Asli Ayurved Karela Jamun Juice 1 Litre No Added Sugar Healthy Blood Sugar Management,BAIDYANATH,304.00,32,4.17,42,Ayurvedic Care,In Stock
Zandu Ultra Power Balm (25ml),ZANDU,125.00,5,4.21,48,Ayurvedic Care,In Stock
Himalaya Bonnisan Liquid 200ml,BONNISAN,145.01,0,4.71,14,Ayurvedic Care,In Stock
Liveasy Ortho Care Cotton Crepe Bandage - Reduces Strain Sprain & Swelling - 8 Cms X 4 Meters,LIVEASY,281.00,15,3.97,38,Ayurvedic Care,In Stock
Kapiva Himalayan Shilajit Resin | Squat Jar | 20 Gm,KAPIVA,1499.00,33,3.9,41,Ayurvedic Care,In Stock
Aptivate Tasty Pineapple Appetite Stimulating Syrup Bottle Of 175 Ml,APTIVATE,174.00,0,4.13,160,Ayurvedic Care,In Stock
Baidyanath Asli Ayurved Chyawanprash Special 500 Gm,BAIDYANATH,235.00,0,4.41,256,Ayurvedic Care,In Stock
Dr Ortho Pain Relief Ointment Tube Of 30 G,DR ORTHO,91.00,29,3.81,42,Ayurvedic Care,In Stock
Pet Saffa Natural Laxative Granules Bottle Of 200 G,PET SAFFA,178.00,16,4.28,85,Ayurvedic Care,In Stock
Dabur Shilajit Vitality Capsules Bottle Of 100,DABUR,550.00,8,3.74,62,Ayurvedic Care,In Stock
Cartigen 500 | Bottle | Capsules | 30 No'S,CARTIGEN,520.00,11,4.62,8,Ayurvedic Care,In Stock
Kapiva Thar Aloe Vera Juice (With Pulp) 1l| Natural Juice Made Within 4 Hours Of Harvesting,KAPIVA,280.00,16,4.64,102,Ayurvedic Care,In Stock
Himalaya Reosto | Tablets | 30 No'S,HIMALAYA,248.00,13,4.28,58,Ayurvedic Care,In Stock
Avarta Lightening Under Eye Cream Reduces Dark Circles & Pigmentation For Firm Under Eyes Skin 10g,AVARTA,912.00,8,3.82,11,Ayurvedic Care,In Stock
Kapiva Aloe Vera + Amla Juice Boosts Immunity - No Added Sugar - 1 L,KAPIVA,469.00,0,4.46,37,Ayurvedic Care,In Stock
Aimil Amlycure Ds Strip Of 20 Capsules,AIMIL,202.00,13,4.35,20,Ayurvedic Care,In Stock
Eyebliss Under Eye Cream 15gm,EYEBLISS,475.00,10,3.2,20,Ayurvedic Care,In Stock
Dabur Pudin Hara Active Antacid Bottle Of 30 Ml,DABUR,56.00,0,4.57,95,Ayurvedic Care,In Stock
Pet Saffa Natural Laxative Granules Bottle Of 120 G,PET SAFFA,117.00,0,4.37,54,Ayurvedic Care,In Stock
Kofol Chewable Tablets Sugar Free Jar Of 60,KOFOL,61.01,17,4.49,191,Ayurvedic Care,In Stock
Reunion Strip Of 10 Tablets,REUNION,395.56,9,4.46,13,Ayurvedic Care,In Stock
Dr Ortho Pain Relief Spray - 75 Ml,DR ORTHO,154.00,39,3.92,12,Ayurvedic Care,In Stock
Kapiva Pure Aloe Vera Skin Gel - Hydrating Gel For Face - 500g,KAPIVA,450.00,22,4.32,99,Ayurvedic Care,In Stock
Liveasy Ortho Care Universal Shoulder Immobilizer Small,LIVEASY,535.00,15,Not found,99,Ayurvedic Care,In Stock
Baidyanath Asli Ayurved Ashwagandharista | Bottle | 450 Ml,BAIDYANATH,245.00,12,4.31,42,Ayurvedic Care,In Stock
Baidyanath Kesari Kalp Royal Chyawanprash - Promotes Vitality Strength & Stamina In Adults - 1kg,BAIDYANATH,785.00,14,4.39,285,Ayurvedic Care,In Stock
Charak Hyponidd Tablet,CHARAK,146.00,6,4.61,66,Ayurvedic Care,In Stock
Collaflex Pro Plus 10 Softgel Capsules,COLLAFLEX,1326.00,13,4.43,51,Ayurvedic Care,In Stock
Liveasy Cotton Crepe Bandage - Reduces Strain Sprain & Swelling - 6 Cms X 4 Meters,LIVEASY,234.00,15,3.4,5,Ayurvedic Care,In Stock
Baidyanath Asli Ayurved Mahamanjisthadi Kadha Ayurvedic Blood Purifier Syrup 450 Ml,BAIDYANATH,265.00,10,4.54,13,Ayurvedic Care,In Stock
Himalaya Platenza | Tablets | 20 No'S,HIMALAYA,201.00,9,4.29,42,Ayurvedic Care,In Stock
Melalumin Under Eye Serum 15ml,MELALUMIN,999.00,15,4.5,2,Ayurvedic Care,In Stock
Depiwhite Tube Of 15ml Eye Contour Gel,DEPIWHITE,858.00,14,3.38,13,Ayurvedic Care,In Stock
Dhootapapeshwar Swamala Compound - 500g,DHOOTAPAPESHWAR,3100.00,22,3.97,29,Ayurvedic Care,In Stock
Liv 52 Ds Bottle Of 100ml Syrup,LIV 52,225.00,0,3.91,11,Ayurvedic Care,In Stock
Liveasy Knee Cap Modern Orthopedic Solution Medium Pair 1 No'S,LIVEASY,409.00,15,3.89,63,Ayurvedic Care,In Stock
Himalaya Liv.52 Hb | Capsules | 10 No'S,HIMALAYA,225.00,12,4.3,105,Ayurvedic Care,In Stock
Kapiva Aloe Vera Skin Gel (Healthy Moisturizer) -150 Grams,KAPIVA,150.00,16,4.14,70,Ayurvedic Care,In Stock
Faireye Advanced Dark Circle Care Cream | Tube | 15 Gm,FAIR EYE,1098.50,25,4,6,Ayurvedic Care,In Stock
Himalaya Shatavari | For Women | Promotes Lactation | Tablets | 60 No'S,HIMALAYA,300.00,13,4.39,38,Ayurvedic Care,In Stock
Himalaya Evecare Syrup - 400ml,HIMALAYA,328.00,4,4.22,95,Ayurvedic Care,In Stock
Liveasy Hot And Cold Gel Pack - Multipurpose Reusable Pack,LIVEASY,311.00,15,2.59,66,Ayurvedic Care,In Stock
Dhootapapeshwar Shilapravang Special - 30 Tablets,DHOOTAPAPESHWAR,890.00,19,3.73,55,Ayurvedic Care,In Stock
Himalaya Kapikachhu | For Men | Improves Vigour | Tablets | 60 No'S,HIMALAYA,275.00,15,4.13,46,Ayurvedic Care,In Stock
Dabur Honitus Hotsip Sachet (4g X 30) Box Of 120 G,DABUR,330.00,2,3.38,13,Ayurvedic Care,In Stock
Meloease 1% Bottle Of 10ml Eye Drops,MELOEASE,174.08,0,Not found,13,Ayurvedic Care,In Stock
Anuja Actiliv Forte Tablet - 60 Tab (Pack Of 2),ANUJA,280.00,5,Not found,13,Ayurvedic Care,In Stock
Himalaya Shigru | Reduce Joint Stiffness | Tablets | 60 No'S,HIMALAYA,275.00,3,4.38,16,Ayurvedic Care,In Stock
Baidyanath Asli Ayurved Karela Jamun Juice | Control Blood Sugar Naturally - 1 Litre (Pack Of 2),BAIDYANATH,608.00,34,3.75,24,Ayurvedic Care,In Stock
Omnigel Gel 20gm,OMNIGEL,118.03,39,4.2,15,Ayurvedic Care,In Stock
Dabur Nature Care Isabgol Bottle Of 375 G,DABUR,450.00,22,3.97,76,Ayurvedic Care,In Stock
Himalaya Yashtimadhu | Relieves Acidity | Tablets | 60 No'S,HIMALAYA,240.00,11,4.26,27,Ayurvedic Care,In Stock
Himalaya Punarnava | Supports Urinary Sysyem | Tablets | 60 No'S,HIMALAYA,325.00,13,4.35,34,Ayurvedic Care,In Stock
Himalaya Bonnisan Drops 30ml,BONNISAN,98.00,0,4.67,3,Ayurvedic Care,In Stock
Charak Vigomax Forte Tablets,CHARAK,257.00,16,3.84,75,Ayurvedic Care,In Stock
Baidyanath Asli Ayurved Chyawanprash | Jar | 500 Gm,BAIDYANATH,235.00,26,4.14,21,Ayurvedic Care,In Stock
Himalaya Rumalaya Bottle Of 60 Tablets,RUMALAYA,196.00,6,4.33,3,Ayurvedic Care,In Stock
Liveasy Ortho Care Knee Cap (Pair) - Modern Orthopedic Solution - Large,LIVEASY,409.00,15,3.76,37,Ayurvedic Care,In Stock
Dr. Reckeweg R 89 Lipocol Hair Care Drops - 22ml,DR. RECKEWEG,295.00,17,4.6,10,Ayurvedic Care,In Stock
New Voveran Maxgel Tube Of 30gm Gel,VOVERAN MAXGEL,184.45,3,3.78,9,Ayurvedic Care,In Stock
Oxalgin Nano Gel 50gm,OXALGIN,324.20,19,4.58,43,Ayurvedic Care,In Stock
Baidyanath Prostaid - 50 Tablets,BAIDYANATH,201.00,11,3.95,43,Ayurvedic Care,In Stock
Kapiva Dia Free Juice | 1l |Diabetes Care | Amla | Karela | Jamun & 8 More (2 Pack),KAPIVA,1124.00,8,3.93,15,Ayurvedic Care,In Stock
Dr. Reckeweg R 40 Diabetes Drops 22 Ml,DR. RECKEWEG,295.00,19,4.44,16,Ayurvedic Care,In Stock
Baidyanath Asli Ayurved Maharasnadi Kadha With Guggulu 450 Ml (Pack Of 2) For Joints & Muscles,BAIDYANATH,540.00,26,4.45,11,Ayurvedic Care,In Stock
Kofol Cough Syrup Bottle Of 100 Ml,KOFOL,110.00,0,4.3,80,Ayurvedic Care,In Stock
Zandu Kesari Jivan Nutrition Bottle Of 900 G,ZANDU,825.00,6,4,67,Ayurvedic Care,In Stock
Baidyanath Asli Ayurved Gokshuradi Guggulu - 80 Tablets,BAIDYANATH,210.00,0,4.44,27,Ayurvedic Care,In Stock
Himalaya Pain Massage Oil | 100 Ml,HIMALAYA,140.00,1,2.4,5,Ayurvedic Care,In Stock
Kapiva Wheatgrass Juice 1l | Ayurvedic Juice For Detoxification | High Chlorophyll,KAPIVA,469.00,10,4.27,41,Ayurvedic Care,In Stock
Omnigel Spray 20gm,OMNIGEL,113.91,23,2.33,3,Ayurvedic Care,In Stock
Prega News Pregnancy Test Kit,PREGA NEWS,60.00,1,4.38,744,Mother and Baby Care,In Stock
Equalstwo Two-In-One Baby Body Wash 200 Ml,EQUALSTWO,499.00,9,4.68,19,Mother and Baby Care,In Stock
I-Can Pregnancy Kit |Urine Pregnancy Test Kit At Home | Pack Of 1,I CAN,56.25,32,4.12,354,Mother and Baby Care,In Stock
Tedibar Soap | 75 Gm - Pack Of 2,TEDIBAR,398.00,3,4.58,137,Mother and Baby Care,In Stock
Pharmeasy Digital Thermometer,PHARMEASY,245.00,49,3.82,60,Mother and Baby Care,In Stock
Prohance D Diabetes Care Vanilla Flavour Sugar Free Jar Of 400gm Powder,PROHANCE,877.00,6,4.47,427,Mother and Baby Care,In Stock
Ferronomic Plus Strip Of 15 Tablets,FERRONOMIC,628.22,9,4.06,54,Mother and Baby Care,In Stock
Sebamed Clear Face Cleansing Foam - 150ml,SEBAMED,680.00,3,4.43,169,Mother and Baby Care,In Stock
Pharmeasy Digital Thermometer Flexi Tip,PHARMEASY,222.00,42,4.66,139,Mother and Baby Care,In Stock
Himalaya Gentle Baby Powder 400 Gm,HIMALAYA BABY,302.00,12,4.44,145,Mother and Baby Care,In Stock
Prohance Mom Chocolate Nutrition Drink Jar Of 400 G,PROHANCE,630.00,4,4.28,371,Mother and Baby Care,In Stock
Sebamed Baby Cleansing Bar | Ph 5.5 | 100 Gm,SEBAMED,350.00,8,4.33,165,Mother and Baby Care,In Stock
Tedibar Spoo Gentle Baby Shampoo No Tears|Gentle On Scalp|No.1 Pediatrician Prescribed 125ml,SPOO,334.84,4,4.37,94,Mother and Baby Care,In Stock
Tedibar Bathing Bar 75g Pack Of 3 (Soap Free For Sensitive Skin),TEDIBAR,658.00,5,4.6,60,Mother and Baby Care,In Stock
Sebamed Anti-Dandruff Shampoo 200ml | Ph 5.5 | Hair & Dandruff Prone Scalp| 50% Reduction In 14 Days,SEBAMED,680.00,3,4.2,117,Mother and Baby Care,In Stock
Aptamil Gold 1 Infant Formula Powder With Prebiotics (Upto 6 Months) Stage 1-400g Tin,APTAMIL,1010.00,0,4.05,181,Mother and Baby Care,In Stock
Pharmeasy Multivitamin Women - Overall Women Wellness - Builds Immunity - Bottle Of 60,PHARMEASY,711.00,47,4.2,59,Mother and Baby Care,In Stock
Aptamil Gold 2 Follow Up Infant Formula Powder (After 6 Months) Stage 2-400g Bag-In-Box,APTAMIL,1010.00,0,4.12,99,Mother and Baby Care,In Stock
Sebamed Clear Face Care Gel 50ml | Ph 5.5 | Acne Prone Skin | Hyaluron & Aloe Vera,SEBAMED,550.00,3,4.14,74,Mother and Baby Care,In Stock
Vicks Babyrub Soothing Balm For Babies Bottle Of 50 Ml,VICKS,201.56,0,3.98,56,Mother and Baby Care,In Stock
Dexolac Stage 1 Infant Formula (Upto 6 Months) Box Of 400 G,DEXOLAC,465.00,0,4.2,146,Mother and Baby Care,In Stock
Himalaya Gentle Baby Powder 200 Gm,HIMALAYA BABY,204.00,10,4.47,122,Mother and Baby Care,In Stock
Sebamed Anti-Hairloss Shampoo 200ml | Ph 5.5 | Reduces Hairloss | Caffeine & Gingko Biloba,SEBAMED,658.48,3,3.87,55,Mother and Baby Care,In Stock
Aptamil Gold 1 Infant Formula Powder With Prebiotics (Upto 6 Months) Stage 1-400g Bag-In-Box,APTAMIL,1010.00,0,4.05,130,Mother and Baby Care,In Stock
Vicks Babyrub 10ml Comfort For Babies 10 Ml,VICKS,51.00,0,4.49,86,Mother and Baby Care,In Stock
Himalaya Gentle Baby Lotion 400 Ml,HIMALAYA BABY,400.00,16,4.43,90,Mother and Baby Care,In Stock
Tedibar Gentle Baby Bodywash - 250ml,TEDIBAR,730.80,6,4.55,40,Mother and Baby Care,In Stock
Rashfree Tube Of 30gm Cream,RASHFREE,261.19,7,4.11,9,Mother and Baby Care,In Stock
Pro Pl Chocolate Powder 500 Gm,PRO PL,619.00,5,4.22,85,Mother and Baby Care,In Stock
Himalaya Gentle Baby Shampoo Bottle Of 400ml,HIMALAYA BABY,355.01,11,4.04,102,Mother and Baby Care,In Stock
Prohance Junior Chocolate Flavour Jar 400 Gm,PROHANCE,671.82,5,3.61,49,Mother and Baby Care,In Stock
Ova News - Ovulation Detection Kit From Prega News | Identifies 5 Most Fertile Days In 5 Mins - 1n,MANKIND,500.00,38,3.09,11,Mother and Baby Care,In Stock
Tedibar Bathing Bar 100g Pack Of 2 (Soap Free For Sensitive Skin),TEDIBAR,530.00,10,4.29,41,Mother and Baby Care,In Stock
Himalaya Baby Massage Body Oil Bottle Of 500 Ml,HIMALAYA BABY,550.00,10,4.42,88,Mother and Baby Care,In Stock
Zandu Satavarex Health Food Bottle Of 210 G,ZANDU,334.01,8,4.38,61,Mother and Baby Care,In Stock
Himalaya Gentle Baby Lotion 200 Ml,HIMALAYA BABY,210.00,10,4.28,57,Mother and Baby Care,In Stock
Sebamed Cleansing Bar - 100g,SEBAMED,190.00,3,4.29,65,Mother and Baby Care,In Stock
Sebamed Everyday Shampoo 200ml |Ph 5.5 | Normal To Dry Hair | Mild Formula | Gives Moisture & Volume,SEBAMED,605.00,3,4.42,69,Mother and Baby Care,In Stock
Dermadew Baby Soap 75gm,DERMADEW,186.86,2,4.53,15,Mother and Baby Care,In Stock
Liveasy Baby Care Soft & Gentle Baby Wipes Pack Of 20,LIVEASY,79.00,15,Not found,15,Mother and Baby Care,In Stock
Himalaya Gentle Baby | Extra Soft | Wipes | 72 No'S,HIMALAYA,280.00,10,4.45,97,Mother and Baby Care,In Stock
Grd Smart Chocolate Whey Protein Jar Of 200 G,GRD,446.83,4,4.13,111,Mother and Baby Care,In Stock
Protinex Mothers Nutritional Drink Mix Pregnant & Breastfeeding Women Chocolate Flavour Box Of 250gm,PROTINEX,495.00,0,4.2,93,Mother and Baby Care,In Stock
Himalaya Gentle Baby Shampoo 100 Ml,HIMALAYA BABY,115.00,10,4.27,59,Mother and Baby Care,In Stock
Sebamed Olive Face & Body Wash 200 Ml | Ph 5.5 | Soap Free | For Sensitive & Dry Skin,SEBAMED,800.00,18,4.75,48,Mother and Baby Care,In Stock
Prohance D Chocolate Diabetes Care Powder Sugar Free Jar Of 400 G,PROHANCE,808.13,6,4.38,147,Mother and Baby Care,In Stock
Omron Digital Mc 246 Thermometer 1,OMRON,274.99,0,3.33,46,Mother and Baby Care,In Stock
Prohance Hp (High Protein) | Vanilla Flavour | Jar | Oral Powder | 400 G,PROHANCE,1065.00,4,4.31,145,Mother and Baby Care,In Stock
Protinex Mothers Chocolate Flavour Powder | Jar Of 400g,PROTINEX,655.00,10,4.33,33,Mother and Baby Care,In Stock
Aptamil Gold 3 Follow Up Infant Formula Powder (After 12 Months) Stage-3 -400g Bag-In-Box,APTAMIL,1010.00,0,4.14,29,Mother and Baby Care,In Stock
Pro Pl Chocolate Powder 200 Gm,PRO PL,299.00,1,4.09,47,Mother and Baby Care,In Stock
Simyl Mct Lactose & Sucrose Free Infant Milk Substitute Spray Dried Powder Tin 400 Gm,SIMYL,582.84,3,3.96,27,Mother and Baby Care,In Stock
Sebamed Baby Ph 5.5 For Delicate Skin With Camomile Body Lotion - 400ml,SEBAMED,1620.00,3,4.11,74,Mother and Baby Care,In Stock
Luciara Anti-Stretch Marks Cream | To Reduce Pregnancy Stretch Marks | 50gm,LUCIARA,599.99,28,4.04,50,Mother and Baby Care,In Stock
Sebamed Baby Body Lotion Ph 5.5 For Delicate Skin 100 Ml,SEBAMED,590.00,3,4.5,26,Mother and Baby Care,In Stock
Sebamed Baby Cream Extra Soft | Ph 5.5 | For Delicate Skin | 200 Ml,SEBAMED,830.00,3,4.5,64,Mother and Baby Care,In Stock
Prega News At Home One Step Urine Hcg Digital Pregnancy Test Kit (6 Tests),PREGA NEWS,360.00,20,Not found,64,Mother and Baby Care,In Stock
Sebamed Baby Rash Cream|Ph 5.5|Ideal For Diaper Rashes| Faster Rash Healing |100 Ml,SEBAMED,630.00,3,4.86,28,Mother and Baby Care,In Stock
Sebamed Baby Cleansing Bar For Delicate Skin | Ph 5.5 | 150 Gm,SEBAMED,500.00,8,4.08,40,Mother and Baby Care,In Stock
Grd Smart Vanilla Whey Protein Jar Of 200 G,GRD,446.69,9,3.91,45,Mother and Baby Care,In Stock
Dermadew Baby Lotion 80ml,DERMADEW,176.00,0,4.8,5,Mother and Baby Care,In Stock
Himalaya Gentle Baby Lotion 100 Ml,HIMALAYA BABY,125.00,10,4,38,Mother and Baby Care,In Stock
Liveasy Digital Thermometer Let-01 1 No'S,LIVEASY,222.00,15,3.29,7,Mother and Baby Care,In Stock
Sebamed Clear Face Cleansing Foam - 50ml,SEBAMED,400.00,5,3.9,31,Mother and Baby Care,In Stock
Pro Pl Vanilla Flavour Powder 500 Gm,PRO PL,619.00,0,4,102,Mother and Baby Care,In Stock
Himalaya Gentle Baby Cream 100 Ml,HIMALAYA BABY,200.00,13,4.49,70,Mother and Baby Care,In Stock
Himalaya Gentle Baby Cream 200 Ml,HIMALAYA BABY,310.00,10,4.5,111,Mother and Baby Care,In Stock
Lactaways Elaichi Flavour Jar Of 200gm Granules,LACTAWAYS,370.00,10,4.83,6,Mother and Baby Care,In Stock
Dexolac Stage 1 Infant Formula (Upto 6 Months) Tin - 400gm,DEXOLAC,495.00,0,4.3,60,Mother and Baby Care,In Stock
Prohance Chocolate Nutrition Drink Of Jar 400 G,PROHANCE,631.50,5,4.34,59,Mother and Baby Care,In Stock
Sebamed Clear Face Cleansing Bar 100gm | Ph 5.5 | Reduces Pimples & Blackheads | Vitamin E,SEBAMED,230.01,3,4.11,74,Mother and Baby Care,In Stock
Pearldew Baby Cream 50 Gm | With Calendula & Milk Protein | Paraben Free (Pack Of 2),PEARLDEW,490.00,20,1,1,Mother and Baby Care,In Stock
Prohance Mom Chocolate Nutrition Drink Packet Of 200 G,PROHANCE,389.50,4,4.13,55,Mother and Baby Care,In Stock
Pro Pl Lite Chocolate Powder Sugar Free | Tin Of 200 Gm,PRO PL LITE,427.00,7,4.04,27,Mother and Baby Care,In Stock
Mederma Gel 10gm,MEDERMA,505.00,0,5,1,Mother and Baby Care,In Stock
Sebamed Baby Shampoo|Ph 5.5| Ideal For Newborns Delicate Scalp| No Tears | 150 Ml,SEBAMED,471.00,3,4.33,15,Mother and Baby Care,In Stock
Liveasy Baby Wipes - Pack Of 72 - Soft & Gentle - For Babies' Delicate Skin,LIVEASY,199.00,15,3.56,64,Mother and Baby Care,In Stock
Venusia Baby Intensive Moisturizing | For Dry And Ultra Dry Skin | Lotion | 300 Gm,VENUSIA,801.00,5,4.86,7,Mother and Baby Care,In Stock
Prega News At Home One Step Urine Hcg Pregnancy Test Kit (4 Tests),PREGA NEWS,240.00,10,4.5,2,Mother and Baby Care,In Stock
Sebamed Anti-Dry Revitalizing Shampoo 200ml | Regenerates Dry Hair Healthy Shine Results In 3 Weeks,SEBAMED,667.00,3,4.79,28,Mother and Baby Care,In Stock
Sebamed Baby Protective Facial Cream|Ph 5.5|Baby Face Cream|Vitamin E For Soft Skin|50ml,SEBAMED,1030.00,3,4.3,46,Mother and Baby Care,In Stock
Himalaya Baby Massage Body Oil Bottle Of 200 Ml,HIMALAYA BABY,260.00,10,4.38,65,Mother and Baby Care,In Stock
Pro Pl Vanilla Powder 200 Gm,PRO PL,299.00,0,4.03,29,Mother and Baby Care,In Stock
Sebamed Sensitive Skin Cleansing Bar Soap 100 G,SEBAMED,190.00,3,4.29,7,Mother and Baby Care,In Stock
Himalaya Baby Diaper Rash Cream ( 20gm),HIMALAYA BABY,84.00,12,4.55,44,Mother and Baby Care,In Stock
Himalaya Baby Diaper Rash Cream Tube Of 50 G,HIMALAYA BABY,140.00,10,4.52,98,Mother and Baby Care,In Stock
Sebamed Baby Ph 5.5 Body Lotion For Delicate Skin 50ml,SEBAMED,350.00,5,4.25,8,Mother and Baby Care,In Stock
Sebamed Baby Lip Balm|Soft Baby Lips|With Shea Butter | Jojoba Oil & Beeswax|4.8 Gm,SEBAMED,520.00,3,4.58,19,Mother and Baby Care,In Stock
Dexolac Stage 3 Follow-Up Infant Formula (12 To 18 Months) Box Of 400 G,DEXOLAC,490.00,0,4.12,48,Mother and Baby Care,In Stock
Prega News Advance Test Kit | Rapid Single Step Pregnancy Test | 99% Accurate Results In 3 Mins - 2n,PREGA NEWS,240.00,25,4,2,Mother and Baby Care,In Stock
Sebamed Baby Cream Extra Soft|Ph 5.5|Ideal For Dry Skin|50 Ml,SEBAMED,270.00,3,4.54,13,Mother and Baby Care,In Stock
Mederma Stretch Marks Therapy Tube Of 25gm Cream,MEDERMA,585.00,0,5,2,Mother and Baby Care,In Stock
Sebamed Baby Face & Body Wash Foam|Ph 5.5|Ideal For Face & Body|For Delicate | Dry Skin|400 Ml,SEBAMED,1090.00,10,4.33,9,Mother and Baby Care,In Stock
Cetaphil Baby Daily Lotion With Organic Calendula | Face & Body | 400 Ml,CETAPHIL,1598.99,18,3.82,17,Mother and Baby Care,In Stock
Dermadew Baby Cream 80gm,DERMADEW,260.00,0,4.71,14,Mother and Baby Care,In Stock
Vigini Erase Stretch Marks Removal Cream & Bust Firming Massage Cream 200ml,VIGINI,900.00,26,Not found,14,Mother and Baby Care,In Stock
Prohance Junior Nutrition Powder Vanilla 400g,PROHANCE,671.82,6,4.27,45,Mother and Baby Care,In Stock
Sebamed Lip Defense 4.8 Gm | For Dry And Chapped Lips | With Spf 30 | With Jojoba Oil And Vitamin E,SEBAMED,584.38,3,3.8,5,Mother and Baby Care,In Stock
Mederma Tube Of 20gm Gel,MEDERMA,999.00,2,4,6,Mother and Baby Care,In Stock
Ezinapi Plus Cream 50gm,EZINAPI,294.96,15,4.71,7,Mother and Baby Care,In Stock
Sebamed Baby Gentle Wash 200ml|Ph 5.5| With Allantoin| No Tears Formula |Clinically Tested,SEBAMED,590.00,5,2.67,3,Mother and Baby Care,In Stock
Prega News At Home One Step Urine Hcg Pregnancy Test Kit (10 Tests),PREGA NEWS,600.00,20,3,1,Mother and Baby Care,In Stock
Cetaphil Baby Gentle Wash & Shampoo | Tear & Soap Free | 230 Ml,CETAPHIL,829.00,3,1,2,Mother and Baby Care,In Stock
Pampers Complete Skin Comfort Pant Small Size Anti -Rash Blanket Lotion With Aloe & Vit E 86 No'S,PAMPERS,1249.00,0,3.91,11,Mother and Baby Care,In Stock
Mms Stage 1 Infant Formula Powder - 400gm Tin,MMS,575.00,0,3.27,11,Mother and Baby Care,In Stock
Dexolac Stage 4 Follow-Up Infant Formula (18 - 24 Months) Box Of 400 G,DEXOLAC,490.00,0,4.45,40,Mother and Baby Care,In Stock
Prega News - Pack Of 3,PREGA NEWS,180.00,16,4.62,8,Mother and Baby Care,In Stock
Sebamed Baby Massage Oil| With Soya Oil|Non- Greasy|Ideal For Newborn |150 Ml,SEBAMED,630.00,3,5,2,Mother and Baby Care,In Stock
Oyo Baby Waterproof Bed Protector Baby Dry Sheet Large Salmon Rose (100 Cm X 140 Cm),OYO BABY,595.00,32,Not found,2,Mother and Baby Care,In Stock
Littles Poly Maxi Feeding | 3 In 1 Bpa Free Bottle -240ml,LITTLE'S,105.00,0,4.2,15,Mother and Baby Care,In Stock
Pro Pl Cardamom Flavour Powder 500 Gm,PRO PL,695.00,0,3.43,7,Mother and Baby Care,In Stock
Prega News Advance Test Kit | Rapid Single Step Pregnancy Test | 99% Accurate Results In 3 Mins - 4n,PREGA NEWS,480.00,40,1,1,Mother and Baby Care,In Stock
Oyo Baby Waterproof Bed Protector Baby Dry Sheet Extra Large Beige (140 Cm X 200 Cm),OYO BABY,1259.00,38,Not found,1,Mother and Baby Care,In Stock
Prohance Junior Nutrition Powder Vanilla 200g,PROHANCE,375.50,5,4.12,8,Mother and Baby Care,In Stock
Zerolac Powder 400gm,ZEROLAC,602.00,0,4.39,51,Mother and Baby Care,In Stock
Cetaphil Baby Shampoo | With Natural Chamomile | 200 Ml,CETAPHIL,728.50,16,3.92,13,Mother and Baby Care,In Stock
Mums Care Rice Wheat Mixed Fruit Flavour Jar Of 400gm Powder,MUMS CARE,499.00,0,4.5,22,Mother and Baby Care,In Stock
Hicks Oval Thermometer 1,HICKS,186.00,0,2.18,28,Mother and Baby Care,In Stock
Control D Thermometer,CONTROL D,249.00,12,3.65,68,Mother and Baby Care,In Stock
Cetaphil Baby Daily Lotion With Shea Butter | 400 Ml,CETAPHIL,950.00,5,4.34,47,Mother and Baby Care,In Stock
Dexolac Stage 2 Follow-Up Formula (6 To 12 Months) Box Of 400gm,DEXOLAC,465.00,0,4.82,11,Mother and Baby Care,In Stock
Sofidew Baby Massage Oil 100ml,SOFIDEW,239.50,15,4.71,7,Mother and Baby Care,In Stock
Prega News Advance Hcg Home Pregnancy Test Midstream Urine Test Kit | Pack Of 1,PREGA NEWS,112.50,3,3.8,5,Mother and Baby Care,In Stock
Prega News At Home One Step Urine Hcg Pregnancy Test Kit (5 Tests),PREGA NEWS,300.00,20,5,1,Mother and Baby Care,In Stock
Littles Soft Cleansing Baby Wipes 72 Count,LITTLES,99.00,0,Not found,1,Mother and Baby Care,In Stock
Mom & World Baby Mosquito Repellent Room Spray - 100% Naturally Derived 100 Ml,MOM & WORLD,225.00,0,5,1,Mother and Baby Care,In Stock
Sebamed Anti-Ageing Q10 Protection Cream 50 Ml | Panthenol & Vitamin E|Wrinkle Reduction In 28 Days,SEBAMED,1480.00,3,4.92,13,Mother and Baby Care,In Stock
Johnson'S Baby Skincare Wipes Packet Of 72,JOHNSON'S,280.00,0,4.71,7,Mother and Baby Care,In Stock
Mederma Advanced Plus Tube Of 5gm Scar Gel,MEDERMA,325.00,0,4,1,Mother and Baby Care,In Stock
Sebamed Lip Defense Spf 30 Strawberry 4.8 Gm,SEBAMED,520.00,5,2.5,2,Mother and Baby Care,In Stock
Sebamed Baby Powder 100g |With Olive Oil And Allantoin| For Delicate Skin,SEBAMED,373.00,3,4,1,Mother and Baby Care,In Stock
Protone Mom Choco Nutrition Drink Tin Of 200 G,PROTONE MOM,354.15,18,4.26,19,Mother and Baby Care,In Stock
Venusia Baby Intensive Moisturizing | For Dry And Ultra Dry Skin | Cream | 75 Gm,VENUSIA,367.00,6,4,3,Mother and Baby Care,In Stock
Sofidew Bottle Of 100ml Shampoo,SOFIDEW,231.36,0,4.67,3,Mother and Baby Care,In Stock
Prega News Advance Hcg Home Pregnancy Test Midstream Urine Test Kit | Pack Of 3,PREGA NEWS,360.00,36,Not found,3,Mother and Baby Care,In Stock
Equalstwo Two-In-One Baby Body Wash 200 Ml,EQUALSTWO,499.00,9,4.68,19,Mother and Baby Care,In Stock
Feeding Bag 1200ml (Romsons),FEEDING BAG,786.00,66,4.38,8,Mother and Baby Care,In Stock
Accurate Pro One Step Urine Hcg Pregnancy Test Kit (Pack Of 5 Strips),ACCURATE PRO,285.00,15,Not found,8,Mother and Baby Care,In Stock
Sebamed Hair Repair Shampoo 200 Ml,SEBAMED,740.00,0,Not found,8,Mother and Baby Care,In Stock
Daffy Ph 5.5 Bottle Of 100ml Baby Lotion,DAFFY,350.00,20,5,1,Mother and Baby Care,In Stock
Oyo Baby Water Based Wet Wipes With Lid / Baby Wipes For Newborn Babies With Lid (Pack Of 1),OYO BABY,199.00,21,5,1,Mother and Baby Care,In Stock
Prega News Value Pack( 2 Gloves + 2 Urine Containers + 2 Pregnancy Test Kits ) | Pack Of 1,PREGA NEWS,187.50,30,Not found,1,Mother and Baby Care,In Stock
Equalstwo Two-In-One Baby Wash 500 Ml,EQUALSTWO,1399.00,1,4.55,11,Mother and Baby Care,In Stock
Hiposoft Diaper Rash Cream 30gm,HIPOSOFT,269.00,0,5,1,Mother and Baby Care,In Stock
Daffy Ph 5.5 Bottle Of 100ml Baby Shampoo,DAFFY,266.95,2,Not found,1,Mother and Baby Care,In Stock
Sirona Premium Disposable Maternity Breast Pads - 30 + 6 Pads,SIRONA,449.00,37,2,4,Mother and Baby Care,In Stock
Himalaya Baby Massage Body Oil Bottle Of 100 Ml,HIMALAYA BABY,150.00,10,4.24,46,Mother and Baby Care,In Stock
Sebamed Lip Defense Spf 30 Cherry 4.8 Gm,SEBAMED,445.00,5,1,1,Mother and Baby Care,In Stock
Sebamed Fresh Shower 200 Ml | Ph 5.5 | Revitalises Skin | Suitable For Sensitive Skin,SEBAMED,800.00,20,4.86,7,Mother and Baby Care,In Stock
Mums Care Wheat Apple,MUMS CARE,226.00,0,3.2,20,Mother and Baby Care,In Stock
Sebamed Baby Gentle Wash 50ml|Ph 5.5| With Allantoin| No Tears Formula |Clinically Tested,SEBAMED,210.00,5,Not found,20,Mother and Baby Care,In Stock
Sirona Disposable Maternity And Nursing Breast Pads For Women - 12 Pads,SIRONA,199.00,27,4.5,2,Mother and Baby Care,In Stock
Mamaearth Soothing Massage Oil For 0-5 Yrs Babies 100ml,MAMAEARTH,266.06,0,4.83,6,Mother and Baby Care,In Stock
Baidyanath Garbh Chintamani Ras - 10 Tablets,BAIDYANATH,1665.00,19,3.25,4,Mother and Baby Care,In Stock
Healthbest Protein Powder For Women Prenatal Pregnancy And Lactation Chocolate Flavour - 300gm,HEALTHBEST,700.00,0,Not found,4,Mother and Baby Care,In Stock
Babyorgano Natural Cold Relief Roll-On For Babies Cold | Cough | Nose Block & Chest Congestion 40ml,BABYORGANO,299.00,29,Not found,4,Mother and Baby Care,In Stock
Ezeefind Early Pregnancy Test Kit|Midstream Technology|One Step Process|Over 99% Accurate|Pack Of 3,EZEEFIND,309.00,5,1,1,Mother and Baby Care,In Stock
Lactodex Lbw Tin Of 400gm Powder,LACTODEX,605.08,0,4,16,Mother and Baby Care,In Stock
Sebamed Pro Regenerating Cream 50ml | Probiotic Care|Reduces Wrinkles & Fine Lines|Base For Makeup,SEBAMED,3120.00,5,5,2,Mother and Baby Care,In Stock
Sheneed Folic Acid & Iron Supplements For Supports Pregnancy & Iron Production 60 Tablets,SHENEED,350.00,40,1,1,Mother and Baby Care,In Stock
Vigini Erase Stretch Marks Scar Uneven Tone Removal Bio Oil Cream In During After Pregnancy Delivery,VIGINI,375.00,22,Not found,1,Mother and Baby Care,In Stock
Prega News Advance Test Kit | Rapid Single Step Pregnancy Test | 99% Accurate Results In 3 Mins - 6n,PREGA NEWS,720.00,28,5,1,Mother and Baby Care,In Stock
Himalaya Extra Moisturing Baby Soap (75gm),HIMALAYA BABY,62.00,10,4.78,9,Mother and Baby Care,In Stock
Nutriright - Mom Vanilla Powder - 200gm Tin,NUTRIRIGHT,509.75,4,4,1,Mother and Baby Care,In Stock
Mums Care Rice Moong Dal 300gm,MUMS CARE,226.00,0,4.14,7,Mother and Baby Care,In Stock
Sebamed Baby Body Milk | Ph 5.5 | Ideal For Dry Skin | Daily Moisturisation | 100 Ml,SEBAMED,630.00,5,5,3,Mother and Baby Care,In Stock
Prohance Vanilla Nutrition Drink Refill Of 200 G,PROHANCE,338.00,5,4.57,21,Mother and Baby Care,In Stock
Prega News Value Pack( 2 Gloves + 2 Urine Containers + 2 Pregnancy Test Kits ) | Pack Of 2,PREGA NEWS,400.00,31,Not found,21,Mother and Baby Care,In Stock
Mms Lbw Baby Food Tin Of 400 G,MMS,725.00,0,4.67,3,Mother and Baby Care,In Stock
Dexolac Special Care Baby Food Tin Of 400 G,DEXOLAC,530.00,0,4.2,30,Mother and Baby Care,In Stock
Ezeefind Early Pregnancy Test Kit|Midstream Technology|One Step Process|Over 99% Accurate|Pack Of 5,EZEEFIND,516.00,5,Not found,30,Mother and Baby Care,In Stock
Oyo Baby Waterproof Rubber Sheet Double Bed Size (200cm X 260cm Royal Blue),OYO BABY,2199.00,45,Not found,30,Mother and Baby Care,In Stock
Baby Forest Neer 99.9% Water Baby Wipes- Pack Of 4 | Ideal For 0+ Months | Dermatologically Tested,BABY FOREST,1796.00,38,Not found,30,Mother and Baby Care,In Stock
Sebamed Baby Protective Facial Cream 100 Ml,SEBAMED,1670.00,3,4.83,12,Mother and Baby Care,In Stock
Prega News Advance Test Kit | Rapid Single Step Pregnancy Test | 99% Accurate Results In 3 Mins - 5n,PREGA NEWS,600.00,28,Not found,12,Mother and Baby Care,In Stock
Oyo Baby Waterproof Bed Protector Baby Dry Sheet Medium Dark Sea Blue (70 Cm X 100 Cm),OYO BABY,335.00,28,Not found,12,Mother and Baby Care,In Stock
Pro360 Mom Dry Fruits Nutrition Drink Tin Of 250 G,PRO360,555.00,17,3.67,6,Mother and Baby Care,In Stock
Pregnacream During And After Pregnancy Prevents & Reduces Stretch Marks 100gm,PREGNACREAM,450.00,13,4.29,7,Mother and Baby Care,In Stock
Mom & World Skin Bio Therapy Oil For Stretch Marks Scars & Skin Toning 200 Ml,MOM & WORLD,899.00,5,4,1,Mother and Baby Care,In Stock
Luvlap Instadry Extra Absorbent Dry Sheet/Bed Protector Sky Bluen 0m Medium 70x100cm,LUVLAP,299.00,0,1.5,2,Mother and Baby Care,In Stock
Baby Forest Mulmul Baby Wipes (Pack Of 5),BABY FOREST,1995.00,36,Not found,2,Mother and Baby Care,In Stock
Himalaya Extra Moisturing Baby Soap Box Of 125 G,HIMALAYA BABY,100.00,10,4.31,16,Mother and Baby Care,In Stock
Doobidoo Baby Pants - Medium Size Diapers (32 Count) - With Anti Leak Side Cuffs (7-12 Kgs),DOOBIDOO,650.00,45,Not found,16,Mother and Baby Care,In Stock
Philips Avent My Straw Cup 200ml/7oz (9m+) (Assorted) Scf796/00,PHILIPS AVENT,549.00,9,Not found,16,Mother and Baby Care,In Stock
Oyo Baby Waterproof Bed Protector Baby Dry Sheet Large Rani Pink (100 Cm X 140 Cm),OYO BABY,595.00,32,Not found,16,Mother and Baby Care,In Stock
Maxisoft Baby Lotion | Ph 5.5 | Tube | 100 Ml | Pack Of 2,MAXISOFT,790.00,43,Not found,16,Mother and Baby Care,In Stock
Dermadew Diaper Tube Of 50gm Cream,DERMADEW,175.01,6,3.5,2,Mother and Baby Care,In Stock
Nmf E Daily Moisturising Baby Lotion 200 Ml,NMF E,399.01,5,1,1,Mother and Baby Care,In Stock
Aveeno Baby Daily Moisturising Lotion - 227g,AVEENO,1050.00,3,4,10,Mother and Baby Care,In Stock
Oyo Baby Waterproof Bed Protector Baby Dry Sheet Large Plum (100 Cm X 140 Cm),OYO BABY,595.00,34,Not found,10,Mother and Baby Care,In Stock
Pearldew Baby Powder - 100 Gm | With Tulsi | Neem | Aloe Vera | Shea Butter (Pack Of 4),PEARLDEW,660.00,35,Not found,10,Mother and Baby Care,In Stock
Oyo Baby Waterproof Bed Protector Baby Dry Sheet Medium Salmon Rose (70 Cm X 100 Cm),OYO BABY,335.00,28,Not found,10,Mother and Baby Care,In Stock
Pigeon Children Toothpaste Strawberry - 45 Gms,PIGEON,175.00,0,3.33,3,Mother and Baby Care,In Stock
Mee Mee Gentle Baby Bubble Bath And Mild Baby Shampoo (500 Ml),MEE MEE,598.00,0,2,1,Mother and Baby Care,In Stock
Maxisoft Baby Powder | Bottle | 100 Gm | Pack Of 2,MAXISOFT,330.00,14,Not found,1,Mother and Baby Care,In Stock
Mums Care Ragi Moong Dal,MUMS CARE,226.00,2,3.67,3,Mother and Baby Care,In Stock
Pregakem Pregnancy Kit 1'S,PREGAKEM,65.60,30,1,1,Mother and Baby Care,In Stock
Pigeon Children Toothpaste Orange - 45 Gms,PIGEON,175.00,0,3.67,3,Mother and Baby Care,In Stock
Oyo Baby Waterproof Bed Protector Baby Dry Sheet Small Royal Blue (50 Cm X 70 Cm),OYO BABY,195.00,14,Not found,3,Mother and Baby Care,In Stock
Baby Forest Khilta Mukhra Baby Face Cream 50 Gm | Shea Butter | Saffron | & Almond Oil | Derma Safe,BABY FOREST,795.00,0,Not found,3,Mother and Baby Care,In Stock
Calcimax Forte Plus Strip Of 30 Tablets,CALCIMAX,293.00,16,4.49,785,Mobility & Elderly Care,In Stock
Volini Pain Relief | Gel | 75 Gm,VOLINI,272.00,13,4.42,980,Mobility & Elderly Care,In Stock
Pharmeasy Calcium Magnesium Vitamin D3 & Zinc - Bones & Dental Health - Bottle 60,PHARMEASY,533.00,43,3.85,404,Mobility & Elderly Care,In Stock
Volini Pain Relief | Gel | 100 Gm,VOLINI,349.00,11,4.44,322,Mobility & Elderly Care,In Stock
Dr Ortho An Ayurvedic Medicine Oil Bottle Of 120 Ml,DR ORTHO,276.00,4,4.38,419,Mobility & Elderly Care,In Stock
Everherb Ashwagandha - Immunity Booster - Anxiety & Stress - Bottle Of 60 Capsules (By Pharmeasy),EVERHERB,562.00,48,3.87,450,Mobility & Elderly Care,In Stock
Volini Maxx Pain Relief | Spray | 55 Gm,VOLINI,243.00,17,4.28,251,Mobility & Elderly Care,In Stock
Pharmeasy Joint Support - Maintains Joints Mobility - Bone & Joint Health - Bottle Of 60,PHARMEASY,711.00,35,3.64,98,Mobility & Elderly Care,In Stock
Pharmeasy Calcium Magnesium Vitamin D3 & Zinc - Bones & Dental Health - Bottle 120,PHARMEASY,800.00,45,4.23,137,Mobility & Elderly Care,In Stock
Pharmeasy Multivitamin Gummies For Kids And Adults Lemon & Strawberry Flavour Bottle Of 30 Gummies,PHARMEASY,444.00,39,3.71,124,Mobility & Elderly Care,In Stock
Pharmeasy Orthopaedic Electric Heat Belt Regular,PHARMEASY,996.45,47,3.89,142,Mobility & Elderly Care,In Stock
Pharmeasy Orthopaedic Electric Heat Belt - Extra Large,PHARMEASY,1099.00,48,4.21,245,Mobility & Elderly Care,In Stock
Pharmeasy Vitamin D3 - Supports Bone Health - Helps In Absorption Of Calcium - Bottle Of 60,PHARMEASY,599.00,50,4.07,60,Mobility & Elderly Care,In Stock
Pharmeasy Multivitamin 50+ - With Brain And Joint Health Blend - Bottle Of 60,PHARMEASY,711.00,47,4.24,70,Mobility & Elderly Care,In Stock
Tynor A 11 Chest Binder Belt Size Medium,TYNOR,1210.00,24,5,1,Mobility & Elderly Care,In Stock
Bausch & Lomb Renu Fresh Multi Purpose Solution - 355ml,BAUSCH & LOMB,605.00,4,4.75,28,Mobility & Elderly Care,In Stock
Baidyanath Asli Ayurved Mahanarayan Taila 200 Ml | Ayurvedic Oil For Joint Pain Relief,BAIDYANATH,379.00,22,4,29,Mobility & Elderly Care,In Stock
Vwash Plus Ph 3.5 Liquid Wash 200ml,V WASH,400.00,11,4.45,44,Mobility & Elderly Care,In Stock
Friends Economy Adult Diapers Tape Style - 10 Count (M) Waist 72 - 130cm (28.35 - 51.18 Inch),FRIENDS,492.19,50,3.96,106,Mobility & Elderly Care,In Stock
Tynor Abdominal Support For Post Pregnancy 9 Inch Medium 1,TYNOR ABDOMINAL SUPPORT FOR POST PREGNANCY 9 INCH MEDIUM,1400.00,20,Not found,106,Mobility & Elderly Care,In Stock
Friends Overnight Adult Diapers Pants Style (X-Large) Waist 30-56 Inch - 10 Count,FRIENDS,773.44,0,4.24,25,Mobility & Elderly Care,In Stock
Himalaya Reosto | Tablets | 30 No'S,HIMALAYA,248.44,13,4.28,58,Mobility & Elderly Care,In Stock
Flamingo Orthopedic Heat Belt Extra Large - Pack Of 1,FLAMINGO,1350.00,29,3.65,57,Mobility & Elderly Care,In Stock
Baidyanath Asli Ayurved Mahamanjisthadi Kadha Ayurvedic Blood Purifier Syrup 450 Ml,BAIDYANATH,265.00,10,4.54,13,Mobility & Elderly Care,In Stock
Pharmeasy Knee Cap (Pair) - Medium - Black - Protects Knee Joints - Reduces Risk Of Injuries,PHARMEASY,325.00,42,3.89,45,Mobility & Elderly Care,In Stock
Liberty Eco Adult Pants - Medium - 10 Units,LIBERTY,550.00,9,4.18,33,Mobility & Elderly Care,In Stock
Baidyanath Asli Ayurved Rogan Badam Shirin 50 Ml | Pure Almond Oil | Nourishes Skin And Hair,BAIDYANATH,235.00,23,4,5,Mobility & Elderly Care,In Stock
Pharmeasy Knee Cap (Pair) - Protects Knee Joints - Reduces Risk Of Injuries - Black - Xxl,PHARMEASY,325.00,41,4.05,21,Mobility & Elderly Care,In Stock
Flamingo Orthopedic Heat Belt Regular - Pack Of 1,FLAMINGO,1250.00,37,3.68,37,Mobility & Elderly Care,In Stock
Cranmed Strip Of 10 Capsules,CRANMED,330.00,7,4.33,6,Mobility & Elderly Care,In Stock
Pharmeasy Knee Cap (Pair) - Protects Knee Joints - Reduces Risk Of Injuries - Black - Xl,PHARMEASY,325.00,41,4.08,37,Mobility & Elderly Care,In Stock
Friends Overnight Adult Diapers Tape Style - 10 Count (L) Waist 83-152 Cm(32.68-59.84 Inch),FRIENDS,800.00,0,4.13,23,Mobility & Elderly Care,In Stock
Tynor Ankle Binder Grey Large 1 Unit,TYNOR,344.00,20,3.77,13,Mobility & Elderly Care,In Stock
Baidyanath Asli Ayurved Maharasnadi Kadha With Guggulu 450 Ml (Pack Of 2) For Joints & Muscles,BAIDYANATH,540.00,26,4.45,11,Mobility & Elderly Care,In Stock
Himalaya Pain Massage Oil | 100 Ml,HIMALAYA,140.00,1,2.4,5,Mobility & Elderly Care,In Stock
Lifree Extra Absorbent Adult Diaper Pants Large - 10 Diapers,LIFREE,550.00,20,4.64,11,Mobility & Elderly Care,In Stock
Tynor D 04 Latex Free Knee Cap Large 1 Pair,TYNOR,419.00,20,3.96,26,Mobility & Elderly Care,In Stock
Flamingo Cool Pack - Regular Size,FLAMINGO,450.00,37,3.06,16,Mobility & Elderly Care,In Stock
Besafe Forever Knee Cap Support Band Open Patella For Pain Relief | M | Single,BESAFE FOREVER,899.00,33,Not found,16,Mobility & Elderly Care,In Stock
Lifree Extra Absorbent Adult Diaper Pants Extra Large - 10 Diapers,LIFREE,600.00,22,4.25,8,Mobility & Elderly Care,In Stock
Dynapar Qps Plus Pain Relief Spray For Back | Knee | Muscle & Joint Pain - 15 Ml,DYNAPAR,190.50,2,3,2,Mobility & Elderly Care,In Stock
Himalaya Shallaki | Reduces Pain & Inflammation | Tablets | 60 No'S,HIMALAYA,300.00,11,4.61,18,Mobility & Elderly Care,In Stock
Tynor A 05 Lumbo Sacral Belt Medium,TYNOR,1087.00,31,4.58,24,Mobility & Elderly Care,In Stock
Himalaya Hadjod | Strengthens Bones | Tablets | 60 No'S,HIMALAYA,325.00,12,4.24,49,Mobility & Elderly Care,In Stock
Flamingo Orthopaedic Electric Heating Pad | Regular,FLAMINGO,1250.00,40,2.73,11,Mobility & Elderly Care,In Stock
Baidyanath Asli Ayurved Maharasnadi Kadha With Guggulu - For Joints & Muscles Pain | 450 Ml,BAIDYANATH,245.00,10,4.67,3,Mobility & Elderly Care,In Stock
Himalaya Pain Relief Oil | Relieves Body Aches And Pain | Ginger | 100 Ml,HIMALAYA,140.00,8,3.7,20,Mobility & Elderly Care,In Stock
Comfrey Adult Diapers - Large - 10 Units,COMFREY,550.00,32,4.43,14,Mobility & Elderly Care,In Stock
Baidyanath Asli Ayurved Chandraprabha Bati 80 Tablet (Pack Of 2) Useful In Urinary System,BAIDYANATH,310.00,25,3.82,11,Mobility & Elderly Care,In Stock
Liberty Eco Adult Diapers Medium - 10 Units,LIBERTY,525.00,14,3.91,32,Mobility & Elderly Care,In Stock
Liberty Eco Adult Diapers - Large - 10 Units,LIBERTY,575.00,14,3.74,34,Mobility & Elderly Care,In Stock
Baidyanath Asli Ayurved Bhringrajasava 450 Ml,BAIDYANATH,219.00,2,Not found,34,Mobility & Elderly Care,In Stock
Liberty Eco Adult Diapers Xl - 10 Units,LIBERTY,650.00,14,4.17,12,Mobility & Elderly Care,In Stock
Baidyanath Asli Ayurved Prostaid | Urinary Track Infection | 50 Tablets ( Pack Of 2 ),BAIDYANATH,364.00,25,3.75,8,Mobility & Elderly Care,In Stock
Tynor Shoulder Support Double Lock (Neo) | Black & Green | Universal | 1 Unit,TYNOR,1155.00,14,Not found,8,Mobility & Elderly Care,In Stock
Baidyanath Asli Ayurved Rhuma Oil | Pain Relief Oil Joint Pain | (100ml) Pack Of 2,BAIDYANATH,506.00,33,4.47,15,Mobility & Elderly Care,In Stock
Baidyanath Asli Ayurved Mahanarayan Tel 50 Ml (Pack Of 3) Ayurvedic Oil For Joints Pain Relief,BAIDYANATH,315.00,26,4.29,7,Mobility & Elderly Care,In Stock
Friends Easy Adult Diaper | Tape Style | (M) 72-130cm | Packet | 10 No'S,FRIENDS,567.19,50,4.67,3,Mobility & Elderly Care,In Stock
Baidyanath Asli Ayurved Kesari Kalp Royal Chyawanprash - Enriched With Gold Silver And Saffron - 1kg,BAIDYANATH,850.00,23,2.86,14,Mobility & Elderly Care,In Stock
Baidyanath Asli Ayurved Shodhit Shilajit 50 Capsules | Ayurvedic Supplement For Men,BAIDYANATH,300.00,18,3,3,Mobility & Elderly Care,In Stock
Pharmeasy Lumbar Sacro Support Belt- Back Pain Relief And Sacral Support,PHARMEASY,799.00,50,3.73,102,Mobility & Elderly Care,In Stock
Everherb Jointcare - Blend Of 9 Powerful Herbs - Joint & Bone - Bottle Of 60 Tablets (By Pharmeasy),EVERHERB,888.94,49,4.19,108,Mobility & Elderly Care,In Stock
Collaflex Sugar Free | For Joint Health | Sachet | 10.2 Gm,COLLAFLEX,130.00,10,4.22,149,Mobility & Elderly Care,In Stock
Voveran 1% Emulgel 30gm,VOVERAN,170.63,3,4.1,21,Mobility & Elderly Care,In Stock
Cartigen Duo Strip Of 10 Tablets,CARTIGEN,323.44,4,4.28,32,Mobility & Elderly Care,In Stock
Omnigel Gel 100gm,OMNIGEL,294.93,41,4.04,71,Mobility & Elderly Care,In Stock
Liveasy Ortho Care Cotton Crepe Bandage - Reduces Strain Sprain & Swelling - 10 Cms X 4 Meters,LIVEASY,328.00,15,4.37,51,Mobility & Elderly Care,In Stock
Macgesia Bottle Of 50ml Oil,MACGESIA,179.52,12,4.74,34,Mobility & Elderly Care,In Stock
Himalaya Rumalaya Liniment 60 Ml,RUMALAYA,168.00,2,4.48,25,Mobility & Elderly Care,In Stock
Omnigel Gel 10gm,OMNIGEL,67.34,29,3.5,12,Mobility & Elderly Care,In Stock
Bausch & Lomb Bio True Bottle Of 300 Ml Liquid,BAUSCH & LOMB,660.00,4,4.6,45,Mobility & Elderly Care,In Stock
Tynor A 11 Chest Binder Belt Size Medium,TYNOR,1210.00,24,5,1,Mobility & Elderly Care,In Stock
Jointace C2 Plus Strip Of 10 Tablets,JOINTACE C2 PLUS,467.00,20,4.39,57,Mobility & Elderly Care,In Stock
Liveasy Adult Diaper Tape Style (M)-10|Anti Bacterial And Odour Lock Technology - Waist 28-45 Inch,LIVEASY,539.00,15,2,6,Mobility & Elderly Care,In Stock
Moov Pain Relief Specialist Active Spray 80gm,MOOV,339.00,0,4,7,Mobility & Elderly Care,In Stock
Bausch & Lomb Renu Fresh Multi Purpose Solution - 355ml,BAUSCH & LOMB,605.00,4,4.75,28,Mobility & Elderly Care,In Stock
Omni Gel Spray 35gm,OMNIGEL,148.91,28,4.35,17,Mobility & Elderly Care,In Stock
Baidyanath Asli Ayurved Mahanarayan Taila 200 Ml | Ayurvedic Oil For Joint Pain Relief,BAIDYANATH,379.00,22,4,29,Mobility & Elderly Care,In Stock
Vwash Plus Ph 3.5 Liquid Wash 200ml,V WASH,400.00,11,4.45,44,Mobility & Elderly Care,In Stock
Friends Economy Adult Diapers Tape Style - 10 Count (M) Waist 72 - 130cm (28.35 - 51.18 Inch),FRIENDS,492.19,50,3.96,106,Mobility & Elderly Care,In Stock
Tynor Abdominal Support For Post Pregnancy 9 Inch Medium 1,TYNOR ABDOMINAL SUPPORT FOR POST PREGNANCY 9 INCH MEDIUM,1400.00,20,Not found,106,Mobility & Elderly Care,In Stock
Tynor I 67 Medical Compression Stocking Below Knee Class 2 Size Xl,TYNOR,1472.00,20,Not found,106,Mobility & Elderly Care,In Stock
Omnigel Spray 55gm,OMNIGEL,247.05,40,4.1,31,Mobility & Elderly Care,In Stock
Iodex Ultra Plus Body Pain Expert Gel 50 Gm,IODEX,187.50,8,4.7,10,Mobility & Elderly Care,In Stock
New Amrutanjan Faster Relaxation Headache Roll-On Bottle Of 5 Ml,AMRUTANJAN,38.00,0,4.37,143,Mobility & Elderly Care,In Stock
Dynapar Tube Of 30gm Gel,DYNAPAR,158.81,14,4.67,36,Mobility & Elderly Care,In Stock
Zandu Ultra Power Balm (25ml),ZANDU,125.00,5,4.21,48,Mobility & Elderly Care,In Stock
Liveasy Ortho Care Cotton Crepe Bandage - Reduces Strain Sprain & Swelling - 8 Cms X 4 Meters,LIVEASY,281.00,15,3.97,38,Mobility & Elderly Care,In Stock
Moov Pain Relief Specialist Ointment 4g + 1g (Free),MOOV,14.00,0,4.62,55,Mobility & Elderly Care,In Stock
Dr Ortho Pain Relief Ointment Tube Of 30 G,DR ORTHO,91.00,29,3.81,42,Mobility & Elderly Care,In Stock
Friends Economy Adult Diapers Tape Style - 10 Count (Xl) Waist 90-166 Cm(35.43-65.35 Inch),FRIENDS,567.19,50,4.06,54,Mobility & Elderly Care,In Stock
Cartigen 500 | Bottle | Capsules | 30 No'S,CARTIGEN,520.00,11,4.62,8,Mobility & Elderly Care,In Stock
Friends Overnight Adult Diapers Pants Style (X-Large) Waist 30-56 Inch - 10 Count,FRIENDS,773.44,0,4.24,25,Mobility & Elderly Care,In Stock
Himalaya Reosto | Tablets | 30 No'S,HIMALAYA,248.00,13,4.28,58,Mobility & Elderly Care,In Stock
Reunion Strip Of 10 Tablets,REUNION,395.56,9,4.46,13,Mobility & Elderly Care,In Stock
Dr Ortho Pain Relief Spray - 75 Ml,DR ORTHO,154.00,39,3.92,12,Mobility & Elderly Care,In Stock
Flamingo Orthopedic Heat Belt Extra Large - Pack Of 1,FLAMINGO,1350.00,29,3.65,57,Mobility & Elderly Care,In Stock
Liveasy Ortho Care Universal Shoulder Immobilizer Small,LIVEASY,535.00,15,Not found,57,Mobility & Elderly Care,In Stock
Liveasy Adult Diaper Tape Style (L)-10 | Anti Bacterial And Odour Lock Technology-Waist 38-54 Inch,LIVEASY,563.00,15,3.5,6,Mobility & Elderly Care,In Stock
Collaflex Pro Plus 10 Softgel Capsules,COLLAFLEX,1326.00,13,4.43,51,Mobility & Elderly Care,In Stock
Liveasy Cotton Crepe Bandage - Reduces Strain Sprain & Swelling - 6 Cms X 4 Meters,LIVEASY,234.00,15,3.4,5,Mobility & Elderly Care,In Stock
Baidyanath Asli Ayurved Mahamanjisthadi Kadha Ayurvedic Blood Purifier Syrup 450 Ml,BAIDYANATH,265.00,10,4.54,13,Mobility & Elderly Care,In Stock
Pharmeasy Knee Cap (Pair) - Medium - Black - Protects Knee Joints - Reduces Risk Of Injuries,PHARMEASY,341.25,42,3.89,45,Mobility & Elderly Care,In Stock
Himalaya Rumalaya Tube Of 30gm Gel,HIMALAYA,140.00,12,4.38,8,Mobility & Elderly Care,In Stock
Liveasy Knee Cap Modern Orthopedic Solution Medium Pair 1 No'S,LIVEASY,409.00,15,3.89,63,Mobility & Elderly Care,In Stock
Baidyanath Asli Ayurved Rogan Badam Shirin 50 Ml | Pure Almond Oil | Nourishes Skin And Hair,BAIDYANATH,235.00,23,4,5,Mobility & Elderly Care,In Stock
Liveasy Hot And Cold Gel Pack - Multipurpose Reusable Pack,LIVEASY,311.00,15,2.59,66,Mobility & Elderly Care,In Stock
Pharmeasy Knee Cap (Pair) - Protects Knee Joints - Reduces Risk Of Injuries - Black - Xxl,PHARMEASY,325.00,41,4.05,21,Mobility & Elderly Care,In Stock
Iodex Rapid Action Spray - 60 Gm,IODEX,216.00,20,4.12,24,Mobility & Elderly Care,In Stock
Pharmeasy Knee Cap (Pair) - Protects Knee Joints - Reduces Risk Of Injuries - Black - Large,PHARMEASY,325.00,45,4.05,38,Mobility & Elderly Care,In Stock
Flamingo Orthopedic Heat Belt Regular - Pack Of 1,FLAMINGO,1250.00,37,3.68,37,Mobility & Elderly Care,In Stock
Himalaya Shigru | Reduce Joint Stiffness | Tablets | 60 No'S,HIMALAYA,275.00,3,4.38,16,Mobility & Elderly Care,In Stock
Cranmed Strip Of 10 Capsules,CRANMED,330.00,7,4.33,6,Mobility & Elderly Care,In Stock
Omnigel Gel 20gm,OMNIGEL,118.03,39,4.2,15,Mobility & Elderly Care,In Stock
Pharmeasy Knee Cap (Pair) - Protects Knee Joints - Reduces Risk Of Injuries - Black - Xl,PHARMEASY,325.00,41,4.08,37,Mobility & Elderly Care,In Stock
Liveasy Ortho Care Acupressure Slippers - Women (Black) Size 7,LIVEASY,608.00,45,4,39,Mobility & Elderly Care,In Stock
Cranpac Strip Of 15 Capsules,CRANPAC,333.00,10,4.64,14,Mobility & Elderly Care,In Stock
Himalaya Rumalaya Bottle Of 60 Tablets,RUMALAYA,196.00,6,4.33,3,Mobility & Elderly Care,In Stock
Liveasy Ortho Care Knee Cap (Pair) - Modern Orthopedic Solution - Large,LIVEASY,409.00,15,3.76,37,Mobility & Elderly Care,In Stock
New Voveran Maxgel Tube Of 30gm Gel,VOVERAN MAXGEL,184.45,3,3.78,9,Mobility & Elderly Care,In Stock
Friends Overnight Adult Diapers Tape Style - 10 Count (L) Waist 83-152 Cm(32.68-59.84 Inch),FRIENDS,800.00,0,4.13,23,Mobility & Elderly Care,In Stock
Oxalgin Nano Gel 50gm,OXALGIN,324.20,19,4.58,43,Mobility & Elderly Care,In Stock
Liveasy Adult Diaper Tape Style (Xl)-10 | Anti Bacterial And Odour Lock Technology-Waist 48-57 Inch,LIVEASY,586.01,15,3.57,7,Mobility & Elderly Care,In Stock
Tynor Ankle Binder Grey Large 1 Unit,TYNOR,344.00,20,3.77,13,Mobility & Elderly Care,In Stock
Baidyanath Asli Ayurved Maharasnadi Kadha With Guggulu 450 Ml (Pack Of 2) For Joints & Muscles,BAIDYANATH,540.00,26,4.45,11,Mobility & Elderly Care,In Stock
Liveasy Ortho Care Acupressure Slippers - Women (Black) Size 5,LIVEASY,937.00,45,3.58,31,Mobility & Elderly Care,In Stock
Omnigel Spray 20gm,OMNIGEL,113.91,23,2.33,3,Mobility & Elderly Care,In Stock
Himalaya Pain Massage Oil | 100 Ml,HIMALAYA,140.00,1,2.4,5,Mobility & Elderly Care,In Stock
Tynor D 04 Latex Free Knee Cap Large 1 Pair,TYNOR,419.00,20,3.96,26,Mobility & Elderly Care,In Stock
Lifree Extra Absorbent Adult Diaper Pants Large - 10 Diapers,LIFREE,550.00,20,4.64,11,Mobility & Elderly Care,In Stock
Systaflam Gel 25gm,SYSTAFLAM,91.85,5,4.1,10,Mobility & Elderly Care,In Stock
Flamingo Cool Pack - Regular Size,FLAMINGO,450.00,37,3.06,16,Mobility & Elderly Care,In Stock
Besafe Forever Knee Cap Support Band Open Patella For Pain Relief | M | Single,BESAFE FOREVER,899.00,33,Not found,16,Mobility & Elderly Care,In Stock
Lifree Extra Absorbent Adult Diaper Pants Extra Large - 10 Diapers,LIFREE,600.00,22,4.25,8,Mobility & Elderly Care,In Stock
Dynapar Qps Plus Pain Relief Spray For Back | Knee | Muscle & Joint Pain - 15 Ml,DYNAPAR,190.50,2,3,2,Mobility & Elderly Care,In Stock
Sloan'S Pain Relief Liniment Bottle Of 71ml,SLOAN'S,154.00,12,4.05,38,Mobility & Elderly Care,In Stock
Himalaya Shallaki | Reduces Pain & Inflammation | Tablets | 60 No'S,HIMALAYA,300.00,11,4.61,18,Mobility & Elderly Care,In Stock
Pharmeasy Women'S Diabetic & Orthopedic Slippers -Ebony- Size Uk 6,PHARMEASY,983.44,48,3.1,10,Mobility & Elderly Care,In Stock
Dynapar Tube Of 50gm Gel,DYNAPAR,249.56,21,4.38,8,Mobility & Elderly Care,In Stock
Freeflex Emulgel Fast Relief From Pain & Inflammation Tube Of 50gm Gel,FREEFLEX,442.00,8,4,11,Mobility & Elderly Care,In Stock
Liveasy Ortho Care Knee Cap (Pair) - Modern Orthopedic Solution - Xl,LIVEASY,409.00,15,4.33,42,Mobility & Elderly Care,In Stock
Tynor A 05 Lumbo Sacral Belt Medium,TYNOR,1087.00,31,4.58,24,Mobility & Elderly Care,In Stock
Himalaya Hadjod | Strengthens Bones | Tablets | 60 No'S,HIMALAYA,325.00,12,4.24,49,Mobility & Elderly Care,In Stock
Flamingo Orthopaedic Electric Heating Pad | Regular,FLAMINGO,1250.00,40,2.73,11,Mobility & Elderly Care,In Stock
Pharmeasy Women'S Diabetic & Orthopedic Slippers -Olive Green - Size Uk 6,PHARMEASY,983.00,48,1.67,3,Mobility & Elderly Care,In Stock
Baidyanath Asli Ayurved Maharasnadi Kadha With Guggulu - For Joints & Muscles Pain | 450 Ml,BAIDYANATH,245.00,10,4.67,3,Mobility & Elderly Care,In Stock
Himalaya Pain Relief Oil | Relieves Body Aches And Pain | Ginger | 100 Ml,HIMALAYA,140.00,8,3.7,20,Mobility & Elderly Care,In Stock
Vovilup Hot Gel 30gm,VOVILUP,116.25,30,4.25,4,Mobility & Elderly Care,In Stock
Elagesic Liniment 60 Ml,ELAGESIC,200.00,5,4.58,12,Mobility & Elderly Care,In Stock
Comfrey Adult Diapers - Large - 10 Units,COMFREY,550.00,32,4.43,14,Mobility & Elderly Care,In Stock
Pharmeasy Women'S Diabetic & Orthopedic Slippers -Olive Green - Size Uk 8,PHARMEASY,983.00,0,4,4,Mobility & Elderly Care,In Stock
Baidyanath Asli Ayurved Chandraprabha Bati 80 Tablet (Pack Of 2) Useful In Urinary System,BAIDYANATH,310.00,25,3.82,11,Mobility & Elderly Care,In Stock
Liberty Eco Adult Diapers Medium - 10 Units,LIBERTY,525.00,14,3.91,32,Mobility & Elderly Care,In Stock
Pharmeasy Women'S Diabetic & Orthopedic Slippers -Ebony- Size Uk 8,PHARMEASY,983.44,48,4.25,4,Mobility & Elderly Care,In Stock
Dr Ortho Ayurvedic Pain Balm Bottle Of 40 G,DR ORTHO,127.00,38,4.19,32,Mobility & Elderly Care,In Stock
Liberty Eco Adult Diapers - Large - 10 Units,LIBERTY,575.00,14,3.74,34,Mobility & Elderly Care,In Stock
Liberty Eco Adult Diapers Xl - 10 Units,LIBERTY,650.00,14,4.17,12,Mobility & Elderly Care,In Stock
Baidyanath Asli Ayurved Bhringrajasava 450 Ml,BAIDYANATH,219.00,2,Not found,12,Mobility & Elderly Care,In Stock
Rejoint Uc Plus Strip Of 10 Tablets,REJOINT,1145.21,11,4.2,20,Mobility & Elderly Care,In Stock
Moov Cool Tube Of 10gm Gel,MOOV,56.00,0,4.5,2,Mobility & Elderly Care,In Stock
Baidyanath Asli Ayurved Prostaid | Urinary Track Infection | 50 Tablets ( Pack Of 2 ),BAIDYANATH,364.00,25,3.75,8,Mobility & Elderly Care,In Stock
Tynor Shoulder Support Double Lock (Neo) | Black & Green | Universal | 1 Unit,TYNOR,1155.00,14,Not found,8,Mobility & Elderly Care,In Stock
Baidyanath Asli Ayurved Rhuma Oil | Pain Relief Oil Joint Pain | (100ml) Pack Of 2,BAIDYANATH,506.00,33,4.47,15,Mobility & Elderly Care,In Stock
Friends Easy Adult Diaper | Tape Style | (M) 72-130cm | Packet | 10 No'S,FRIENDS,567.19,50,4.67,3,Mobility & Elderly Care,In Stock
Baidyanath Asli Ayurved Mahanarayan Tel 50 Ml (Pack Of 3) Ayurvedic Oil For Joints Pain Relief,BAIDYANATH,315.00,26,4.29,7,Mobility & Elderly Care,In Stock
Liveasy Ankle Support - Prevents Swelling - Boosts Performance - Size Medium 1 Nos,LIVEASY,329.00,15,3.08,25,Mobility & Elderly Care,In Stock
Baidyanath Asli Ayurved Kesari Kalp Royal Chyawanprash - Enriched With Gold Silver And Saffron - 1kg,BAIDYANATH,850.00,23,2.86,14,Mobility & Elderly Care,In Stock
Liveasy Ortho Care Ankle Support - Prevents Swelling - Boosts Performance - Size Large,LIVEASY,379.00,15,4.23,13,Mobility & Elderly Care,In Stock
Hansaplast Active Knee Support L,HANSAPLAST,620.00,27,Not found,13,Mobility & Elderly Care,In Stock
Baidyanath Asli Ayurved Shodhit Shilajit 50 Capsules | Ayurvedic Supplement For Men,BAIDYANATH,300.00,18,3,3,Mobility & Elderly Care,In Stock
Flamingo Cool Pack - Large Size,FLAMINGO,525.00,16,2.78,18,Mobility & Elderly Care,In Stock
Pharmeasy Women'S Diabetic & Orthopedic Slippers -Olive Green - Size Uk 5,PHARMEASY,983.00,48,3.67,3,Mobility & Elderly Care,In Stock
Baidyanath Asli Ayurved Mahanarayan Tel Kesar Yukt Ayurvedic For Joints & Muscle Pain Relief | 100ml,BAIDYANATH,200.00,20,Not found,3,Mobility & Elderly Care,In Stock
Baidyanath Asli Ayurved Rumartho - 50 Tablets,BAIDYANATH,234.00,9,4.3,20,Mobility & Elderly Care,In Stock
Aimil Boniheal Suspension 200 Ml,AIMIL,570.00,6,4,2,Mobility & Elderly Care,In Stock
Comfrey Adult Diapers Xl - 10 Units,COMFREY,600.00,20,4.41,17,Mobility & Elderly Care,In Stock
Liveasy Ortho Care Rib Belt Xl,LIVEASY,549.00,15,5,1,Mobility & Elderly Care,In Stock
Vissco New Orthopedic Hospital Back Rest For Use On Bed - Universal,VISSCO,2600.00,24,Not found,1,Mobility & Elderly Care,In Stock
"Kare In Classic Adult Diapers Extra Large Waist Size 127-165 Cm(50""-65"") Tape Style 10 Count",KARE,600.00,16,3.89,9,Mobility & Elderly Care,In Stock
Tynor Lumbo Sacral Belt Black Medium 1 Unit,TYNOR,1087.00,20,3,1,Mobility & Elderly Care,In Stock
Tynor Elastic Knee Support Grey Xxl 1 Unit,TYNOR,830.00,20,Not found,1,Mobility & Elderly Care,In Stock
Liveasy Pro Ortho Care Knee Cap - Xl,LIVEASY,449.00,15,Not found,1,Mobility & Elderly Care,In Stock
Liveasy Ortho Care Neck Support -Comfortable Cervical Collar-Medium,LIVEASY,349.00,15,3.87,23,Mobility & Elderly Care,In Stock
Dr Ortho Slippers (Size 6),DR ORTHO,464.06,25,4.67,3,Mobility & Elderly Care,In Stock
Baidyanath Asli Ayurved Ashokarishta Asava I Ayurvedic Menstrual Cycle I 220 Ml (Pack Of 3),BAIDYANATH,210.00,10,3.88,8,Mobility & Elderly Care,In Stock
Tiger Balm White Ointment| Ayurvedic Pain Relief Balm | 9ml,TIGER BALM,50.00,0,4,7,Mobility & Elderly Care,In Stock
Baidyanath Asli Ayurved Gokshuradi Guggulu 80 Tablets (Pack Of 2),BAIDYANATH,420.00,34,4.4,10,Mobility & Elderly Care,In Stock
Siddhayu Painquit Roll On (By Baidyanath) Natural Ayurvedic Joint And Muscular Pain Relief | 75 Ml,SIDDHAYU,245.00,25,4.67,6,Mobility & Elderly Care,In Stock
Baidyanath Asli Ayurved Yogaraj Guggulu 120 Tablets | For Joint Pain,BAIDYANATH,180.00,11,3.78,9,Mobility & Elderly Care,In Stock
Dr Ortho Slippers (Size 8),DR ORTHO,464.06,25,4.33,3,Mobility & Elderly Care,In Stock
Pharmeasy Knee Cap (Pair) - Protects Knee Joints - Reduces Risk Of Injuries - Black - Small,PHARMEASY,325.00,40,3.4,10,Mobility & Elderly Care,In Stock
Besafe Forever Knee Cap Support Band Open Patella For Pain Relief | L | Pack Of 2,BESAFE FOREVER,1598.00,43,4,1,Mobility & Elderly Care,In Stock
Besafe Forever Knee Cap Support Band Open Patella For Pain Relief | M | Pack Of 2,BESAFE FOREVER,1598.00,43,Not found,1,Mobility & Elderly Care,In Stock
Liveasy Ortho Care Cotton Crepe Bandage - Reduces Strain Sprain & Swelling - 15 Cms X 4 Meters,LIVEASY,375.00,15,3.5,6,Mobility & Elderly Care,In Stock
Liveasy Ortho Care Knee Cap (Pair) - Modern Orthopedic Solution - Xxl,LIVEASY,409.00,15,3.91,22,Mobility & Elderly Care,In Stock
Tynor Heel Cushion Silicone White Medium Pack Of 2,TYNOR,893.00,20,4.1,10,Mobility & Elderly Care,In Stock
Tynor Knee Wrap (Neoprene) Grey Universal Size 1 Unit,TYNOR,1457.00,20,Not found,10,Mobility & Elderly Care,In Stock
Baidyanath Rumartho Gold Plus Joint Health Capsules Box Of 30,BAIDYANATH,984.00,12,3.75,24,Mobility & Elderly Care,In Stock
Liveasy Ortho Care Lumbar Sacro Support Belt - Xxl,LIVEASY,849.00,15,2.88,8,Mobility & Elderly Care,In Stock
Tiger Balm White Ointment Ayurvedic Pain Relief Balm | 21ml |,TIGER BALM,92.00,0,5,2,Mobility & Elderly Care,In Stock
Optimum Nutrition (On) Gold Standard 100% Whey Protein Double Rich Chocolate Flavour 907gm Powder,OPTIMUM NUTRITION,3779.00,0,3.75,8,Sports Nutrition,In Stock
Pharmeasy Daily Protein For Strong Bones And Immunity Rich Chocolate Jar 400gm,PHARMEASY,800.00,45,4.08,86,Sports Nutrition,In Stock
Muscleblaze Biozyme Performance Whey Protein Powder | Blue Tokai Coffee (4kg) | 25g Protein,MUSCLEBLAZE,12999.00,0,Not found,86,Sports Nutrition,In Stock
Nutrabay Gold 100% Whey Protein Isolate Vanilla Ice Cream - 2kg,NUTRABAY,10569.00,14,Not found,86,Sports Nutrition,In Stock
Isopure Zero Carb Protein - 2.20 Lbs | 1 Kg (Unflavoured),ISOPURE,6959.00,10,4,2,Sports Nutrition,In Stock
Pharmeasy Diabetic Protein Powder - French Vanilla - Jar | 1 Kg (5 Gm Protein/Serving),PHARMEASY,1957.00,45,4.03,142,Sports Nutrition,In Stock
Pharmeasy Diabetic Protein Powder - French Vanilla - Jar | 400 Gm (5 Gm Protein/Serving),PHARMEASY,889.00,45,3.89,88,Sports Nutrition,In Stock
Oziva Protein & Herbs For Women Vanilla Almond 500g | For Weight Control,OZIVA,1579.00,3,4,12,Sports Nutrition,In Stock
Pharmeasy Diabetic Protein Powder - Dutch Chocolate - Jar | 400 Gm (5 Gm Protein/Serving),PHARMEASY,889.00,45,3.76,117,Sports Nutrition,In Stock
Nutrabay Gold Tri-Blend Whey Protein Strawberry Milkshake - 1kg,NUTRABAY,3859.00,14,Not found,117,Sports Nutrition,In Stock
Optimum Nutrition (On) Gold Standard 100% Whey Protein Double Rich Chocolate Flavour 454gm Powder,OPTIMUM NUTRITION,2389.00,10,4.14,7,Sports Nutrition,In Stock
On Creatine Monohydrate 100g Ind,ON,619.00,21,5,1,Sports Nutrition,In Stock
Optimum Nutrition (On) Performance Whey | Chocolate Milkshake Flavour | Powder | Jar | 1 Kg,OPTIMUM NUTRITION,2999.00,0,3.82,11,Sports Nutrition,In Stock
Oziva Protein & Herbs For Men Chocolate (500g) | For Muscle Building Clean,OZIVA,1579.00,4,4,4,Sports Nutrition,In Stock
Optimum Nutrition (On) Gold Standard 100% Whey Protein Double Rich Chocolate Flavour 2.27kg Powder,OPTIMUM NUTRITION,8269.00,0,3.11,18,Sports Nutrition,In Stock
On India Micronized Creatine Powder 250g,ON,1175.00,24,Not found,18,Sports Nutrition,In Stock
Optimum Nutrition (On) Gold Standard 100% Whey Protein Double Rich Chocolate 5x30.4g Sachet 152 Gm,OPTIMUM NUTRITION,899.00,6,3,1,Sports Nutrition,In Stock
Inlife Whey Protein Isolate Concentrate Hydrolysate Powder For Men & Women (400g | Cafe Mocha),INLIFE,1219.00,0,Not found,1,Sports Nutrition,In Stock
Inlife Slimming Noni Juice Concentrate Weight Management Supplement With Powerful Herbs - 1 Litre,INLIFE,1689.00,43,Not found,1,Sports Nutrition,In Stock
Optimum Nutrition (On) Gold Standard 100% Whey Protein Double Rich Chocolate Flavour 4kg Powder,OPTIMUM NUTRITION,15549.00,5,5,2,Sports Nutrition,In Stock
Optimum Nutrition (On) Gold Standard 100% Whey Protein Vanilla Ice Cream Flavour Jar Of 4kg Powder,OPTIMUM NUTRITION,13299.00,0,1,1,Sports Nutrition,In Stock
Oziva Protein & Herbs For Men Chocolate 1kg | For Muscle Building Clean,OZIVA,2979.00,6,1,1,Sports Nutrition,In Stock
Nutrabay Gold 100% Whey Protein Isolate - Rich Chocolate Creme - 1kg,NUTRABAY,5429.00,17,4.33,3,Sports Nutrition,In Stock
Optimum Nutrition (On) Gold Standard 100% Whey Protein Vanilla Ice Cream Flavour Jar 2.27kg Powder,OPTIMUM NUTRITION,8099.00,0,4.43,7,Sports Nutrition,In Stock
Oziva Organic Plant Protein 500g | Unflavoured Plant Protein For Everyday Fitness,OZIVA,1329.00,2,Not found,7,Sports Nutrition,In Stock
Optimum Nutrition (On) Gold Standard 100% Whey Protein Double Rich Chocolate Flavour 1.7 Kg Powder,OPTIMUM NUTRITION,7349.00,7,Not found,7,Sports Nutrition,In Stock
Nutrabay Pure 100% Whey Protein Concentrate - Unflavoured - 1kg,NUTRABAY,3279.00,20,4,4,Sports Nutrition,In Stock
Nutrabay Gold Vital Whey Protein For Beginners | 20.4g Protein - 1kg | Kesar Kulfi,NUTRABAY,1709.00,23,Not found,4,Sports Nutrition,In Stock
Optimum Nutrition (On) Gold Standard 100% Whey Protein Vanilla Ice Cream Flavour 454gm Powder,OPTIMUM NUTRITION,2299.00,6,Not found,4,Sports Nutrition,In Stock
Optimum Nutrition (On) Pre-Workout Fruit Punch 142.5g (Pack Of 15 Single Serve),OPTIMUM NUTRITION,799.00,22,2.5,2,Sports Nutrition,In Stock
On India Glutamine Gf Powder 250g,ON,999.00,10,Not found,2,Sports Nutrition,In Stock
Optimum Nutrition (On) Pre-Workout Green Apple 142.5g (Pack Of 15 Single Serve),OPTIMUM NUTRITION,799.00,22,Not found,2,Sports Nutrition,In Stock
Nutrabay Pure 100% Whey Protein Isolate - Unflavoured - 1kg,NUTRABAY,5279.00,14,3,2,Sports Nutrition,In Stock
Optimum Nutrition (On) Gold Standard 100% Whey Protein Vanilla Ice Cream Flavour Jar Of 907gm Powder,OPTIMUM NUTRITION,4249.00,7,3,3,Sports Nutrition,In Stock
Isopure Whey Protein Isolate Powder With Vitamins For Immune Support - 2kg (Dutch Chocolate),ISOPURE,11199.00,7,1,1,Sports Nutrition,In Stock
Nutrabay Gold 100% Whey Protein Isolate Rich Chocolate Creme - 500g,NUTRABAY,2859.00,12,Not found,1,Sports Nutrition,In Stock
Nutrabay Gold 100% Whey Protein Concentrate Rich Chocolate Creme - 1kg,NUTRABAY,3429.00,18,Not found,1,Sports Nutrition,In Stock
Oziva Protein & Herbs Women Protein With Multivitamins | Better Metabolism Skin Hair | Mango - 500g,OZIVA,1579.00,3,Not found,1,Sports Nutrition,In Stock
Nutrabay Gold L-Arginine Supplement Powder - 120g | Cola Flavor | Pre Workout Amino Acid,NUTRABAY,329.00,9,Not found,1,Sports Nutrition,In Stock
Oziva Protein & Herbs For Women Chocolate 1kg | For Weight Control Clean,OZIVA,2979.00,2,Not found,1,Sports Nutrition,In Stock
Oziva Organic Plant Protein Unflavoured (1kg) | For Everyday Fitness Clean,OZIVA,2499.00,8,4,2,Sports Nutrition,In Stock
Isopure Whey Protein Isolate Powder With Vitamins For Immune Support - 2 Kg (Cookies & Cream),ISOPURE,11199.00,7,Not found,2,Sports Nutrition,In Stock
Oziva Protein & Herbs For Men Banana Caramel 500g | For Muscle Building,OZIVA,1579.00,4,Not found,2,Sports Nutrition,In Stock
Sos Nutrition Slimming Max Weight Loss Chocolate Whey Protein -909g (Skin Glow Healthy Hair),SOS NUTRITION,3199.00,56,5,1,Sports Nutrition,In Stock
Nutrabay Gold Spark Pre Workout - 250g Fruit Punch 25 Servings,NUTRABAY,779.00,10,Not found,1,Sports Nutrition,In Stock
Isopure India Lcvm Vanilla 1kg,ISOPURE,5949.00,7,3,1,Sports Nutrition,In Stock
Healthyhey Sports Creatine Monohydrate 100g - 33 Servings (Unflavoured 100g),HEALTHYHEY SPORTS,799.00,65,Not found,1,Sports Nutrition,In Stock
Inlife Noni Gold Fruit Juice Concentrate Plus Garcinia & Aloe Vera Liquid Drink 1 Litre Family Pack,INLIFE,939.00,14,Not found,1,Sports Nutrition,In Stock
Nutrabay Gold L-Glutamine Supplement Powder - 180g | Cola Flavor | Post Workout Amino Acid,NUTRABAY,419.00,0,Not found,1,Sports Nutrition,In Stock
Nutrabay Gold L-Arginine Supplement Powder - 120g | Lemon Flavor | Pre Workout Amino Acid,NUTRABAY,329.00,9,5,1,Sports Nutrition,In Stock
Nutrabay Gold Tri-Blend Whey Protein Rich Chocolate Creme - 1kg,NUTRABAY,3859.00,14,Not found,1,Sports Nutrition,In Stock
Nutrabay Pure 100% Pea Protein Isolate Unflavoured - 1kg,NUTRABAY,1109.00,18,Not found,1,Sports Nutrition,In Stock
Oziva Protein & Herbs For Men Cafe Mocha 1kg | For Muscle Building Clean,OZIVA,2979.00,6,5,1,Sports Nutrition,In Stock
Inlife Pre-Workout Supplement 200mg Caffeine 1000mg Citrulline Men Women -200g Orange Flavour,INLIFE,1239.00,30,Not found,1,Sports Nutrition,In Stock
Nutrabay Gold 100% Whey Protein Concentrate Rich Chocolate Creme - 2kg,NUTRABAY,6569.00,17,Not found,1,Sports Nutrition,In Stock
Oziva Protein & Herbs For Men Banana Caramel (1kg) | For Muscle Building,OZIVA,2979.00,6,Not found,1,Sports Nutrition,In Stock
Oziva Protein & Herbs For Men Cafe Mocha 500g | For Muscle Building Clean,OZIVA,1579.00,4,Not found,1,Sports Nutrition,In Stock
Inlife Whey Protein Powder For Women Ayurvedic Herbs With Weight Management And Hsn (500g Chocolate),INLIFE,1779.00,0,Not found,1,Sports Nutrition,In Stock
Inlife Diastan Noni For Diabetic Care Juice Concentrate Gymnema And Other Powerful Herbs - 1litre,INLIFE,1689.00,52,1,1,Sports Nutrition,In Stock
Healthyhey Nutrition Plant Protein Strawberry 500 Gm,HEALTHYHEY NUTRITION,1689.00,46,Not found,1,Sports Nutrition,In Stock
Nutrabay Pure 100% Whey Protein Isolate Unflavoured - 2kg,NUTRABAY,10139.00,11,5,1,Sports Nutrition,In Stock
Nutrabay Gold 100% Whey Protein Isolate Vanilla Ice Cream - 1kg,NUTRABAY,5429.00,17,Not found,1,Sports Nutrition,In Stock
Nutrabay Pure 100% L-Arginine Powder | Pre Workout Supplement|Unisex - 100g | Unflavoured,NUTRABAY,329.00,21,Not found,1,Sports Nutrition,In Stock
"Nutrabay Pure Bcaa 2:1:1|5g Vegan Bcaa, Intra/Post Workout Amino Acid Supplement - 150g, Unflavoured",NUTRABAY,389.00,10,Not found,1,Sports Nutrition,In Stock
Healthyhey Sports Iso Whey Protein With 90% Protein (Unflavoured 1 Kg),HEALTHYHEY SPORTS,7600.00,23,Not found,1,Sports Nutrition,In Stock
Inlife Bcaa Powder Supplement With Glutamine | Citrulline Dl Malate | Men & Women (Pineapple) - 250g,INLIFE,1149.00,34,Not found,1,Sports Nutrition,In Stock
Healthyhey Nutrition Bromelain Digestive Enzyme- High Concentrate 60 Veg Caps,HEALTHYHEY NUTRITION,1509.00,53,Not found,1,Sports Nutrition,In Stock
Nutrabay Gold 100% Whey Protein Concentrate Rich Chocolate Creme - 500g,NUTRABAY,1779.00,10,Not found,1,Sports Nutrition,In Stock
Sos Nutrition Muscular Max Men Whey Protein Chocolate Powder - 909g,SOS NUTRITION,3199.00,54,Not found,1,Sports Nutrition,In Stock
Isopure Whey Protein Isolate Powder With Vitamins For Immune Support - 2 Kg (Creamy Vanilla),ISOPURE,11199.00,7,5,1,Sports Nutrition,In Stock
Myfitfuel Mff Essential Recovery Protein | Post Workout Recovery (Double Rich Chocolate | 1 Kg),MYFITFUEL,1849.00,46,Not found,1,Sports Nutrition,In Stock
Myfitfuel Women Clean Whey Protein + Ayurveda Herbs & Multivitamins. (500g | Chocolate Delight),MYFITFUEL,1629.00,7,Not found,1,Sports Nutrition,In Stock
Myfitfuel Plant Pea Protein Isolate | 500g | (Coffee Caramel) | Easy To Digest Plant Protein,MYFITFUEL,1309.00,41,1,1,Sports Nutrition,In Stock
Inlife Immune Care / Booster Protein Powder Whey Protein With Ayurvedic Herbs-300g(Vanilla Flavour),INLIFE,1199.00,33,Not found,1,Sports Nutrition,In Stock
Oziva Protein & Herbs For Men Chocolate 2kg (1kg Each) | For Muscle Building,OZIVA,5958.00,7,Not found,1,Sports Nutrition,In Stock
"Myfitfuel Daily Protein Shake, 5 Protein, Whey Casein Calcium, Ashwagandha, Vitamins 750g, Chocolate",MYFITFUEL,1289.00,37,Not found,1,Sports Nutrition,In Stock
Nutrabay Gold Bcaa 2:1:1 With Electrolytes|5g Bcaa | Pre/Post Workout Energy Drink|250g | Orange,NUTRABAY,669.00,20,Not found,1,Sports Nutrition,In Stock
Myfitfuel L Arginine Alpha-Ketoglutarate (Aakg) Pre Workout Powder | 100gm (Unflavoured),MYFITFUEL,919.00,45,Not found,1,Sports Nutrition,In Stock
Celevida Liv | Nutrition Drink | Chocolate Flavour- 400g X Pack Of 3,CELEVIDA,6006.00,5,Not found,1,Sports Nutrition,In Stock
Healthyhey Nutrition Collagen Peptides With Iso Whey Protein 1:1 Strawberry 500g,HEALTHYHEY NUTRITION,3109.00,45,Not found,1,Sports Nutrition,In Stock
Healthyhey Nutrition Egg White Protein - Instant Mix- 80% Protein 1 Kg Chocolate,HEALTHYHEY NUTRITION,3559.00,24,Not found,1,Sports Nutrition,In Stock
"Myfitfuel Plant Pea Protein Isolate | 1 Kg, 28 Servings (Unflavoured) | Easy To Digest Plant Protein",MYFITFUEL,2199.00,44,Not found,1,Sports Nutrition,In Stock
Nutrabay Pro Nitro Build Whey Protein - 1kg | Rich Milk Chocolate - 22 Servings | For Men And Women,NUTRABAY,3709.00,21,Not found,1,Sports Nutrition,In Stock
Nutrabay Gold 100% Whey Protein Isolate Strawberry Milkshake - 1kg,NUTRABAY,5429.00,17,Not found,1,Sports Nutrition,In Stock
Celevida Liv | Nutrition Drink For Liver Health | Chocolate Flavour- 400g X Pack Of 2,CELEVIDA,4004.00,5,Not found,1,Sports Nutrition,In Stock
Nutrabay Gold Vital Whey Protein For Beginners | 20.4g Protein - 1kg | Belgian Chocolate,NUTRABAY,1709.00,23,Not found,1,Sports Nutrition,In Stock
Myfitfuel Mff 100% Whey Protein. Contains Whey Protein Isolate (1 Kg) Swiss Vanilla,MYFITFUEL,2299.00,10,Not found,1,Sports Nutrition,In Stock
Inlife Whey Protein Isolate Concentrate Hydrolysate Powder For Men & Women (1kg | Cafe Mocha),INLIFE,2809.00,0,Not found,1,Sports Nutrition,In Stock
Myfitfuel Advance Beginner Whey Protein + Digestive Enzymes. Easy To Digest (1kg | Double Chocolate),MYFITFUEL,1539.00,35,Not found,1,Sports Nutrition,In Stock
Muscleblaze Biozyme Performance Whey Protein Powder | Blue Tokai Coffee (4kg) | 25g Protein,MUSCLEBLAZE,12999.00,0,Not found,1,Sports Nutrition,In Stock
"Myfitfuel Advance Mff 100% Whey Protein Powder + Digestive Enzymes & Vitamin (1 Kg, Chocolate Fudge)",MYFITFUEL,3299.00,18,Not found,1,Sports Nutrition,In Stock
Myfitfuel Mff Whey Protein 80 | 1 Kg | 30 Servings (Chocolate Caramel)| Whey Protein Concentrate,MYFITFUEL,2599.00,20,Not found,1,Sports Nutrition,In Stock
Proffxo Protein Powder Chocolate Flavour- 200gm,IGP MEDIVENTURES,349.00,28,Not found,1,Sports Nutrition,In Stock
Pronocte Nocturnal Protein Supplement - 400 Grams,PRONOCTE,1063.00,10,4.5,8,Sports Nutrition,In Stock
Myfitfuel Mff Recovery Gold Protein- 1 Kg (2.2 Lbs) Rich Chocolate Milkshake|Post Workout Recovery,MYFITFUEL,2149.00,45,Not found,8,Sports Nutrition,In Stock
Nutrabay Gold 100% Whey Protein Isolate Cafe Mocha - 500g,NUTRABAY,2859.00,12,Not found,8,Sports Nutrition,In Stock
Nutrabay Gold Tri-Blend Whey Protein Vanilla Ice Cream - 1kg,NUTRABAY,3859.00,14,Not found,8,Sports Nutrition,In Stock
Myfitfuel Women Clean Whey Protein + Ayurveda Herbs & Multivitamins. (1 Kg | Chocolate Delight),MYFITFUEL,2889.00,27,Not found,8,Sports Nutrition,In Stock
Nutrabay Gold Bcaa 2:1:1 Electrolytes|5g Bcaa | Pre/Post Workout Energy Drink|250g | Green Apple,NUTRABAY,669.00,25,Not found,8,Sports Nutrition,In Stock
Nutrabay Gold Bulk Up Mass Gainer | Carbs To Protein Blend (3:1) | 30g Protein - 3kg | Chocolate,NUTRABAY,3709.00,21,Not found,8,Sports Nutrition,In Stock
Nutrabay Gold 100% Whey Protein Concentrate|25g Protein|Muscle Support & Recovery|Cold Coffee | 2 Kg,NUTRABAY,6569.00,19,Not found,8,Sports Nutrition,In Stock
Nutrabay Gold Bcaa 2:1:1 With Electrolytes|5g Bcaa | Pre/Post Workout Energy Drink|250g | Cola,NUTRABAY,669.00,25,Not found,8,Sports Nutrition,In Stock
Nutrabay Gold Bulk Up Mass Gainer | Carbs To Protein Blend (3:1) | 30g Protein - 5kg | Chocolate,NUTRABAY,5859.00,19,Not found,8,Sports Nutrition,In Stock
Nutrabay Gold 100% Whey Protein Isolate|26g Protein|Muscle Support & Recovery|Malai Kulfi | 1 Kg,NUTRABAY,5429.00,17,Not found,8,Sports Nutrition,In Stock
Nutrabay Gold 100% Whey Protein Isolate Rich Chocolate Creme - 2kg,NUTRABAY,10569.00,14,Not found,8,Sports Nutrition,In Stock
Nutrabay Pure L-Glutamine Powder | Amino Acid - Post Workout Supplement - 150g | Unflavoured,NUTRABAY,439.00,20,Not found,8,Sports Nutrition,In Stock
Nutrabay Gold Spark Pre Workout - 250g Green Apple 25 Servings,NUTRABAY,779.00,10,Not found,8,Sports Nutrition,In Stock
Nutrabay Gold Bulk Up Mass Gainer | Carbs To Protein Blend (3:1) | 30g Protein - 3kg | Vanilla,NUTRABAY,3709.00,21,Not found,8,Sports Nutrition,In Stock
Nutrabay Gold 100% Whey Protein Isolate|26g Protein|Muscle Support & Recovery|Cold Coffee | 1 Kg,NUTRABAY,5429.00,17,Not found,8,Sports Nutrition,In Stock
Nutrabay Gold 100% Whey Protein Isolate|26g Protein|Muscle Support & Recovery|Mango | 1 Kg,NUTRABAY,5429.00,17,Not found,8,Sports Nutrition,In Stock
"Nutrabay Gold 100% Whey Protein Isolate|26g Protein|Muscle Support & Recovery|Kesar Badam Pista, 2kg",NUTRABAY,10569.00,14,Not found,8,Sports Nutrition,In Stock
Nutrabay Gold 100% Whey Protein Isolate|26g Protein|Muscle Support & Recovery|Malai Kulfi | 2 Kg,NUTRABAY,10569.00,14,Not found,8,Sports Nutrition,In Stock
Nutrabay Pure 100% Citrulline Malate Powder | Pre Workout Supplement|Unisex - 100g | Unflavoured,NUTRABAY,389.00,23,Not found,8,Sports Nutrition,In Stock
Nutrabay Gold 100% Whey Protein Concentrate|Muscle Support & Recovery|Kesar Badam Pista|2kg,NUTRABAY,6569.00,17,Not found,8,Sports Nutrition,In Stock
Nutrabay Gold Micronised Creatine Monohydrate - 250g | Cola|Pre/Post Workout Supplement,NUTRABAY,699.00,21,Not found,8,Sports Nutrition,In Stock
Nutrabay Gold Beta Alanine Supplement Powder - 120g | Lemon Flavor | Pre Workout Amino Acid,NUTRABAY,329.00,9,Not found,8,Sports Nutrition,In Stock
Nutrabay Gold Vital Whey Protein For Beginners | 20.4g Protein - 1kg | Gourmet Vanilla,NUTRABAY,1709.00,23,Not found,8,Sports Nutrition,In Stock
Pharmeasy Daily Protein For Strong Bones And Immunity Rich Chocolate Jar 400gm,PHARMEASY,800.00,45,4.08,86,Sports Nutrition,In Stock
Myfitfuel Mff Recovery Gold Protein- 1 Kg (2.2 Lbs) Rich Chocolate Milkshake|Post Workout Recovery,MYFITFUEL,2149.00,45,Not found,86,Sports Nutrition,In Stock
Myfitfuel Mff Whey Protein 80 | 1 Kg | Chocolate Banana (30 Servings)| Whey Protein Concentrate,MYFITFUEL,2599.00,20,Not found,86,Sports Nutrition,In Stock
Myfitfuel Mff Whey Protein 80 | 1kg | 30 Servings (Vanilla Crme)| Whey Protein Concentrate,MYFITFUEL,2599.00,20,Not found,86,Sports Nutrition,In Stock
Myfitfuel Plant Soy Protein Isolate 90 | Pure Soy | 1 Kg | 28 Servings (Unflavoured),MYFITFUEL,1969.00,45,Not found,86,Sports Nutrition,In Stock
Myfitfuel Plant Soy Protein Isolate 90 | Pure Soy | 1 Kg | 28 Servings (Rich Chocolate Delight),MYFITFUEL,1969.00,40,Not found,86,Sports Nutrition,In Stock
Myfitfuel Mff Recovery Gold Protein- 500 Gm Rich Chocolate Milkshake | Post Workout Recovery,MYFITFUEL,1299.00,48,Not found,86,Sports Nutrition,In Stock
Nutrabay Gold 100% Whey Protein Concentrate|25g Protein|Muscle Support & Recovery|Malai Kulfi | 2 Kg,NUTRABAY,6569.00,17,Not found,86,Sports Nutrition,In Stock
Nutrabay Gold Bulk Up Mass Gainer | Carbs To Protein Blend (3:1) | 30g Protein - 3kg | Strawberry,NUTRABAY,3709.00,21,Not found,86,Sports Nutrition,In Stock
Myfitfuel Mff Whey Protein 80 | 1kg | 30 Servings (Kulfi)| Whey Protein Concentrate,MYFITFUEL,2599.00,20,Not found,86,Sports Nutrition,In Stock
Myfitfuel Hydrolyzed Whey Protein Powder | 1 Kg | 30 Servings (Unflavoured) | Pre Digested Protein,MYFITFUEL,4299.00,20,Not found,86,Sports Nutrition,In Stock
Nutrabay Gold Micronised Creatine Monohydrate - 250g | Lemon|Pre/Post Workout Supplement,NUTRABAY,699.00,21,Not found,86,Sports Nutrition,In Stock
Nutrabay Gold Tri Blend Whey Protein Powder - 25g Protein | 5.5g Bcaa - 1kg | Mango Milkshake,NUTRABAY,3859.00,14,Not found,86,Sports Nutrition,In Stock
Nutrabay Gold 100% Whey Protein Isolate Cafe Mocha - 500g,NUTRABAY,2859.00,12,Not found,86,Sports Nutrition,In Stock
Oziva Protein & Herbs For Women Mango (1kg) | For Weight Control Clean,OZIVA,2979.00,6,Not found,86,Sports Nutrition,In Stock
Nutrabay Gold Tri-Blend Whey Protein Vanilla Ice Cream - 1kg,NUTRABAY,3859.00,14,Not found,86,Sports Nutrition,In Stock
Inlife Bcaa Powder Supplement With Glutamine | Citrulline Dl Malate | Men & Women (Watermelon 250g),INLIFE,1149.00,34,Not found,86,Sports Nutrition,In Stock
Myfitfuel Advance Beginner Whey Protein + Digestive Enzymes. Easy To Digest (1kg | Double Chocolate),MYFITFUEL,1539.00,35,Not found,86,Sports Nutrition,In Stock
"Myfitfuel Advance Mff 100% Whey Protein Powder + Digestive Enzymes & Vitamin (1 Kg, Chocolate Fudge)",MYFITFUEL,3299.00,18,Not found,86,Sports Nutrition,In Stock
Muscleblaze Biozyme Performance Whey Protein Powder | Blue Tokai Coffee (4kg) | 25g Protein,MUSCLEBLAZE,12999.00,0,Not found,86,Sports Nutrition,In Stock
Myfitfuel Mff 100% Whey Protein. Contains Whey Protein Isolate (1 Kg) Swiss Vanilla,MYFITFUEL,2299.00,10,Not found,86,Sports Nutrition,In Stock
Nutrabay Gold Vital Whey Protein For Beginners | 20.4g Protein - 1kg | Belgian Chocolate,NUTRABAY,1709.00,23,Not found,86,Sports Nutrition,In Stock
Nutrabay Gold 100% Whey Protein Isolate Strawberry Milkshake - 1kg,NUTRABAY,5429.00,17,Not found,86,Sports Nutrition,In Stock
Celevida Liv | Nutrition Drink For Liver Health | Chocolate Flavour- 400g X Pack Of 2,CELEVIDA,4004.00,5,Not found,86,Sports Nutrition,In Stock
Myfitfuel Mff Whey Protein 80 | 1 Kg | 30 Servings (Chocolate Caramel)| Whey Protein Concentrate,MYFITFUEL,2599.00,20,Not found,86,Sports Nutrition,In Stock
Inlife Whey Protein Isolate Concentrate Hydrolysate Powder For Men & Women (1kg | Cafe Mocha),INLIFE,2809.00,0,Not found,86,Sports Nutrition,In Stock
Nutrabay Pro Nitro Build Whey Protein - 1kg | Rich Milk Chocolate - 22 Servings | For Men And Women,NUTRABAY,3709.00,21,Not found,86,Sports Nutrition,In Stock
Nutrabay Pure 100% Whey Protein Concentrate Unflavoured - 2kg,NUTRABAY,6279.00,18,Not found,86,Sports Nutrition,In Stock
Proffxo Protein Powder Chocolate Flavour- 200gm,IGP MEDIVENTURES,349.00,28,Not found,86,Sports Nutrition,In Stock
Pronocte Nocturnal Protein Supplement - 400 Grams,PRONOCTE,1063.00,10,4.5,8,Sports Nutrition,In Stock
Nutrabay Gold 100% Whey Protein Concentrate|25g Protein|Muscle Support & Recovery|Malai Kulfi | 1 Kg,NUTRABAY,3429.00,18,Not found,8,Sports Nutrition,In Stock
"Nutrabay Gold 100% Whey Protein Isolate|26g Protein|Muscle Support & Recovery|Kesar Badam Pista, 1kg",NUTRABAY,5429.00,17,Not found,8,Sports Nutrition,In Stock
Nutrabay Gold Tri Blend Whey Protein Powder - 25g Protein | 5.5g Bcaa - 1kg | Malai Kulfi,NUTRABAY,3859.00,14,Not found,8,Sports Nutrition,In Stock
Nutrabay Gold Micronised Creatine Monohydrate - 250g | Pineapple Ice Tea|Pre/Post Workout Supplement,NUTRABAY,699.00,28,Not found,8,Sports Nutrition,In Stock
Liveasy Foods Raw Chia Seeds - Superfood Loaded With Nutrients - Rich In Proteins - 200 Grams,LIVEASY,249.00,32,4.61,33,Sports Nutrition,Out Of Stock
Fytika Daily Protien Powder-Vanila Flavor 400gm,FYTIKA,1799.00,44,Not found,33,Sports Nutrition,Out Of Stock
Athlab Instant Whey Protein | 25g Protein | No Preservatives | Dark Chocolate | 1 Kg,ATHLAB,4699.00,51,Not found,33,Sports Nutrition,Out Of Stock
Muscleblaze Beginner'S Whey Protein Powder | Chocolate | 12g Protein Per Scoop | 1 Kg,MUSCLEBLAZE,1849.00,15,5,1,Sports Nutrition,Out Of Stock
Wellbeing Nutrition Melts Vital Iron Plant Based Iron And Folic Acid Supplement (30 Strips),WELLBEING NUTRITION,699.00,0,Not found,1,Sports Nutrition,Out Of Stock
Muscleblaze 100% Clean Raw Whey Protein Concentrate | Unflavoured | 24g Protein Per Scoop | 1 Kg,MUSCLEBLAZE,2899.00,13,Not found,1,Sports Nutrition,Out Of Stock
Fast&Up Bcaa Essentials (Orange) Pre/Post Workout & Intra Workout Supplement 45 Servings - 315g,FAST&UP,1300.00,22,5,1,Sports Nutrition,Out Of Stock
On India Gs Isolate Gf Chocolate 744g,ON,5399.00,20,Not found,1,Sports Nutrition,Out Of Stock
On India Amino Energy Orange 270g,ON,2429.00,24,Not found,1,Sports Nutrition,Out Of Stock
Muscleblaze Pre Workout 200 Xtreme | 200mg Caffeine | 2000mg Beta Alanine (100 G | Fruit Punch),MUSCLEBLAZE,649.00,7,1,1,Sports Nutrition,Out Of Stock
Fast&Up Bcaa Essentials (Watermelon) Pre/Post Workout & Intra Workout Supplement 45 Servings- 315g,FAST&UP,1300.00,22,4.5,2,Sports Nutrition,Out Of Stock
Optimum Nutrition (On) Gold Standard 100% Plant Protein Double Rich Chocolate 684g (20 Servings),OPTIMUM NUTRITION,2499.00,20,Not found,2,Sports Nutrition,Out Of Stock
Muscleblaze Biozyme Iso-Zero Zero Carb | 100% Pure Isolate (Strawberry Delight | 2 Kg / 4.4 Lb),MUSCLEBLAZE,9199.00,2,Not found,2,Sports Nutrition,Out Of Stock
Fuel One Whey Iso-Max | Whey Protein Isolate (Chocolate | 1kg) & Protein Shaker (Black | 500ml),FUEL ONE,4158.00,0,Not found,2,Sports Nutrition,Out Of Stock
Musclexp Raw Whey Protein Concentrate 80% Powder | Unflavored | 1kg (2.2lb) (Pack Of 2),MUSCLEXP,4998.00,36,Not found,2,Sports Nutrition,Out Of Stock
Muscleblaze Biozyme Performance Whey Protein Powder | Chocolate Hazelnut (1kg) | 25g Protein,MUSCLEBLAZE,3599.00,8,4,1,Sports Nutrition,Out Of Stock
Muscleblaze 100% Whey Protein | Ultra Premium Whey Blend (Rich Milk Chocolate | 2 Kg / 4.4 Lb),MUSCLEBLAZE,8099.00,29,Not found,1,Sports Nutrition,Out Of Stock
Muscleblaze Beginner'S Whey Protein Supplement (Chocolate | 500g / 1.1lb) With Shaker (650ml),MUSCLEBLAZE,1699.00,0,5,2,Sports Nutrition,Out Of Stock
Fuel One Whey Protein Max Pouch Pack | Whey Protein Concentrate | Mango | 2 Kg / 4.4 Lb,FUEL ONE,5199.00,13,Not found,2,Sports Nutrition,Out Of Stock
Naturyz Ripped X6 Pre Workout Supplement With 24 Nutrients For Extreme Pump | Endurance (400 Grams),NATURYZ,3129.00,48,Not found,2,Sports Nutrition,Out Of Stock
On India Gs Isolate Gf Chocolate 1.36kg,ON,8099.00,10,Not found,2,Sports Nutrition,Out Of Stock
Nutrabay Gold 100% Whey Protein Isolate Vanilla Ice Cream - 500g,NUTRABAY,2859.00,12,Not found,2,Sports Nutrition,Out Of Stock
Optimum Nutrition (On) Gold Standard 100% Whey Protein Cookies & Cream Flavour Jar Of 907gm Powder,OPTIMUM NUTRITION,4599.00,24,Not found,2,Sports Nutrition,Out Of Stock
Fuel One Whey Protein | 24 G Protein (Chocolate | 1 Kg / 2.2 Lb),FUEL ONE,2499.00,0,Not found,2,Sports Nutrition,Out Of Stock
Muscleblaze Biozyme Performance Whey Protein Powder | Rich Chocolate (1kg Refill Pack) | 25g Protein,MUSCLEBLAZE,3499.00,8,Not found,2,Sports Nutrition,Out Of Stock
Muscleblaze 100% Clean Raw Whey Protein Isolate | Unflavoured | 27g Protein Per Scoop | 500 Gm,MUSCLEBLAZE,2499.00,0,1,2,Sports Nutrition,Out Of Stock
Muscleblaze Fuel One Whey Protein | 24 G Protein & 5.29 G Bcaa (Cafe Mocha | 1 Kg / 2.2 Lb),MUSCLEBLAZE,2299.00,8,Not found,2,Sports Nutrition,Out Of Stock
Isopure India Lcvm Vanilla 500g,ISOPURE,2799.00,15,Not found,2,Sports Nutrition,Out Of Stock
Bon Iso Whey 100% Protein Isolate|1 Kg 33 Servings |Muscle Strength And Bone Health,BON ISO WHEY,5339.00,0,Not found,2,Sports Nutrition,Out Of Stock
Hk Vitals Protein Active (Chocolate | 1kg / 2.2lbs) | All In One Triple Strength Protein,HK VITALS,1609.00,12,Not found,2,Sports Nutrition,Out Of Stock
Oziva Protein & Herbs Women Chocolate (1kg + Black Shaker) | For Weight Control,OZIVA,3328.00,5,Not found,2,Sports Nutrition,Out Of Stock
Nutrabay Pure 100% Whey Protein Isolate Unflavoured - 500g,NUTRABAY,2709.00,7,Not found,2,Sports Nutrition,Out Of Stock
Optimum Nutrition (On) Gold Standard 100% Whey Protein Mocha Cappuccino Flavour Jar Of 907gm Powder,OPTIMUM NUTRITION,4599.00,24,5,1,Sports Nutrition,Out Of Stock
Muscleblaze Beginner'S Whey Protein Powder | Chocolate | 12g Protein Per Scoop | 500 Gm,MUSCLEBLAZE,1099.00,14,Not found,1,Sports Nutrition,Out Of Stock
Optimum Nutrition (On) Gold Standard 100% Whey Protein Extreme Milk Chocolate 5 Lbs | 2.27kg Powder,OPTIMUM NUTRITION,10099.00,24,Not found,1,Sports Nutrition,Out Of Stock
Muscleblaze Beginner'S Whey Protein Supplement (Magical Mango 1 Kg / 2.2 Lb 33 Servings),MUSCLEBLAZE,1749.00,0,Not found,1,Sports Nutrition,Out Of Stock
Fast&Up Recover Post Workout Nutritional Supplement With 20 Amino Acids Profil-Raspberry(20tablets),FAST&UP,790.00,25,2.5,2,Sports Nutrition,Out Of Stock
Fast&Up Whey Protein Pure Isolate | Ultra Low Carb (Rich Chocolate Flavour) 930g -30 Servings,FAST & UP,4699.00,12,Not found,2,Sports Nutrition,Out Of Stock
Fuel One Raw Whey Protein | 24 G Protein (Unflavoured | 1 Kg / 2.2 Lb),FUEL ONE,2499.00,0,Not found,2,Sports Nutrition,Out Of Stock
Optimum Nutrition (On) Gold Standard 100% Whey Protein Extreme Milk Chocolate Flavour 907gm Powder,OPTIMUM NUTRITION,4599.00,24,Not found,2,Sports Nutrition,Out Of Stock
Oziva Protein & Herbs For Women Vanilla Almond (1kg) | For Weight Control,OZIVA,2979.00,6,2,1,Sports Nutrition,Out Of Stock
Muscleblaze Super Gainer Xxl For Muscle Mass Gain (Chocolate 5 Kg / 11 Lb 50 Servings),MUSCLEBLAZE,6449.00,34,Not found,1,Sports Nutrition,Out Of Stock
Fuel One Whey Protein Max Pouch Pack (Chocolate | 1 Kg) & Creatine Monohydrate 100gm (Unflavoured),FUEL ONE,2858.00,6,Not found,1,Sports Nutrition,Out Of Stock
Muscleblaze Pre Workout 200 200mg Caffeine 2200mg Citrulline (Fruit Splash 100g 20 Servings),MUSCLEBLAZE,929.00,23,Not found,1,Sports Nutrition,Out Of Stock
Nutrabay Pure 100% Whey Protein Concentrate Unflavoured - 500g,NUTRABAY,1709.00,18,Not found,1,Sports Nutrition,Out Of Stock
Muscleblaze Pre Workout 200 Xtreme | 3000mg Citrulline Berry Bolt | 200 Gm,MUSCLEBLAZE,1249.00,11,Not found,1,Sports Nutrition,Out Of Stock
Muscleblaze Fuel One Whey Protein | 24 G Protein & 5.29 G Bcaa (Chocolate | 2 Kg / 4.4 Lb),MUSCLEBLAZE,4599.00,9,Not found,1,Sports Nutrition,Out Of Stock
Optimum Nutrition (On) Gold Standard 100% Whey Protein Powder 2 Lbs | 907g Delicious Strawberry,ON,4599.00,24,Not found,1,Sports Nutrition,Out Of Stock
Briyo Cranberry Concentrate Chewable Tablets - Natural Berry Flavor 90 Nos,BRIYO,495.00,20,Not found,1,Sports Nutrition,Out Of Stock
Dr. Morepen Gluco One Blood Glucose Test Strip | Bg-03 | 50 No'S,DR MOREPEN,795.00,25,4.42,3843,Healthcare Devices,In Stock
Pharmeasy Fully Automatic Digital Blood Pressure Monitor Pe/Bp01,PHARMEASY,2437.00,50,4.35,26,Healthcare Devices,In Stock
Accu-Chek Active Glucometer Test Strips Box Of 50,ACCU-CHEK,1115.63,8,4.16,2460,Healthcare Devices,In Stock
Accu-Chek Instant | 50 Test Strips,ACCU-CHEK,1115.00,10,4.18,1677,Healthcare Devices,In Stock
Contour Plus | Box | Test Strip | 50 No'S,CONTOUR,1077.20,6,4.51,805,Healthcare Devices,In Stock
Pharmeasy Smart Body Scale With 18 Vitals Check,PHARMEASY,2799.00,48,4.52,58,Healthcare Devices,In Stock
Accu-Chek Active | 2 X 50 Test Strips,ACCU-CHEK,1966.00,6,4.35,1430,Healthcare Devices,In Stock
Onetouch Select Plus Test Strips | Pack Of 50 Strips | For Use With Onetouch Select Plus Simple,ONETOUCH,1120.31,14,3.99,391,Healthcare Devices,In Stock
Accu-Chek Instant 100 Test Strips,ACCU-CHEK,2380.00,24,4.32,139,Healthcare Devices,In Stock
Dr. Morepen Gluco One Blood Glucose Monitoring Sytem With 25 Test Strips | Bg-03 | 1 No'S,DR MOREPEN,1164.00,57,4.04,953,Healthcare Devices,In Stock
Onetouch Select Plus Test Strips | Pack Of 25 Strips | For Use With Onetouch Select Plus Simple,ONETOUCH,680.00,0,3.85,324,Healthcare Devices,In Stock
Dr. Morepen Gluco One Blood Glucose Test Strip | Bg-03 | 25'Nos,DR MOREPEN,465.00,21,4.63,62,Healthcare Devices,In Stock
Pharmeasy Orthopaedic Electric Heat Belt Regular,PHARMEASY,996.45,47,3.89,142,Healthcare Devices,In Stock
Pharmeasy Orthopaedic Electric Heat Belt - Extra Large,PHARMEASY,1099.00,48,4.21,245,Healthcare Devices,In Stock
Onetouch Verio Test Strips | Pack Of 50 Strips | For Use With Onetouch Verio Flex Glucometer,ONETOUCH,1249.00,0,4.54,254,Healthcare Devices,In Stock
Dr. Morepen Blood Pressure Monitor | Bp-02 | 1 No'S,DR MOREPEN,1364.00,27,3.63,408,Healthcare Devices,In Stock
Accu-Chek Active 2 X 50 Test Strips | With Softlix 25 Lancets,ACCU-CHEK,2091.00,0,4.41,335,Healthcare Devices,In Stock
Accu-Chek Active Blood Glucose And Lancing Device | Glucometer | Free 10 Test Strips,ACCU-CHEK,1124.00,11,3.99,652,Healthcare Devices,In Stock
Accusure Blood Lancets | 100 No'S,ACCUSURE,275.00,45,4.21,56,Healthcare Devices,In Stock
Accu-Chek Instant S Blood Glucose And Lancing Device | Glucometer | Free 10 Test Strips,ACCU-CHEK,820.00,14,4.01,235,Healthcare Devices,In Stock
Accu-Chek Instant S Blood Glucose And Lancing Device | Glucometer | Free 10 Test Strips,ACCU-CHEK,820.00,14,4.01,235,Healthcare Devices,In Stock
Accusure Simple Blood Glucose | 50 Test Strips,ACCUSURE,1125.00,46,3.88,118,Healthcare Devices,In Stock
Accu-Chek Active | 25 Test Strips,ACCU-CHEK,745.00,3,3.93,257,Healthcare Devices,In Stock
Omron Hem-7120 Bp Monitor,OMRON,2334.00,13,4.16,77,Healthcare Devices,In Stock
Accu-Chek Active 50 Test Strips | With Softlix 2 X 25 Lancets,ACCU-CHEK,1365.00,0,3.95,62,Healthcare Devices,In Stock
Omron Digital Mc 246 Thermometer 1,OMRON,274.99,0,3.33,46,Healthcare Devices,In Stock
Onetouch Select Plus Simple Glucometer | Free 10 Test Strips + 10 Sterile Lancets + 1 Lancing Device,ONETOUCH,1147.00,21,3.93,108,Healthcare Devices,In Stock
Breathe O Meter Device,BREATHE O METER,564.38,2,4.17,6,Healthcare Devices,In Stock
Dr. Morepen Blood Pressure Monitor | Bp-14 | Box | 1 No'S,DR MOREPEN,1310.00,23,2.74,23,Healthcare Devices,In Stock
Accu-Chek Instant | 25 Test Strips,ACCU-CHEK,745.00,4,3.77,47,Healthcare Devices,In Stock
Omron Hem-7124 Bp Monitor,OMRON,2166.00,11,3.85,55,Healthcare Devices,In Stock
Dr Morepen Bg 03 100 Strips,DR MOREPEN,1590.00,28,4.27,49,Healthcare Devices,In Stock
Covifind Covid-19 Rapid Antigen Self Test By Meril - Easy Self Test | Ai-Powered | Result In 15 Min,MERIL,250.00,40,3.95,55,Healthcare Devices,In Stock
Accu-Chek Softclix | 25 Lancets,ACCU-CHEK,125.00,0,4.51,220,Healthcare Devices,In Stock
Liveasy Digital Thermometer Let-01 1 No'S,LIVEASY,222.00,15,3.29,7,Healthcare Devices,In Stock
Dr. Morepen Blood Pressure Monitor (Bp-15) 1 No'S,DR MOREPEN,1470.00,29,3.62,82,Healthcare Devices,In Stock
Accu-Chek Instant | 50 Test Strips | With Softclix 2 X 25 Lancets,ACCU-CHEK,1366.00,10,3.63,54,Healthcare Devices,In Stock
Contour Plus | Box | Test Strip | 25 No'S,CONTOUR,656.00,4,4.48,29,Healthcare Devices,In Stock
Contour Plus Glucometer Kit | Free 25 Strips,CONTOUR,769.00,23,4.2,113,Healthcare Devices,In Stock
Accu-Chek Guide | 50 Test Strips,ACCU-CHEK,1490.00,8,4.54,114,Healthcare Devices,In Stock
Dr Morepen Bg 03 Glucometer Kit (With 25 Strips) With 2 Pack Round Lancet (50 Each) Free,DR MOREPEN,1164.00,45,3.5,10,Healthcare Devices,In Stock
Onetouch Ultrasoft 2 | Pack Of 25 Lancets | For Use With Onetouch Ultrasoft 2 Lancing Device,ONETOUCH,164.00,0,3,2,Healthcare Devices,In Stock
Onetouch Verio Test Strips For Use With Onetouch Verio Flex Glucometer Pack Of 25 Strips,ONETOUCH,656.00,4,4.54,37,Healthcare Devices,In Stock
Contour Ts Blood Glucose | Test Strip | 50 No'S,CONTOUR,1163.00,12,4.21,57,Healthcare Devices,In Stock
Accu-Chek Softclix | 200 Lancets,ACCU-CHEK,599.99,6,4.23,52,Healthcare Devices,In Stock
Medtech Handyneb Smart Nebulizer,MEDTECH,1675.31,0,2.5,2,Healthcare Devices,In Stock
Contour Ts Blood Glucose100'S Test Strip,CONTOUR,2326.00,12,4.2,20,Healthcare Devices,In Stock
Contour Ts Blood Glucose | Test Strip | 25 No'S | Pack Of 2,CONTOUR,1163.00,12,4.3,20,Healthcare Devices,In Stock
Accusure As Automatic Digital Blood Pressure Monitor,ACCUSURE,1848.00,46,3.98,59,Healthcare Devices,In Stock
Zerostat Vt Spacer,ZEROSTAT VT,599.00,0,3.77,13,Healthcare Devices,In Stock
Accu-Chek Active Glucometer Test Strips Box Of 10,ACCU-CHEK,398.00,1,4.06,113,Healthcare Devices,In Stock
Dr Morepen Compressor Nebuliser Cn - 11,DR MOREPEN,1600.00,38,3.91,11,Healthcare Devices,In Stock
Accusure Life Blood Glucose Metre | 25 Test Strips,ACCUSURE,595.00,24,3.91,22,Healthcare Devices,In Stock
Omron Hem 7121j Bp Monitor 1 No'S,OMRON,2470.00,27,4.14,29,Healthcare Devices,In Stock
Accu-Chek Instant Wireless Blood Glucose Meter And Lancing Device | Glucometer | Free 10 Test Strips,ACCU-CHEK,1450.00,11,4.2,142,Healthcare Devices,In Stock
Accu-Chek Softclix | 25 Lancets | Pack Of 4,ACCU-CHEK,500.00,0,4,8,Healthcare Devices,In Stock
Accusure Simple Blood Glucose | 25 Test Strips,ACCUSURE,595.00,25,3.85,34,Healthcare Devices,In Stock
Omron Hem 6161 Fully Automatic Wrist Blood Pressure Monitor With Intellisense Technology,OMRON,2345.00,14,3.64,11,Healthcare Devices,In Stock
Omron Ne-C106 Compressor Nebulizer,OMRON,1865.62,25,3.76,29,Healthcare Devices,In Stock
Onetouch Select Plus Test Strips | Pack Of 50 Strips With 50 Onetouch Delica Plus Lancets,ONETOUCH,1448.00,10,4.3,10,Healthcare Devices,In Stock
Flamingo Orthopaedic Electric Heating Pad | Regular,FLAMINGO,1250.00,40,2.73,11,Healthcare Devices,In Stock
Accusure Simple Blood Glucose | 2 X 50 Test Strips,ACCUSURE,2250.00,44,3.91,11,Healthcare Devices,In Stock
Bpl Smart Oxy Finger Tip Pulse Black Oximeter (Black),BPL,1968.00,40,4.16,167,Healthcare Devices,In Stock
Onetouch Verio Glucometer Test Strip 100s Pack,ONETOUCH,2334.00,12,3.82,33,Healthcare Devices,In Stock
Control D Test Strips - 25 Strips,CONTROL D,559.00,29,4.25,28,Healthcare Devices,In Stock
Onetouch Delica Plus Lancets | Pack Of 25 Lancets | For Use With Onetouch Delica Plus Lancing Device,ONETOUCH,175.00,0,3.88,8,Healthcare Devices,In Stock
Control D Test Strips - 50 Strips,CONTROL D,1069.01,27,4.33,40,Healthcare Devices,In Stock
Dr. Morepen Blood Sugar Glucometer | Bg-03 | Free 100 Strip & 2 Pack Round Lancet,DR MOREPEN,1698.00,26,3.56,16,Healthcare Devices,In Stock
Dr. Morepen Professionals Deluxe Stethoscope Model - St 01,DR MOREPEN,561.00,49,3.55,11,Healthcare Devices,In Stock
Accu-Chek Active 100 (50x2) Test Strips + 4 Pack Of Softclix Lancet 25 Combikit,ACCU-CHEK,2435.61,0,4.55,22,Healthcare Devices,In Stock
Hicks Oval Thermometer 1,HICKS,186.00,0,2.18,28,Healthcare Devices,In Stock
Control D Thermometer,CONTROL D,249.00,12,3.65,68,Healthcare Devices,In Stock
Control D Test Strips - 100 Strips,CONTROL D,2014.69,36,4.22,9,Healthcare Devices,In Stock
Keto-Diastix Reagent Strip For Urinalysis,KETO,295.00,25,3,2,Healthcare Devices,In Stock
Onetouch Delica Plus Lancets | Pack Of 50 Lancets | For Virtually Pain Free Blood Glucose Testing,ONETOUCH,350.00,0,1.5,2,Healthcare Devices,In Stock
Accu-Chek Softclix Lancing Device | Glucometer | With 25 Lancets,ACCU-CHEK,425.00,0,2.5,2,Healthcare Devices,In Stock
Arkray Glucocard 01 Mini / Mini+ 25 Glucometer Strips,ARKRAY,703.00,10,4.12,8,Healthcare Devices,In Stock
Contour Plus Elite Blood Glucose Monitoring System With Contour Plus Test Strip 20s Free,CONTOUR PLUS,1123.00,18,4.43,7,Healthcare Devices,In Stock
Omron Hem 7143t1-A Digital Bluetooth Blood Pressure Monitor,OMRON,3525.00,21,3.82,17,Healthcare Devices,In Stock
Accu-Chek Instant | 2 X 50 Test Strips | With Softclix 200 Lancets,ACCU-CHEK,2830.00,15,3.64,11,Healthcare Devices,In Stock
Accu-Chek Instant Wireless Blood Glucose Monitoring System | Glucometer | Free 60 Test Strips,ACCU-CHEK,2565.00,14,3.69,16,Healthcare Devices,In Stock
Onetouch Select Plus Test Strips | Pack Of 10 Strips | For Use With Onetouch Select Plus Simple,ONETOUCH,399.00,0,4.17,6,Healthcare Devices,In Stock
Pul Fingertip Pulse Oximeter,PUL,2910.00,83,2.2,15,Healthcare Devices,In Stock
Onetouch Verio Flex Glucometer Machine | Free 10 Test Strips + 10 Sterile Lancets + 1 Lancing Device,ONETOUCH,1490.00,9,3.56,18,Healthcare Devices,In Stock
Dr. Morepen Bp Monitor | Bp-02 | 1 No'S,DR MOREPEN,1364.00,31,3.6,15,Healthcare Devices,In Stock
Control D 100 Sterile Comfort Lancets 100,CONTROL D,349.00,30,3,2,Healthcare Devices,In Stock
Thyrocare Sugarscan Blood Glucose Test Strips With Free Lancets (25 Strips + 25 Lancets),THYROCARE,561.56,20,3.73,11,Healthcare Devices,In Stock
Accusure Fetal Doppler For Doctors And Mothers Fetal Heart Rate Monitor | Usb Charging & Lcd Display,ACCUSURE,7031.00,70,2.5,12,Healthcare Devices,In Stock
Standard Mentor Blood Glucose 50'S Strips,STANDARD,1022.00,16,4.73,11,Healthcare Devices,In Stock
Alere G1 Test Strips 100,ALERE,1300.00,47,3.38,8,Healthcare Devices,In Stock
Pulse Oximeter Device 1,PULSE,2910.00,83,2.52,40,Healthcare Devices,In Stock
Poct Lancet Round - 1pc,POCT,300.00,25,5,4,Healthcare Devices,In Stock
Onetouch Select Plus Test Strips | 2 Packs Of 50 Strips Each (Total 100 Strips),ONETOUCH,2240.00,10,4,3,Healthcare Devices,In Stock
Accu-Chek Guide 2 Packs Of 50 Strips,ACCU-CHEK,2794.00,12,4.5,8,Healthcare Devices,In Stock
Onetouch Verio Test Strips |2 Packs Of 50 Strips Each (Total 100 Strips),ONETOUCH,2334.00,13,4.5,4,Healthcare Devices,In Stock
Arkray Glucocard 01 Sensor For Mini / + 50 Glucometer Strips,ARKRAY,1313.00,1,4,10,Healthcare Devices,In Stock
Liveasy Compressor Nebulizer (Model - Le Nl 01),LIVEASY,1687.00,15,4,3,Healthcare Devices,In Stock
Accusure Life Blood Glucose Metre | With 25 Test Strips,ACCUSURE,1594.00,69,3.25,8,Healthcare Devices,In Stock
Liveasy Pro Ortho Care Electric Heating Belt | Extra Large,LIVEASY,1350.00,15,1,2,Healthcare Devices,In Stock
Accusure Jl Nebulizer 1,ACCUSURE,1599.00,31,3.17,6,Healthcare Devices,In Stock
Accusure Simple Blood Glucose Monitoring System | Glucometer,ACCUSURE,730.00,42,2.7,20,Healthcare Devices,In Stock
Accu-Chek Active 2 Packs Of 100 (50x2) Test Strips + 1 Pack Of Softclix Lancet 200,ACCU-CHEK,4532.00,15,4.86,7,Healthcare Devices,In Stock
Thyrocare Sugarscan Blood Glucose Monitoring Device (Free 25 Strips | 25 Lancets | Lancing Device),THYROCARE,1406.25,0,5,1,Healthcare Devices,In Stock
Liveasy Pro Ortho Care Electric Heating Belt | Regular,LIVEASY,1260.00,15,2,1,Healthcare Devices,In Stock
Tynor Heating Pad Grey Standard 1 Unit,TYNOR,1292.00,19,2.91,11,Healthcare Devices,In Stock
Eagle 4003a Weighing Scale,EAGLE,1399.00,28,2.55,20,Healthcare Devices,In Stock
Omron Hem-7120 Digital Arm Type Bp Monitor 1 Numbers,OMRON,2334.38,22,3.2,5,Healthcare Devices,In Stock
Accu-Chek Guide Meter (Bluetoooth) With 10 Strips + Accu-Chek Guide 50 Strips,ACCU-CHEK,3496.00,14,4,2,Healthcare Devices,In Stock
Onetouch Select Plus Simple Glucometer Combo With 50 Test Strips & 10 Ultrasoft Lancets,ONETOUCH,2274.00,10,4.33,3,Healthcare Devices,In Stock
Accusure Aneroid Sphygmomanometer | Bp Monitor,ACCUSURE,1485.00,51,3.2,10,Healthcare Devices,In Stock
Transpacer V Devices,TRANSPACER V,546.45,0,2.8,5,Healthcare Devices,In Stock
Onetouch Verio Flex Glucometer Combo With 50 Test Strips & 10 Lancets |Syncs Results With Mobile App,ONETOUCH,2575.00,14,1,3,Healthcare Devices,In Stock
Huf Puf Kit,HUF PUF,905.00,0,5,5,Healthcare Devices,In Stock
Beurer Bm 28 Upper Arm Blood Pressure Monitorwith Adaptor,BEURER,2760.00,21,4.29,7,Healthcare Devices,In Stock
Newnik Pse201 Digital Electronic Personal Scale & Weigh Machine Grey,NEWNIK,2499.00,48,Not found,7,Healthcare Devices,In Stock
Omron Bp Monitor Hem 7156,OMRON,3834.00,0,4,6,Healthcare Devices,In Stock
Accusure Sl | Nebulizer,ACCUSURE,1599.00,38,4,9,Healthcare Devices,In Stock
Accu-Chek Safe T Pro Uno | 200 Lancets,ACCU-CHEK,3000.00,17,4.14,7,Healthcare Devices,In Stock
Arkray G+ Blood Glucose Monitor Meter With 50 Test Strips Bottlepack Glucometer,ARKRAY,1873.00,49,2.67,3,Healthcare Devices,In Stock
Omron Hn-289 Weighing Scale,OMRON,2240.00,18,4.62,8,Healthcare Devices,In Stock
Arkray Glucocard G+ 50 Glucometer Strips,ARKRAY,1077.00,4,5,1,Healthcare Devices,In Stock
Omron Hem 7143t1 Digital Bluetooth Blood Pressure Monitor,OMRON,3780.00,31,Not found,1,Healthcare Devices,In Stock
Onetouch Select Plus Simple Glucometer Combo With 25 Test Strips & 10 Ultrasoft Lancets,ONETOUCH,1708.00,19,Not found,1,Healthcare Devices,In Stock
Control D Comfort Lancing Device,CONTROL D,233.44,30,2.15,13,Healthcare Devices,In Stock
Medtech Handyneb Classic Compressor Nebulizer Compact Machine Complete Mask Kit For Adult And Child,MEDTECH,1665.94,0,4,3,Healthcare Devices,In Stock
Accusure Stethoscope | St01,ACCUSURE,699.00,51,2.54,13,Healthcare Devices,In Stock
Omron Hbf 375 Karada Scan Complete Digital Body Composition Monitor,OMRON,11781.36,11,5,3,Healthcare Devices,In Stock
Arkray Glucocard G+ 25 Glucometer Strips,ARKRAY,656.00,16,4.33,3,Healthcare Devices,In Stock
Onetouch Delica Plus Lancing Device| For Virtually Pain Free Blood Glucose Testing,ONETOUCH,431.00,3,Not found,3,Healthcare Devices,In Stock
Contour Plus Elite Blood Glucose Monitoring System With Contour Plus Test Strip 25s Free,CONTOUR PLUS,1123.00,20,4.67,3,Healthcare Devices,In Stock
Onetouch Verio Flex Glucometer Combo With 50 Test Strips & 60 Lancets |Syncs Results With Mobile App,ONETOUCH,2892.00,11,4.5,4,Healthcare Devices,In Stock
Onetouch Verio Test Strips | Pack Of 10 Strips | For Use With Onetouch Verio Flex Glucometer,ONETOUCH,370.00,0,3.67,3,Healthcare Devices,In Stock
Diamond Bpdl250 Dial Deluxe Blood Pressure Monitor With Field Calibration Feature Device 1,DIAMOND,1165.00,5,4,5,Healthcare Devices,In Stock
Bpl Automatic 120/80 B11 White Bp Monitor,BPL,2440.00,46,3.86,21,Healthcare Devices,In Stock
Accu-Chek Guide Wireless Blood Glucose Monitoring System | Glucometer | Free 10 Test Strip,ACCU-CHEK,2108.44,15,5,2,Healthcare Devices,In Stock
Bpl Personal Weighing Scale Pws-01+,BPL,2500.00,45,4.33,3,Healthcare Devices,In Stock
Liveasy Ortho Care Electric Heating Belt Regular,LIVEASY,779.00,15,Not found,3,Healthcare Devices,In Stock
Medtech Nebulizer Travelite,MEDTECH,3500.00,54,3,1,Healthcare Devices,In Stock
Flamingo Ortho Heat Belt Xl 1'S,FLAMINGO,1350.00,38,5,1,Healthcare Devices,In Stock
Dr. Odin Pulse Oximeter For Quick Heart Rate And Oxygen Monitoring-A330n,DR.ODIN,1840.00,42,3.38,16,Healthcare Devices,In Stock
Medtech Handyneb Super Ultra Compact Nebulizer Machine With Complete Mask Kit For Adult And Child,MEDTECH,1500.00,13,Not found,16,Healthcare Devices,In Stock
Omron Smart Elite+ Hem 7600t Tubeless 360 Accurate Digital Blood Pressure Monitor Black,OMRON,11990.00,11,5,1,Healthcare Devices,In Stock
Beurer Bm 28 Upper Arm Blood Pressure Monitor Without Adaptor,BEURER,2860.00,29,3.67,3,Healthcare Devices,In Stock
Arkray Max Glucocard 01-Mini Glucometer (Black),ARKRAY,1397.00,49,4.4,5,Healthcare Devices,In Stock
Beurer Upper Arm Blood Pressure Monitor - Bm 27,BEURER,2240.00,29,3.47,19,Healthcare Devices,In Stock
Accu-Chek Active Blood Glucose Monitoring System | Glucometer | Free 35 Test Strips,ACCU-CHEK,1869.00,12,3.6,5,Healthcare Devices,In Stock
Dr. Odin Digital Blood Pressure Monitor | Accurate Bp Pulse Readings | Large Cuff (22-42cm) | Obp104,DR.ODIN,1800.00,46,3.2,10,Healthcare Devices,In Stock
Poct Lancing Device - 1pc,POCT,280.00,46,4.43,7,Healthcare Devices,In Stock
Omron Bp Monitor Jpn 600,OMRON,5590.00,0,5,1,Healthcare Devices,In Stock
Philips Bt3101/15 Runtime: 45 Min Trimmer For Men,PHILIPS,1495.00,0,4,1,Healthcare Devices,In Stock
Dr. Odin Blood Pressure Monitor | Large Lcd Display|Voice Function|2 User|Usb Type-C | White Jn-163b,DR.ODIN,2135.00,32,3.67,12,Healthcare Devices,In Stock
Bpl Orthopaedic Heating Belt Xl,BPL,1150.00,28,3.67,3,Healthcare Devices,In Stock
Beurer Bc 32 Wrist Blood Pressure Monitor,BEURER,2380.00,32,2,1,Healthcare Devices,In Stock
Omron Hem 8712 Ap Digital Arm Bp Monitor 1 Numbers,OMRON,2718.75,0,5,1,Healthcare Devices,In Stock
Accu-Chek Instant Wireless Blood Glucose Monitoring System | Glucometer | Free 35 Test Strips,ACCU-CHEK,2195.00,11,3.88,8,Healthcare Devices,In Stock
Arkray Glucocard G+ 50 Bottlepack Blood Glucose Test Strips For Glucocard G+,ARKRAY,1077.00,17,1,1,Healthcare Devices,In Stock
Newnik St301 Stethoscope - Basic,NEWNIK,710.00,53,1,2,Healthcare Devices,In Stock
Arkray Glucocard G+ 100 Bottlepack Blood Glucose Test Strips For Glucocard G+,ARKRAY,1725.00,11,4,1,Healthcare Devices,In Stock
Omron Ne-C28-C1 Nebulizer & Vapourizer,OMRON,3534.37,10,3.5,4,Healthcare Devices,In Stock
Medtech Digital Thermometer Tmp 02,MEDTECH,166.40,30,Not found,4,Healthcare Devices,In Stock
Accusure Non Contact | Thermometer | Ha650,ACCUSURE,1995.00,34,2.75,4,Healthcare Devices,In Stock
Accusure Electric Heating Pad | Regular,ACCUSURE,849.00,11,1.67,6,Healthcare Devices,In Stock
Beurer Bc 28 Wrist Blood Pressure Monitor,BEURER,1781.25,6,3.2,5,Healthcare Devices,In Stock
Onetouch Ultra Test Strips | Pack Of 50 Strips With 50 Onetouch Ultrasoft Lancets,ONETOUCH,1445.00,0,2.17,6,Healthcare Devices,In Stock
Beurer Ih 18 Nebuliser,BEURER,2048.00,37,3.64,39,Healthcare Devices,In Stock
Newnik Pse201 Digital Electronic Personal Scale & Weigh Machine Blue,NEWNIK,2499.00,48,Not found,39,Healthcare Devices,In Stock
Covifind Covid-19 Rapid Antigen Self Test - Accurate Ai-Powered | Fast Result In 15 Min | Pack Of 2,COVIFIND,500.00,40,2,1,Healthcare Devices,In Stock
Accusure Electric Heating Pad,ACCUSURE,1149.00,13,5,2,Healthcare Devices,In Stock
Yuwell Infrared Ir Non-Contact Forehead Thermometer (Yt-1 White),YUWELL,3709.00,38,Not found,2,Healthcare Devices,In Stock
Onetouch Verio Flex Glucometer Combo With 25 Test Strips & 10 Lancets |Syncs Results With Mobile App,ONETOUCH,2080.00,16,Not found,2,Healthcare Devices,In Stock
Accusure Electric Heating Pad | Xl,ACCUSURE,1295.00,24,3,11,Healthcare Devices,In Stock
Omron Hem-7124 Digital Arm Type Bp Monitor 1 Numbers,OMRON,2166.00,9,Not found,11,Healthcare Devices,In Stock
Arkray G+ Blood Glucose Monitor Meter With 25 Individually Packed Strips,ARKRAY,796.00,18,4,1,Healthcare Devices,In Stock
Onetouch Verio Test Strips | Pack Of 100 Strips With 100 Onetouch Delica Plus Lancets,ONETOUCH,3190.00,18,2,1,Healthcare Devices,In Stock
Medtech Bp18 Fully Automatic Portable Digital Blood Pressure Monitor With Smart Mdd Technology,MEDTECH,1959.37,29,Not found,1,Healthcare Devices,In Stock
Beurer Pulse Oximeter Po-30 - 1'S,BEURER,2600.00,33,3.74,27,Healthcare Devices,In Stock
Bpl Personal Weighing Scale: Pws-01 Bt Black - 1pc,BPL,6200.00,69,5,1,Healthcare Devices,In Stock
Philips Hp6388 Touch-Up Eyebrows Facial & Body Trimmer(White),PHILIPS,1995.00,0,Not found,1,Healthcare Devices,In Stock
Control D Air Mattress,CONTROL D,3749.06,0,4.75,4,Healthcare Devices,In Stock
Arkray G+ Blood Glucose Monitor Meter With 50 Individually Packed Test Strips,ARKRAY,1874.00,42,Not found,4,Healthcare Devices,In Stock
Arkray Glucocard G+ Pack Of 2 X 10 Glucometer Strips,ARKRAY,656.00,8,5,1,Healthcare Devices,In Stock
Onetouch Verio Test Strips | Pack Of 100 Strips With 50 Onetouch Delica Plus Lancets,ONETOUCH,2662.00,10,Not found,1,Healthcare Devices,In Stock
Omron Hbf 214 Digital Full Body Composition Monitor,OMRON,5120.36,20,5,1,Healthcare Devices,In Stock
Mini Zerostat Spacer 1,ZEROSTAT,573.65,0,3.8,5,Healthcare Devices,In Stock
Medtech Nebulizer Handyneb Gold,MEDTECH,1715.00,15,Not found,5,Healthcare Devices,In Stock
Bpl Orthocare Heating Belt Prime Xl - 1pc,BPL,1150.00,18,Not found,5,Healthcare Devices,In Stock
Fingertip Pulse Oximeter 1,FINGERTIP,4200.00,0,1.74,65,Healthcare Devices,In Stock
Philips Qp220/51 Oneblade Replaceable Blade Pack Including 2 Replaceable Blades (Lime),PHILIPS,1499.00,0,Not found,65,Healthcare Devices,In Stock
Arkray Lancets | Pack Of 100 Nos,ARKRAY,500.00,40,Not found,65,Healthcare Devices,In Stock
Beurer Facial Sauna Model Fs 50,BEURER,3710.00,40,Not found,65,Healthcare Devices,In Stock
Easycare (German Tech.) 2 In 1 Blood Pressure With Ecg Function,EASYCARE,9842.81,0,4.5,2,Healthcare Devices,In Stock
Medtech Bp12bl Fully Automatic Portable Digital Blood Pressure Bp Monitoring Machine With Smart Mdd,MEDTECH,2760.00,31,Not found,2,Healthcare Devices,In Stock
Medtech Og05 Fingertip Pulse Oximeter Blood Oxygen Saturation And Heart Rate Monitor Spo2 Oxygen,MEDTECH,2490.00,49,2.5,2,Healthcare Devices,In Stock
Fingertip Pulse Oximeter - Tx-25 Plus,TUSHTI INTERNATIONAL,2910.00,83,2.67,6,Healthcare Devices,In Stock
Accu-Chek Instant | 10 Test Strips,ACCU-CHEK,398.00,0,3,2,Healthcare Devices,In Stock
Contour Plus One | Test Strip | 25 No'S,CONTOUR,656.00,15,3,2,Healthcare Devices,In Stock
Bpl Personal Weighing Scale: Pws-01 Transparent - 1pc,BPL,2200.00,40,Not found,2,Healthcare Devices,In Stock
Lk87 Fingertip Pulse Oximeter,LK87,2999.00,0,Not found,2,Healthcare Devices,In Stock
K-Life Steam Well Pro Swp-101 Inhaler Spa Steamer Vaporizer 1 No'S,K-LIFE,562.00,0,Not found,2,Healthcare Devices,In Stock
"Medtech Orthopaedic Electric Heating Pad For Pain Relief, Suitable For Lower Back, Shoulder - Large",MEDTECH,1500.00,40,Not found,2,Healthcare Devices,In Stock
Venusia Max Intensive Moisturizing | Normal To Dry Skin | Lotion | 500 Gm,VENUSIA,1317.00,18,4.49,365,Skin Care,In Stock
Venusia Max Intensive Moisturizing | For Dry And Very Dry Skin | Cream | 150 Gm,VENUSIA,739.00,12,4.5,571,Skin Care,In Stock
Cetaphil Gentle Skin Cleanser | Dry To Normal Sensitive Skin | 125 Ml,CETAPHIL,429.00,7,4.35,196,Skin Care,In Stock
Ahaglow Advanced Tube Of 200gm Face Wash Gel,AHAGLOW,798.00,7,4.25,173,Skin Care,In Stock
Brinton Uv Doux Spf 50 Tube Of 50gm Silicone Sunscreen Gel,UV DOUX,845.00,17,4.45,116,Skin Care,In Stock
Acne Uv Advanced Light Protection Spf 50+ Pa+++ Sunscreen Gel 50 Gm,ACNE,975.00,12,3.99,160,Skin Care,In Stock
Everherb Aloe Vera Juice With Pulp - Rejuvenates Skin & Hair - 1l Bottle (By Pharmeasy),EVERHERB,374.00,47,4.0,797,Skin Care,In Stock
Pharmeasy Biotin 10000mcg - For Hair | Skin & Nails - Bottle Of 60,PHARMEASY,655.00,44,3.83,127,Skin Care,In Stock
Episoft Ac Moisturizer | With Microencapsulated Suncreen | Spf 30 | 75 Gm,EPISOFT,639.01,7,4.25,154,Skin Care,In Stock
Moiz Cleansing Lotion - Face & Body 400ml,MOIZ,850.00,10,3.67,12,Skin Care,In Stock
Ahaglow Advanced Tube Of 100gm Face Wash Gel,AHAGLOW,565.00,6,4.1,29,Skin Care,In Stock
Ahaglow S Bottle Of 100ml Foaming Face Wash,AHAGLOW,877.00,6,4.14,232,Skin Care,In Stock
Ethiglo Skin Whitening Face Wash 70gm,ETHIGLO,260.00,0,4.08,51,Skin Care,In Stock
Ekran Soft Spf 50 Plus Tube Of 50gm Silicone Sunscreen Gel,EKRAN,795.00,13,4.19,21,Skin Care,In Stock
Tedibar Soap | 75 Gm - Pack Of 2,TEDIBAR,398.00,3,4.58,137,Skin Care,In Stock
Tetmosol Medicated Soap For Relief From Skin Infections And Daily Bathing 100gm,TETMOSOL,96.10,5,4.28,607,Skin Care,In Stock
Himalaya Purifying Neem | Prevents Pimples | Face Wash | 150 Ml,HIMALAYA,279.00,10,4.26,118,Skin Care,In Stock
Sebamed Clear Face Cleansing Foam - 150ml,SEBAMED,680.00,3,4.43,169,Skin Care,In Stock
Everherb Neem - Immunity Booster - Hair & Skin Detoxifier - Bottle Of 60 Capsules (By Pharmeasy),EVERHERB,562.00,49,3.69,159,Skin Care,In Stock
Moiz Cleansing Lotion - Face & Body 200ml,MOIZ,460.00,9,3.94,17,Skin Care,In Stock
Saslic Ds Foaming Salicylic Acid Face Wash 60ml,SASLIC DS,495.00,4,4.21,130,Skin Care,In Stock
Acne Uv Advanced Light Protection Spf 30+ Pa++++ Sunscreen Gel 60 Gm,ACNE,924.00,11,4.25,72,Skin Care,In Stock
La Shield Fisico Matte Sunscreen Gel | Expert Sensitive Protect | Spf 50 + Pa +++ | 50 Gm,LA SHIELD,750.00,4,3.91,106,Skin Care,In Stock
Acne Oc Sebum Regulating Moisturizer | Tube | 75 Gm,ACNE,618.00,0,4.44,88,Skin Care,In Stock
Ekran Spf 30 Plus Tube Of 50gm Aqua Gel,EKRAN,410.00,8,4.8,5,Skin Care,In Stock
Tedibar Bathing Bar 75g Pack Of 3 (Soap Free For Sensitive Skin),TEDIBAR,658.00,5,4.6,60,Skin Care,In Stock
Acne Uv Advanced Light Protection Spf 30+ Pa+++ Sunscreen Gel 30 Gm,ACNE,552.00,4,4.67,12,Skin Care,In Stock
Sebonac Gel 30gm,SEBONAC,337.50,6,2.75,4,Skin Care,In Stock
Lite Glo Face Wash Tube Of 100 Ml,LITE GLO,525.01,6,4.39,142,Skin Care,In Stock
Cetaphil Gentle Skin Cleanser | Face & Body | 250 Ml,CETAPHIL,769.00,5,4.16,116,Skin Care,In Stock
La Shield Sunscreen Gel | Expert Acne Protect | Spf 40 Pa +++ | 50 Gm,LA SHIELD,850.00,4,4.31,51,Skin Care,In Stock
Pearldew Deep Cleansing Face Wash 100 Ml | Neem & Aloe Vera | Paraben Free (Pack Of 2),PEARLDEW,498.00,15,Not found,51,Skin Care,In Stock
Hyalugel Hyaluronic Acid Gel | 30 Gm,HYALUGEL,270.00,8,4.15,84,Skin Care,In Stock
Cetaphil Dam Daily Advance Ultra Hydrating Lotion | Face & Body | 100 Gm,CETAPHIL,765.00,5,4.29,121,Skin Care,In Stock
Episoft Cl Cleansing Lotion 250ml,EPISOFT,599.99,4,3.94,126,Skin Care,In Stock
Sebamed Clear Face Care Gel 50ml | Ph 5.5 | Acne Prone Skin | Hyaluron & Aloe Vera,SEBAMED,550.00,3,4.14,74,Skin Care,In Stock
Moisturex Soft Cream 300gm,MOISTUREX,768.75,6,4.45,121,Skin Care,In Stock
Acnelak 4 In 1 Face Wash Of Tube 100 Ml,ACNELAK,430.00,9,4.5,111,Skin Care,In Stock
Cetaphil Gentle Skin Cleanser | Face & Body | 1l,CETAPHIL,1899.00,5,3.53,131,Skin Care,In Stock
Acnestar 2.5% Soap 75gm,ACNESTAR,97.88,3,4.4,5,Skin Care,In Stock
Cetaphil Moisturising Cream | Dry To Normal Sensitive Skin | 80 Gm,CETAPHIL,669.00,2,4.38,120,Skin Care,In Stock
Venusia Derm Moisturizing | Cream | 75 Gm,VENUSIA,403.00,6,4.46,59,Skin Care,In Stock
Lotus Botanicals Skin Brightening Face Moisturiser Vitamin C Spf 20 Pa+++ - 45g,LOTUS BOTANICALS,595.00,24,Not found,59,Skin Care,In Stock
Moisturex Wash Body Wash Bottle Of 200 Ml,MOISTUREX,601.00,3,4.5,54,Skin Care,In Stock
Dermadew Acne Soap 75gm,DERMADEW,186.87,2,4.47,17,Skin Care,In Stock
Tvaksh Face Guard Silicone Sunscreen Gel | Spf 30+ Pa+++ | 30 Gm,TVAKSH,666.00,5,4.83,6,Skin Care,In Stock
Venusia Moisturizing Lotion | 200 Ml,VENUSIA,798.00,12,4.6,100,Skin Care,In Stock
Nivea Body Milk Lotion 400ml,NIVEA,520.00,16,4.54,147,Skin Care,In Stock
Nivea Cocoa Nourish Body Lotion Bottle Of 400 Ml,NIVEA,565.00,25,4.37,119,Skin Care,In Stock
Tedibar Bathing Bar 100g Pack Of 2 (Soap Free For Sensitive Skin),TEDIBAR,530.00,10,4.29,41,Skin Care,In Stock
Acrofy Acne Lotion | For Sebum Control | Bottle | 50gm,ACROFY,871.50,12,4.29,14,Skin Care,In Stock
Cetaphil Oily Skin Cleanser | Combination To Oily & Sensitive Skin | 125 Ml,CETAPHIL,699.00,5,4.24,79,Skin Care,In Stock
Rivela Lite Spf 50 Pa++++ Sunscreen Cream 60 G,RIVELA,1173.50,8,4.24,41,Skin Care,In Stock
Cetaphil Moisturising Lotion | 100 Ml,CETAPHIL,620.00,7,4.29,77,Skin Care,In Stock
Saliac Foaming Face Wash Foaming Bottle Salicylic Acid Of 60 Ml,SALIAC,494.43,21,4.53,59,Skin Care,In Stock
Venusia Soft Plus Moisturising Lotion For Itchy & Dry Skin 100 Ml,VENUSIA,530.00,6,4.41,64,Skin Care,In Stock
Suncros Aqua Spf 26 Gel 100gm,SUNCROS,555.94,4,4.62,58,Skin Care,In Stock
Glymed Soap 75gm,GLYMED,78.31,5,4.25,20,Skin Care,In Stock
New Olesoft Max Cream 150gm,OLESOFT,492.15,8,4.15,13,Skin Care,In Stock
Fixderma Shadow Sunscreen Spf 50+ Gel For Oily Skin Uva And Uvb | Spf 50 | Water Resistant (40 G),FIXDERMA,399.00,25,3.83,12,Skin Care,In Stock
Sebamed Olive Face & Body Wash 200 Ml | Ph 5.5 | Soap Free | For Sensitive & Dry Skin,SEBAMED,800.00,18,4.75,48,Skin Care,In Stock
Sebogel Salicylic Acid & Nicotinamide Gel For Pimples And Oily Skin - 30 Gm,SEBOGEL,249.99,4,4.26,76,Skin Care,In Stock
Maxisoft Moisturizing Lotion Ph 5.5 | 100 Ml | Pack Of 2,MAXISOFT,590.00,22,4,1,Skin Care,In Stock
Melalumin Lip Lightener 10gm,MELALUMIN,395.00,10,3,4,Skin Care,In Stock
Boroline Bo Lips Flavoured Lip Balm | Chocolate Favoured Natural Lip Care (10 Gm) (Pack Of 6),BOROLINE,450.00,10,Not found,4,Skin Care,In Stock
Excela Max Moisturiser 200gm,EXCELA,587.00,6,4.78,40,Skin Care,In Stock
Dermadew Acne Face Wash 100ml,DERMADEW,375.00,4,4.02,45,Skin Care,In Stock
Himalaya Purifying Neem | Prevents Pimples | Face Wash | 300 Ml,HIMALAYA,549.00,10,4.21,42,Skin Care,In Stock
Rivela Spf 50 Sunscreen Lotion 50ml,RIVELA,653.00,8,3.47,32,Skin Care,In Stock
Moiz Lmf 48 - Face & Body Lotion 75ml,MOIZ,375.00,9,4.9,10,Skin Care,In Stock
Ayouthveda Acne Enemy Face Wash Gel With Alpha-Cure Complex To Combat Acne & Control Oil 100 Ml,AYOUTHVEDA,141.00,20,1,1,Skin Care,In Stock
Neutrogena Ultra Sheer Dry Touch Sunblock Spf 50+ 80ml,NEUTROGENA,780.00,16,4.43,14,Skin Care,In Stock
La Shield Expert Urban Protect Mineral Sunscreen Gel Spf 50 (50g),LA SHIELD,340.00,4,3.6,10,Skin Care,In Stock
Chemist At Play Gentle & Hydrating Face Cleanser | Hydrates Dull & Dry Skin | Brightens Skin | 100ml,CHEMIST AT PLAY,299.00,16,Not found,10,Skin Care,In Stock
Lacto Calamine Face Lotion Kaolin Clay With Aloe Vera Normal Skin 60 Ml,LACTO CALAMINE,165.00,8,4.25,28,Skin Care,In Stock
Actame Face Wash 70gm,ACTAME,350.00,3,4.33,3,Skin Care,In Stock
Physiogel Daily Moisture Therapy Tube Of 75gm Cream,PHYSIOGEL,740.00,6,4.67,15,Skin Care,In Stock
Cerave Moisturizing Cream For Dry To Very Dry Skin - 454gm,CERAVE,1900.00,0,4.1,10,Skin Care,In Stock
Acnestar Face Wash - 50 Gm,ACNESTAR,150.00,11,3.82,17,Skin Care,In Stock
Cetaphil Moisturising Cream | Face & Body | 250 Gm,CETAPHIL,1499.00,20,3.96,78,Skin Care,In Stock
Episoft Oc Cleansing Gel - 125 Ml,EPISOFT,550.00,3,4.25,59,Skin Care,In Stock
Sebamed Clear Face Cleansing Foam - 50ml,SEBAMED,400.00,5,3.9,31,Skin Care,In Stock
Cetaphil Gentle Foaming Cleanser | Face | 236 Ml,CETAPHIL,1050.00,17,3.92,25,Skin Care,In Stock
Avarta Lightening Under Eye Cream Reduces Dark Circles & Pigmentation For Firm Under Eyes Skin 10g,AVARTA,912.00,8,3.82,11,Skin Care,In Stock
Fixderma Shadow Sunscreen Spf 30+ Gel For Oily Skin With Pa+++ Protection - 40 G,SHADOW,280.00,15,3.86,7,Skin Care,In Stock
Glenmark Elovera Cream Tube Of 150 Gm,ELOVERA,399.01,6,4.4,101,Skin Care,In Stock
Venusia Moisturizing Lotion - 100ml,VENUSIA,530.00,7,4.25,28,Skin Care,In Stock
Rivela Tint Spf 50 Sunscreen Lotion 50ml,RIVELA,797.50,5,3.96,26,Skin Care,In Stock
Venusia Acne Control Moisturiser | Lotion | 75 Gm,VENUSIA,636.00,3,4,1,Skin Care,In Stock
Kapiva Pure Aloe Vera Skin Gel - Hydrating Gel For Face - 500g,KAPIVA,450.00,22,4.32,99,Skin Care,In Stock
Vc X Serum 10ml,VC X,1900.00,9,3.71,28,Skin Care,In Stock
Ekran 30 Silicone Spf 30 Plus Tube Of 30g Sunscreen Gel,EKRAN,455.00,11,4.67,3,Skin Care,In Stock
Sebamed Clear Face Cleansing Bar 100gm | Ph 5.5 | Reduces Pimples & Blackheads | Vitamin E,SEBAMED,230.01,3,4.11,74,Skin Care,In Stock
Pearldew Baby Cream 50 Gm | With Calendula & Milk Protein | Paraben Free (Pack Of 2),PEARLDEW,490.00,20,1,1,Skin Care,In Stock
Aquasoft Max Intensive Moisturising Tube Of 150gm Cream,AQUASOFT,611.00,16,4.76,17,Skin Care,In Stock
Cetafresh Cleansing Lotion 200ml,CETAFRESH,726.00,8,3.95,22,Skin Care,In Stock
Cetaphil Restoraderm Skin Restoring Body Moisturizer - 295ml,CETAPHIL,2804.00,19,4.19,54,Skin Care,In Stock
Cerave Foaming Daily Gel Cleanser For Normal To Oily Skin -473ml,CERAVE,1650.01,1,3.33,3,Skin Care,In Stock
Rivela Spf 30 Plus Tube Of 60gm Sunscreen Gel,RIVELA,1080.00,21,4.17,18,Skin Care,In Stock
Kapiva Aloe Vera Skin Gel (Healthy Moisturizer) -150 Grams,KAPIVA,150.00,16,4.14,70,Skin Care,In Stock
Doux Deep Cleanser For All Skin Types Bottle Of 125ml,DOUX,616.00,10,Not found,70,Skin Care,In Stock
Hydronic Moist Cream 50gm,HYDRONIC,369.00,11,4.52,23,Skin Care,In Stock
Aquasoft Moisturise Tube Of 150gm Cream,AQUASOFT,539.00,4,4.67,6,Skin Care,In Stock
Cetaphil Cleansing & Moisturising Syndet Bar | Face & Body | 75 Gm,CETAPHIL,225.00,19,4.54,65,Skin Care,In Stock
Fixderma Shadow Spf 50+ Gel 75gm,FIXDERMA,640.00,21,3.6,5,Skin Care,In Stock
Ridacne Foaming Bottle Of 100ml Face Wash,RIDACNE,699.00,10,4.6,5,Skin Care,In Stock
Papulex Cleansing Gel 100ml,PAPULEX,695.00,11,4.86,7,Skin Care,In Stock
Klmc 20 Bottle Of 15ml Serum,KLMC,1025.00,15,2.57,7,Skin Care,In Stock
Glymax Cream 150gm,GLYMAX,515.00,27,Not found,7,Skin Care,In Stock
Moiz Xl Hydro Boost Cream 500gm,MOIZ,1100.00,8,4.2,15,Skin Care,In Stock
Brinton Uv Doux Gold Spf50 Sunscreen Gel 50gm,UV DOUX,1197.99,14,3.78,9,Skin Care,In Stock
Hymos Lotion 200ml,HYMOS,658.00,12,5,7,Skin Care,In Stock
Kojiglo Gold Paraben Free Cream 20gm,KOJIGLO GOLD,605.00,7,4.62,13,Skin Care,In Stock
Boroline Dry Skin Care Combo - Antiseptic Cream (2x100gm),BOROLINE,366.00,0,4.56,16,Skin Care,In Stock
Fixderma Shadow Sunscreen Spf 50+ Cream For Dry Skin With Pa+++ Protection - 40g,FIXDERMA,380.00,27,2.25,4,Skin Care,In Stock
Acnestar Soap Pack Of 2,ACNESTAR,220.00,24,5,1,Skin Care,In Stock
Bare Anatomy Expert Anti-Frizz Leave-In Conditioner For Smooth | Shiny Hair | All Hair Types-150ml,BARE ANATOMY,599.00,18,Not found,1,Skin Care,In Stock
Wow Skin Science Shea & Cocoa Butter Body Lotion 400 Ml,WOW,449.00,11,5,8,Skin Care,In Stock
Venusia Moisturizing Lotion 200ml X Pack Of 2,VENUSIA,1596.00,18,3,2,Skin Care,In Stock
Venusia Sunscreen - Spf 115 Pa++++ Tinted Sunscreen || Full Spectrum Protection |50 G X Pack Of 2,VENUSIA,1990.00,9,Not found,2,Skin Care,In Stock
Nmf E Spf 40+ Lip Care Cream 10gm,NMF,199.00,4,3.94,16,Skin Care,In Stock
Sebamed Baby Lip Balm|Soft Baby Lips|With Shea Butter | Jojoba Oil & Beeswax|4.8 Gm,SEBAMED,520.00,3,4.58,19,Skin Care,In Stock
Uvsmart Matt Spf 40+ Sunscreen Gel 50 Gm,UV SMART,945.00,9,4.33,6,Skin Care,In Stock
Lotus Herbals Safe Sun Sunscreen Cream Pa++ Spf-30 Indian Summer Formula - 50 G,LOTUS HERBALS,345.00,8,Not found,6,Skin Care,In Stock
Moisturiser 100 Ml Pack Of 3,RICHFEEL,405.00,36,Not found,6,Skin Care,In Stock
Ethiglo Soap 75gm,ETHIGLO,97.88,2,4.27,30,Skin Care,In Stock
Nmf E Daily Moisturising Lotion 200ml,NMF,544.99,6,4.55,89,Skin Care,In Stock
Glutone Face Wash 100ml,GLUTONE,435.00,10,3.67,9,Skin Care,In Stock
Fixderma Shadow Spf 30+ Pa+++ Tube Of 75gm Gel,SHADOW,410.00,20,Not found,9,Skin Care,In Stock
Olesoft Max Bottle Of 400ml Lotion,OLESOFT,956.25,2,4.5,4,Skin Care,In Stock
Moisturex Clenz Facial Cleanser 100ml,MOISTUREX,295.00,4,4.33,24,Skin Care,In Stock
Cos-Iq Niacinamide Vitamin B3-20% High Dose Face Serum 30ml 4% Multi-Peptide Complex And 2% Ha,COS-IQ,699.00,25,4,1,Skin Care,In Stock
Moiz Xl Hydro Boost Cream 200gm,MOIZ,575.00,9,5,8,Skin Care,In Stock
Oryza Skin Moisturiser Gel 50 Gm,ORYZA,894.99,26,4.05,21,Skin Care,In Stock
Cetaphil Bright Healthy Radiance Brightness Reveal Creamy Cleanser | 100 Gm,CETAPHIL,799.00,3,4.62,8,Skin Care,In Stock
Excela Rich Facial Hydrating Lotion 50gm,EXCELA,1126.40,9,4.38,13,Skin Care,In Stock
Vaseline Intensive Care Deep Moisture Body Lotion Bottle Of 400 Ml,VASELINE,515.00,18,4.48,23,Skin Care,In Stock
New Aquasoft Max Intensive Moisturising Cream 100 Gm,AQUASOFT,455.00,2,1.67,3,Skin Care,In Stock
Brinton Uv Doux Spf 50 Pa +++ Tube Of 75gm Silicone Sunscreen Gel,UV DOUX,1169.00,14,4.25,8,Skin Care,In Stock
Fixderma Nigrifix Cream For Acanthosis Nigricans For Dark Neck Ankles - 100g,FIXDERMA,775.00,25,4.6,5,Skin Care,In Stock
Sebamed Lip Defense 4.8 Gm | For Dry And Chapped Lips | With Spf 30 | With Jojoba Oil And Vitamin E,SEBAMED,584.38,3,3.8,5,Skin Care,In Stock
Aquasoft Moisturise Tube Of 100gm Cream,AQUASOFT,375.00,10,4.29,7,Skin Care,In Stock
Glenmark Elovera Cream For Protect | Nourish & Repair Skin Naturally | 75gm,ELOVERA,291.00,0,4.1,49,Skin Care,In Stock
Bioderma Atoderm Intensive Baume Daily Ultra-Soothing Balm 75ml,BIODERMA,799.00,17,4.38,8,Skin Care,In Stock
Mankind Moisawave Cream | Lightweight | 72h Moisture Lockdown | For All Skin Type | 100g,MOISAWAVE,460.00,6,4.17,6,Skin Care,In Stock
Dermistry Kojic Acid Brightening Lightening Fairness Dull Skin Pigmentation Tan Removal Face Wash,DERMISTRY,325.00,18,5,1,Skin Care,In Stock
Venusia Max Intensive Moisturizing | For Dry And Very Dry Skin | Cream | 150 Gm | Pack Of 2,VENUSIA,1478.00,18,3.5,4,Skin Care,In Stock
Hydronic Spf 15 Lip Balm 8gm,HYDRONIC,369.00,1,3.8,5,Skin Care,In Stock
Fixderma Shadow Tinted Sunscreen Light Spf 50 Pa+++ Sunscreen With Vitamin E 30 Gm,FIXDERMA,425.00,12,Not found,5,Skin Care,In Stock
Cetaphil Restoraderm Skin Restoring Body Wash | 295 Ml,CETAPHIL,1995.00,16,3.53,17,Skin Care,In Stock
Q Sera Bottle Of 60 Ml Hair Serum,PALSONS,1650.01,14,3.43,42,Skin Care,In Stock
Nmf E Daily Moisturising Lotion 450 Ml,NMF,750.00,7,4.22,72,Skin Care,In Stock
New Neutrogena Ultra Sheer Dry Touch Spf 50+ Pa++++ Water And Sweat Resistant Tube Of 80gm Sunscreen,NEUTROGENA,780.00,0,3,2,Skin Care,In Stock
Cetaphil Sun Spf 50 Light Gel | Sensitive Skin | 50 Ml,CETAPHIL,1299.00,5,4.09,11,Skin Care,In Stock
Cipla Vc15 Vitamin C Serum (15 Ml),CIPLA,2392.00,0,Not found,11,Skin Care,In Stock
Brinton Uv Doux Spf 50 Pa+++ Mineral Based Sunscreen Gel With No White Cast - 50g,BRINTON,949.00,11,5,1,Skin Care,In Stock
Oryza Moist Lotion 100ml,ORYZA,755.00,5,3.31,13,Skin Care,In Stock
Fixderma Salyzap Az For Body Acne Spray 100ml,FIXDERMA,845.00,0,4,2,Skin Care,In Stock
Fixderma Salyzap Acne Body Wash 200ml,FIXDERMA,725.00,21,4.5,2,Skin Care,In Stock
Dermosys Vitamin C Glow Booster Cream For Brightening & Depigmentant | For All Skin Types - 50ml,DERMOSYS,790.00,3,Not found,2,Skin Care,In Stock
Vaniza Gold Advanced Gel For Scars Caused By Acne 15g,VANIZA,826.00,11,5,1,Skin Care,In Stock
Re'Equil Ceramide & Hyaluronic Acid Moisturiser 100g,RE'EQUIL,295.00,10,Not found,1,Skin Care,In Stock
New Aquasoft Max Intensive Moisturising Tube Of 150gm Cream,AQUASOFT,611.00,7,1,1,Skin Care,In Stock
Cetaphil Moisturising Lotion Normal To Combination Sensitive Skin | 250 Ml,CETAPHIL,1259.00,0,4.11,9,Skin Care,In Stock
Wow Skin Science Brightening Vitamin C Foaming Face Wash (With Brush) - 150 Ml,WOW,399.00,11,4.14,7,Skin Care,In Stock
Boroline Dry Skin Combo|Antiseptic Cream 40gmx2|Ultrasmooth Cream 40gmx2,BOROLINE,348.00,0,5,4,Skin Care,In Stock
Biluma Advance Skin Brightening Face Wash 100ml,BILUMA,811.00,8,3.7,10,Skin Care,In Stock
Glenmark Elovera Moisturizing Body Wash Bottle Of 250ml,ELOVERA,715.00,4,3,4,Skin Care,In Stock
Kozicare Kojic Acid Vitamin E Arbutin Skin Lightening Soap - 75g ( Pack Of 3 ),KOZICARE,300.00,20,3.49,39,Skin Care,In Stock
Dewderm Soap 100gm,DEWDERM,240.00,0,4.46,13,Skin Care,In Stock
Ekran Broad Spectrum Spf 30 Pa++ Tube Of 50gm Lotion,EKRAN,350.00,11,3.88,8,Skin Care,In Stock
Nivea Men Body Wash | Pure Impact Shower Gel For Body | Face & Hair | 500 Ml,NIVEA,586.00,16,4.67,3,Skin Care,In Stock
Fixderma Heel Repair Foobetik Foot Cream For Normal Diabetic Foot - 100g,FIXDERMA COSMETIC LABORATORIES,550.00,20,3.14,7,Skin Care,In Stock
Nmf E Body Wash 450ml,NMF,935.00,13,4.06,17,Skin Care,In Stock
Mamaearth Daily Moisturizer Bottle Of 200 Ml,MAMAEARTH,221.57,0,4,5,Skin Care,In Stock
Nmf E Urea Cream 150 Gm,NMF E,465.00,4,4.41,32,Skin Care,In Stock
Venusia Derm Moisturizing Cream 75gm (Pack Of 2),VENUSIA,806.00,18,1,1,Skin Care,In Stock
Mankind Acnestar Unisex Face Wash - (50 Gr 3 Pc),ACNESTAR,450.00,24,3.8,5,Skin Care,In Stock
Sunmate Spf 30 Plus Tube Of 50gm Gel Cream,SUNMATE,799.00,7,4.23,22,Skin Care,In Stock
Cetaphil Sun Spf 30 Light Gel | Face & Body Senitive Oily Skin | 100 Ml,CETAPHIL,1313.00,20,3.86,7,Skin Care,In Stock
Fixderma 20% Niacinamide Serum For Face For Pore Minimizer - 15g,FIXDERMA,630.00,50,5,1,Skin Care,In Stock
Venusia Baby Intensive Moisturizing Lotion | 500 Gm | Pack Of 2,VENUSIA,2634.00,18,3.6,5,Skin Care,In Stock
Maskosun Soft Spf 60 Plus Silicone Gel 50gm,MASKOSUN,800.00,11,5,4,Skin Care,In Stock
Uv Smart Spf 40+ Pa++++ Sunscreen Gel 50gm,UV SMART,699.00,10,4.4,5,Skin Care,In Stock
Hydravo Tube Of 50gm Skin Renewing Moisturizer Cream,HYDRAVO,630.00,9,4.6,5,Skin Care,In Stock
Acnestar Soap (Pack Of 3),ACNESTAR,330.00,27,4,1,Skin Care,In Stock
Chemist At Play Exfoliating Body Wash With Ceramides | Gently Exfoliates & Makes Skin Smooth 236 Ml,CHEMIST AT PLAY,399.00,7,Not found,1,Skin Care,In Stock
Hydranet Cream 80gm,HYDRANET,650.00,10,5,1,Skin Care,In Stock
Cetaphil Daily Exfoliating Cleanser | Face | 178 Ml,CETAPHIL,1010.00,17,4.61,18,Skin Care,In Stock
Lotus Herbals Safe Sun Uv Screen Mattegel Pa+++ Spf-50 50 Gm,LOTUS HERBALS,435.00,9,Not found,18,Skin Care,In Stock
Glymax Soap 75gm,GLYMAX,137.00,5,4.5,8,Skin Care,In Stock
Cos-Iq Aha Glycolic Acid 10% Face Cleanser | Face Wash For Acne & Pimple| Men & Women 100 Ml,COS-IQ,349.00,20,3,1,Skin Care,In Stock
Dermistry Retinol Hyaluronic Anti Aging Night Moisturizer Wrinkles Free Skin Fine Lines Repair Cream,DERMISTRY,375.00,12,3.67,3,Skin Care,In Stock
Nevlon Moisturizing Cream 50gm,NEVLON,192.19,2,5,4,Skin Care,In Stock
Cos-Iq Vitamin C-23% Face Serum 30ml | Only 2 Ingredients | Safe Effective Skin Brightening Serum,COS-IQ,999.00,30,3,1,Skin Care,In Stock
Elovera Imf Cream Moisturizing Cream 75 Gm,ELOVERA,438.00,11,4.57,7,Skin Care,In Stock
Brinton D'Experts Night Repair Cream - Hyaluronic | Collagen | Peptides | Rice & Pea Protein 30ml,BRINTON,1290.00,10,Not found,7,Skin Care,In Stock
Acnestar Soap Pack Of 4,ACNESTAR,440.00,25,3.75,4,Skin Care,In Stock
Acnerex Soap 75gm,ACNEREX,117.46,9,1,1,Skin Care,In Stock
Rivela Lite Spf 50 Tube Of 40gm Sunscreen Gel,RIVELA,700.00,7,1,1,Skin Care,In Stock
Digene Insta On The Go Mint Flavour 10ml (Pack Of 5),DIGENE,46.87,0,4,1,Health Concerns,In Stock
Everherb Karela Jamun Juice - Helps Maintains Sugar Levels & Weight Management - 1 L (By Pharmeasy),EVERHERB,374.00,44,4.03,2242,Health Concerns,In Stock
Unienzyme Strip Of 15 Tablets,UNIENZYME,96.56,3,4.48,644,Health Concerns,In Stock
Cofsils Ginger Lemon Lozenges Strip Of 10,COFSILS,35.63,0,4.38,484,Health Concerns,In Stock
Volini Pain Relief | Gel | 75 Gm,VOLINI,272.00,13,4.42,980,Health Concerns,In Stock
Himalaya Liv.52 | Tablets | 100 No'S,HIMALAYA,220.31,9,4.46,709,Health Concerns,In Stock
Evion L-5000 | 3-In-1 Formula For Liver Health | 15 Capsules,EVION,351.00,0,3.71,7,Health Concerns,In Stock
Softovac Bowel Regulator For Constipation Powder 250 Gm,SOFTOVAC,445.00,15,4.37,530,Health Concerns,In Stock
Volini Pain Relief | Gel | 100 Gm,VOLINI,349.00,11,4.44,322,Health Concerns,In Stock
Softovac Sf Constipation Powder Bottle Of 250 G,SOFTOVAC,492.00,15,4.37,572,Health Concerns,In Stock
Dr Ortho An Ayurvedic Medicine Oil Bottle Of 120 Ml,DR ORTHO,276.00,4,4.38,419,Health Concerns,In Stock
Everherb Ashwagandha - Immunity Booster - Anxiety & Stress - Bottle Of 60 Capsules (By Pharmeasy),EVERHERB,562.00,48,3.87,450,Health Concerns,In Stock
Himalaya Gasex | Tablets | 100 No'S,HIMALAYA,220.00,15,4.31,456,Health Concerns,In Stock
Himalaya Septilin | Tablets | 60 No'S,HIMALAYA,257.00,8,4.57,307,Health Concerns,In Stock
Woodwards Gripe Water - 200 Ml,WOODWARDS,100.00,3,4.61,479,Health Concerns,In Stock
Everherb Ashwagandha - Immunity Booster - Anxiety & Stress - Bottle Of 90 Capsules (By Pharmeasy),EVERHERB,749.00,48,3.96,159,Health Concerns,In Stock
Volini Maxx Pain Relief | Spray | 55 Gm,VOLINI,243.00,17,4.28,251,Health Concerns,In Stock
Zandu Triphala Tab 30`S,ZANDU,55.00,28,4.35,321,Health Concerns,In Stock
Aimil Neeri Strip Of 30 Tablets,AIMIL,193.00,27,4.33,58,Health Concerns,In Stock
Himalaya Cystone Tablets | 60 No'S,HIMALAYA,243.00,12,4.45,201,Health Concerns,In Stock
Cipzer Laooq Badam | Relieves Hoarseness & Supports Respiratory Health | For Tuberculosis | 125 Gm,CIPZER,499.00,10,Not found,201,Health Concerns,In Stock
Puraroma Stress Relief Roll On - 8 Ml,PURAROMA,1349.00,14,Not found,201,Health Concerns,In Stock
Kramson Gauze Swab 7.5cmx7.5cmx12ply 4'S,KRAMSON,66.00,9,Not found,201,Health Concerns,In Stock
Cipzer Roghan Kadu 20ml | Supports Mental Relaxation| Sleep & Brain Wellness,CIPZER,499.00,10,Not found,201,Health Concerns,In Stock
Dhootapapeshwar Shatavari Kalpa - 350g,DHOOTAPAPESHWAR,323.00,0,4.2,5,Health Concerns,In Stock
Cipzer Majun-E-Flasifa 125g | Supports Energy| Stamina & Kidney Wellness,CIPZER,499.00,10,Not found,5,Health Concerns,In Stock
Slaney Slanac Gel 50 G,SLANEY HEALTHCARE,161.00,9,Not found,5,Health Concerns,In Stock
Bixa Botanical Senna Leaves Powder 200g,BIXA BOTANICAL,345.00,15,Not found,5,Health Concerns,In Stock
Kramson Gauze Swab 10cmx10cmx12ply 4'S,KRAMSON,75.00,9,Not found,5,Health Concerns,In Stock
Herbal Hills Punarnavahills 120 Capsule,HERBAL HILLS,425.00,0,Not found,5,Health Concerns,In Stock
Puraroma Headache Relief Roll On - 8 Ml,PURAROMA,1349.00,14,Not found,5,Health Concerns,In Stock
Jeena Sikho Stoni | Herbal Supplements For Kidney Care | Kidney Wellness | 60 Capsules,JEENA SIKHO,1406.00,1,Not found,5,Health Concerns,In Stock
Jeena Sikho Pilfree | Herbal Supplement For Piles Care | 60 Capsules,JEENA SIKHO,1406.00,1,Not found,5,Health Concerns,In Stock
Puraroma True Lavender Essential Oil - 10 Ml,PURAROMA,1599.00,15,Not found,5,Health Concerns,In Stock
Cipzer Habb-E-Bawaseer Damiya 50 Pills | Herbal Support For Piles| Fistula & Fissure Relief,CIPZER,499.00,10,Not found,5,Health Concerns,In Stock
Jeena Sikho Punarnava | Natural Supplement For Kidney Health | Good Gut Health 60 Tablets,JEENA SIKHO,199.00,5,Not found,5,Health Concerns,In Stock
Cipzer Stone Breaker Syrup 100ml | Supports Kidney Health & Urinary Wellness,CIPZER,499.00,10,Not found,5,Health Concerns,In Stock
Baidyanath Sitopaladi Churna 60g | Supports Healthy Respiratory System | Provides Nutrition & Energy,BAIDYANATH,160.00,18,Not found,5,Health Concerns,In Stock
Fibrosol Powder,HAPDCO,200.00,15,Not found,5,Health Concerns,In Stock
Hidroquin Whitening Gel 50ml,HIDROQUIN,3550.00,5,Not found,5,Health Concerns,In Stock
Jeena Sikho Super Urja | Herbal Supplement For Energy Booster | 60 Tablets,JEENA SIKHO,3938.00,2,Not found,5,Health Concerns,In Stock
Swayamacare Nano-Deca Sachets - 15 Sachets,SWAYAMACARE,2160.00,15,Not found,5,Health Concerns,In Stock
Healthvit Ginkgo Biloba ( Supports Memory Focus & Clarity ) - 60mg - 60 Capsules,HEALTHVIT,600.00,16,Not found,5,Health Concerns,In Stock
Hashmi Extream X Plus Capsule 20,HASHMI,2446.00,6,4,2,Health Concerns,In Stock
Jeena Sikho Hriday Shuddhi Kwath | Kashmiri Desi Kahwa Green Tea | 100 Gm,JEENA SIKHO,366.00,1,Not found,2,Health Concerns,In Stock
Jeena Sikho Hridyacare Tonic Natural Heart Care Expert | 450 Ml,JEENA SIKHO,984.00,2,Not found,2,Health Concerns,In Stock
Jeena Sikho Shuddh Prakritik Shahad/Honey/Shahad Original/Shahad 500gm,JEENA SIKHO,465.00,4,Not found,2,Health Concerns,In Stock
Puraroma Quality Sleep Roll On - 8 Ml,PURAROMA,1349.00,14,Not found,2,Health Concerns,In Stock
Krishna'S Bael Juice -1 Litre,KRISHNA'S HERBAL & AYURVEDA,421.00,0,Not found,2,Health Concerns,In Stock
Baidyanath Asli Ayurved Sarivadyarishta 450 Ml (Pack Of 2),BAIDYANATH,380.00,16,5,1,Health Concerns,In Stock
Oziva Collagen Builder Powder - Berry Orange 200 Gm,OZIVA,929.00,6,Not found,1,Health Concerns,In Stock
Baidyanath Asli Ayurved Gaisantak Bati 50 Tablets (Pack Of 3) Gas Relief | Natural Constipation,BAIDYANATH,225.00,16,4,1,Health Concerns,In Stock
Baidyanath Asli Ayurved Amoebica For Amoebiosis Ayurvedic Diarrhea Medicine | 740g 100 Tablet,BAIDYANATH,487.00,27,5,2,Health Concerns,In Stock
Himalaya Pilex Bottle Of 60 Tablets (Pack Of 2),HIMALAYA,468.00,6,4,3,Health Concerns,In Stock
Baidyanath Asli Ayurved Madiphal Rasayana / Matulanga Rasayanam - 450 Ml,BAIDYANATH,250.00,14,4.17,6,Health Concerns,In Stock
Baidyanath Asli Ayurved Paripathadi Kadha 450 Ml,BAIDYANATH,235.00,11,5,4,Health Concerns,In Stock
Dabur Vasant Kusumakar Ras Gold 100 Tablets,DABUR,10750.00,28,4.57,7,Health Concerns,In Stock
Baidyanath Asli Ayurved Gaisantak Bati 100 Tablet (Pack Of 2) Gas Relief | Natural Constipation,BAIDYANATH,280.00,26,4,2,Health Concerns,In Stock
Liveasy Wellness Nasal Spray 10 Ml,LIVEASY,89.00,15,3.5,26,Health Concerns,In Stock
Livodex Drops Liver Health 30 Ml | Liver Health Supplement | Detox Liver| Fatty Liver (Pack Of 2),LIVODEX,180.00,10,Not found,26,Health Concerns,In Stock
Rejunex Od Strip Of 10 Capsules,REJUNEX,241.88,8,4.48,58,Health Concerns,In Stock
Liveasy Pain Relief Balm - 45 Gm - Fast Action & Absorption,LIVEASY,121.00,15,4.11,152,Health Concerns,In Stock
Pharmeasy Optima All In One Vaporizer,PHARMEASY,599.00,50,3.33,93,Health Concerns,In Stock
Volini Maxx Pain Relief | Spray | 55 Gm,VOLINI,243.00,17,4.28,251,Health Concerns,In Stock
Iodex Balm 8gm,IODEX,45.00,0,4.48,56,Health Concerns,In Stock
Zandu Triphala Tab 30`S,ZANDU,55.00,28,4.35,321,Health Concerns,In Stock
Zandu Pain Relief Balm Bottle Of 25 Ml,ZANDU,125.00,5,4.48,287,Health Concerns,In Stock
Softovac Bowel Regulator For Constipation Powder 100 Gm,SOFTOVAC,210.50,15,4.31,276,Health Concerns,In Stock
Aimil Neeri Strip Of 30 Tablets,AIMIL,193.00,27,4.33,58,Health Concerns,In Stock
Zandu Nityam Ayurvedic Vati Constipation Tablets Box Of 10 'S,ZANDU,42.00,9,4.28,162,Health Concerns,In Stock
Omnigel Gel 50gm,OMNIGEL,203.12,41,4.13,68,Health Concerns,In Stock
Omnigel Spray 75gm,OMNIGEL,281.37,39,4.2,85,Health Concerns,In Stock
Zandu Ultra Power Balm 8 Ml,ZANDU,48.00,0,4.42,465,Health Concerns,In Stock
Himalaya Cystone Tablets | 60 No'S,HIMALAYA,243.00,12,4.45,201,Health Concerns,In Stock
Everherb Karela - Blood Sugar Control - Lowers Bad Cholestrol - Bottle Of 60 Capsules (By Pharmeasy),EVERHERB,561.56,49,3.75,211,Health Concerns,In Stock
Oxalgin Nano Gel 30gm,OXALGIN,208.20,15,4.38,133,Health Concerns,In Stock
Omnigel Gel 30 Gm,OMNIGEL,150.97,39,4,33,Health Concerns,In Stock
Baidyanath Asli Ayurved Isabgol -Psyllium Husk Powder| Rich Fibre | Constipation Relief - 200g,BAIDYANATH,370.00,22,4.4,186,Health Concerns,In Stock
Moov Pain Relief Specialist Active Spray 50gm,MOOV,233.00,0,4.29,95,Health Concerns,In Stock
Acne Oc Sebum Regulating Moisturizer | Tube | 75 Gm,ACNE,618.00,0,4.44,88,Health Concerns,In Stock
Cremaffin Fresh Strip Of 10 Tablets,CREMAFFIN,12.44,0,4.11,135,Health Concerns,In Stock
Volini Maxx Pain Relief | Spray | 25 Gm,VOLINI,110.00,15,4.27,150,Health Concerns,In Stock
Voveran 1% Emulgel 50gm,VOVERAN,301.17,16,4.67,52,Health Concerns,In Stock
Eyemist Forte Eye Drops 10ml,EYEMIST,276.56,8,4.41,32,Health Concerns,In Stock
Softovac Bowel Regulator For Constipation Powder 450 Gm,SOFTOVAC,653.50,13,4.14,198,Health Concerns,In Stock
Himalaya Liv.52 | Syrup | 200 Ml,HIMALAYA,234.37,3,4.43,444,Health Concerns,In Stock
Moov Pain Relief Specialist Tube Of 20gm Ointment,MOOV,123.00,0,2.5,2,Health Concerns,In Stock
Candid Tv Suspension 75ml,CANDID,362.82,16,4.18,142,Health Concerns,In Stock
Himalaya Pilex Forte Tube Of 30gm Ointment,PILEX,150.00,0,4.14,35,Health Concerns,In Stock
Iodex Ultra Plus Body Pain Expert Gel 30 Gm,IODEX,140.62,0,3.95,365,Health Concerns,In Stock
Liveasy Pain Relief Gel - 30 Gm Tube - Lower Back Pain | Sprain | Neck & Joint Pain,LIVEASY,102.00,15,4,103,Health Concerns,In Stock
Softovac Sf Bowel Regulator For Constipation Powder 100 Gm,SOFTOVAC,245.00,13,4.24,337,Health Concerns,In Stock
Vicks Vaporub Xtra Strong 25 Ml Relief From Cold Cough Headache And Body Pain,VICKS,117.00,0,4.61,41,Health Concerns,In Stock
Sebonac Gel 30gm,SEBONAC,337.50,6,2.75,4,Health Concerns,In Stock
Muout Plus Powder 119gm,MUOUT,349.68,6,4.32,97,Health Concerns,In Stock
Liveril Forte Strip Of 15 Tablets,LIVERIL,384.00,21,4.32,25,Health Concerns,In Stock
Pharmeasy Vitamin D3 - Supports Bone Health - Helps In Absorption Of Calcium - Bottle Of 60,PHARMEASY,608.00,47,4.07,60,Health Concerns,In Stock
Woodwards Gripe Water - 130 Ml,WOODWARDS,65.00,0,4.47,161,Health Concerns,In Stock
Candid Clotrimazole Cream | Tube | 30 Gm,CANDID,94.50,1,4,31,Health Concerns,In Stock
Canesten Cream 30gm,CANESTEN,93.75,0,4.53,34,Health Concerns,In Stock
Himalaya Koflet Sf Orange Flavour Strip Of 6 Lozenges,KOFLET SF,33.00,8,4.5,2,Health Concerns,In Stock
Systaflam Gel 50gm,SYSTAFLAM,142.50,0,4.54,68,Health Concerns,In Stock
Eyemist Tube Of 10gm Eye Gel,EYEMIST,421.88,9,4.39,98,Health Concerns,In Stock
Caladryl Skin Allergy Lotion For Rashes | Sunburn | Prickly Heat And Insect Bites- 125ml,CALADRYL,119.61,0,4.51,123,Health Concerns,In Stock
Hyalugel Hyaluronic Acid Gel | 30 Gm,HYALUGEL,270.00,8,4.15,84,Health Concerns,In Stock
Eno Fruit Salt Lemon 100 Gm,ENO,173.00,6,4.45,123,Health Concerns,In Stock
Sensur Oil Roll On - 10ml,SENSUR,143.50,9,3.93,28,Health Concerns,In Stock
Vicks Babyrub Soothing Balm For Babies Bottle Of 50 Ml,VICKS,201.56,0,3.98,56,Health Concerns,In Stock
Mychiro Strip Of 10 Tablets,MYCHIRO,301.47,7,4.14,28,Health Concerns,In Stock
Acnestar 2.5% Soap 75gm,ACNESTAR,97.88,3,4.4,5,Health Concerns,In Stock
Revilus Kz Anti-Dandruff Lotion With Ketoconazole & Zpt Treats Dandruff Promotes Healthy Scalp 100ml,REVILUS KZ,513.00,17,4,50,Health Concerns,In Stock
Liveasy Pain Relief Spray - 55 Gm - Lower Back Pain | Sprain | Neck & Joint Pain,LIVEASY,205.00,15,3.92,73,Health Concerns,In Stock
Buscogast 10mg Strip Of 10 Tablets,BUSCOGAST,45.78,0,4.17,71,Health Concerns,In Stock
Naselin Nasal Spray Bottle Of 10 Ml,NASELIN,95.25,16,4.38,47,Health Concerns,In Stock
Eno Fruit Salt Orange Antacid Sachet Of 5 Gm,ENO,9.00,5,4.37,460,Health Concerns,In Stock
Himalaya Mentat | Tablets | 60 No'S,HIMALAYA,206.00,10,4.32,119,Health Concerns,In Stock
Volini Maxx Pain Relief | Gel | 30 Gm,VOLINI,167.00,6,3.99,83,Health Concerns,In Stock
Vicks Babyrub 10ml Comfort For Babies 10 Ml,VICKS,51.00,0,4.49,86,Health Concerns,In Stock
Dabur Hajmola Tablets Regular 120 Tablets,DABUR,65.00,0,4.43,304,Health Concerns,In Stock
Everherb Jointcare - Blend Of 9 Powerful Herbs - Joint & Bone - Bottle Of 60 Tablets (By Pharmeasy),EVERHERB,888.94,49,4.19,108,Health Concerns,In Stock
Abzorb Antifungal Soap 100gm,ABZORB,153.00,0,4.33,98,Health Concerns,In Stock
Dermadew Acne Soap 75gm,DERMADEW,186.87,2,4.47,17,Health Concerns,In Stock
Voveran 1% Emulgel 30gm,VOVERAN,170.63,3,4.1,21,Health Concerns,In Stock
Cofsils Naturals Cough Syrup Bottle 100 Ml,COFSILS,84.38,28,4.05,64,Health Concerns,In Stock
Candid 1% Lotion 30ml,CANDID,133.06,0,4.2,75,Health Concerns,In Stock
Dulcoflex 10mg Suppository For Adults - 5'S,DULCOFLEX,230.88,13,3.94,82,Health Concerns,In Stock
Omnigel Gel 100gm,OMNIGEL,294.93,41,4.04,71,Health Concerns,In Stock
Acrofy Acne Lotion | For Sebum Control | Bottle | 50gm,ACROFY,871.50,12,4.29,14,Health Concerns,In Stock
Macgesia Bottle Of 50ml Oil,MACGESIA,179.52,12,4.74,34,Health Concerns,In Stock
Himalaya Rumalaya Liniment 60 Ml,RUMALAYA,168.00,2,4.48,25,Health Concerns,In Stock
Himalaya Herbolax | Tablets | 100 No'S,HIMALAYA,220.00,10,4.33,94,Health Concerns,In Stock
Krishna'S Diabic Care Juice - 1 Litre,KRISHNA'S HERBAL & AYURVEDA,459.00,0,3.63,19,Health Concerns,In Stock
Cosglo New Tube Of 30gm Cream,COSGLO,692.00,9,4.06,50,Health Concerns,In Stock
Amrolstar Tube Of 30gm Cream,AMROLSTAR,323.35,7,4.67,6,Health Concerns,In Stock
Naturolax A Tasty Orange Flavour Powder For Constipation With 10% Extra-110gm,NATUROLAX,200.00,0,3.91,11,Health Concerns,In Stock
Himalaya Karela Metabolic Wellness | Tablets | 60 No'S,HIMALAYA,300.00,14,4.1,42,Health Concerns,In Stock
Omnigel Gel 10gm,OMNIGEL,67.34,29,3.5,12,Health Concerns,In Stock
Digene Gel Acidity & Gas Relief - 200ml Mixed Fruit Flavour Sugar Free,DIGENE,173.61,3,4.3,74,Health Concerns,In Stock
Essentiale L 1gm Strip Of 10 Capsules,ESSENTIALE L,428.72,15,4.5,34,Health Concerns,In Stock
Candid Mouth Paint | Oral Thrush Treatment | Liquid | Bottle | 25 Ml,CANDID,189.50,0,4,10,Health Concerns,In Stock
Himalaya Liv.52 | Syrup | 100 Ml,HIMALAYA,140.00,3,4.67,18,Health Concerns,In Stock
Baidyanath Asli Ayurved Triphala Churna 500 Gms | Natural Laxative For Constipation,BAIDYANATH,220.00,9,3.94,34,Health Concerns,In Stock
Baidyanath Asli Ayurved Tal Sindoor 1 G (Pack Of 2),BAIDYANATH,210.00,10,Not found,34,Health Concerns,In Stock
Sebogel Salicylic Acid & Nicotinamide Gel For Pimples And Oily Skin - 30 Gm,SEBOGEL,249.99,4,4.26,76,Health Concerns,In Stock
Neurozan 400 Iu Strip Of 10 Tablets,NEUROZAN,242.00,24,3.7,10,Health Concerns,In Stock
Aimil Neeri | Burning Micturition & Urinary Tract Infections | Bottle | Syrup | 200 Ml,AIMIL,317.00,15,4.29,21,Health Concerns,In Stock
Mederma Advanced Plus Tube Of 10gm Scar Gel,MEDERMA,530.00,0,3.58,12,Health Concerns,In Stock
Dhootapapeshwar Shatavari Kalpa - 600g,DHOOTAPAPESHWAR,498.00,0,3.92,25,Health Concerns,In Stock
Cudo Forte Strip Of 10 Capsules,CUDO,1761.86,10,3.99,72,Health Concerns,In Stock
Moov Pain Relief Specialist Active Spray 80gm,MOOV,339.00,0,4,7,Health Concerns,In Stock
Baidyanath Asli Ayurved Isabgol Psyllium Husk Powder | Constipation Relief | 200g,BAIDYANATH,370.00,22,4.19,53,Health Concerns,In Stock
Baidyanath Asli Ayurved Sitopaladi Churna - 60 Gm (Pack Of 2) For Dry Wet And Allergic Cough,BAIDYANATH,320.00,25,4.58,19,Health Concerns,In Stock
Baidyanath Asli Ayurved Isabgol -Psyllium Husk Powder| Rich Fibre | Constipation Relief - 100g,BAIDYANATH,195.00,15,4.37,139,Health Concerns,In Stock
Himalaya Liv.52 Ds | Syrup | 200 Ml,HIMALAYA,328.13,3,4.46,223,Health Concerns,In Stock
Eno Fruit Salt Regular Fast Relief From Acidity Jar Of 100 Gm,ENO,173.00,6,4.2,41,Health Concerns,In Stock
Omni Gel Spray 35gm,OMNIGEL,148.91,28,4.35,17,Health Concerns,In Stock
Fij Ayurveda Ashwagandha Capsule Helps Anxiety & Stress Relief For Men & Women - 500mg 60 Capsules,FIJ AYURVEDA,599.00,34,Not found,17,Health Concerns,In Stock
Cosmelite Next Cream 30gm,COSMELITE,692.00,8,4,4,Health Concerns,In Stock
Himalaya Pilex Forte Strip Of 30 Tablets,HIMALAYA,154.00,0,4.36,11,Health Concerns,In Stock
Caladryl Skin Allergy Lotion For Rashes | Sunburn | Prickly Heat And Insect Bites- 65ml,CALADRYL,82.49,0,4,33,Health Concerns,In Stock
Cipzer Gas-S Pills100 Pills | Supports Digestive Comfort & Helps Manage Gas & Acidity,CIPZER,499.00,10,Not found,33,Health Concerns,In Stock
Omnigel Spray 55gm,OMNIGEL,247.05,40,4.1,31,Health Concerns,In Stock
Himalaya Koflet-H | For Relief From Cough & Sore Throat | Orange Flavour | Lozenges | 6 No'S,HIMALAYA,28.00,14,3.88,16,Health Concerns,In Stock
Iodex Ultra Plus Body Pain Expert Gel 50 Gm,IODEX,187.50,8,4.7,10,Health Concerns,In Stock
Hydroheal Am Tube Of 50gm Gel,HYDROHEAL,541.36,15,4.22,9,Health Concerns,In Stock
New Amrutanjan Faster Relaxation Headache Roll-On Bottle Of 5 Ml,AMRUTANJAN,38.00,0,4.37,143,Health Concerns,In Stock
Dynapar Tube Of 30gm Gel,DYNAPAR,158.81,14,4.67,36,Health Concerns,In Stock
Himalaya Cystone Forte Tablets - 30'S,HIMALAYA,159.00,11,4.16,56,Health Concerns,In Stock
Fixderma Nigrifix Cream 50gm,FIXDERMA,450.00,20,3.75,8,Health Concerns,In Stock
Himalaya Bonnisan Liquid 200ml,BONNISAN,145.01,0,4.71,14,Health Concerns,In Stock
Zandu Ultra Power Balm (25ml),ZANDU,125.00,5,4.21,48,Health Concerns,In Stock
Moiste Aloe Vera Cream 50 Gm,MOISTE,151.75,10,4.08,12,Health Concerns,In Stock
Baidyanath Asli Ayurved Shankhapushpi Syrup 200 Ml (Pack Of 2),BAIDYANATH,260.00,30,3.43,7,Health Concerns,In Stock
Cipladine 5% Bottle Of 10gm Powder,CIPLADINE,84.40,30,4.56,9,Health Concerns,In Stock
Moov Pain Relief Specialist Ointment 4g + 1g (Free),MOOV,14.00,0,4.62,55,Health Concerns,In Stock
Unienzyme Xt Tablet 15 No'S,UNIENZYME,159.36,5,2.17,6,Health Concerns,In Stock
Dr Ortho Pain Relief Ointment Tube Of 30 G,DR ORTHO,91.00,29,3.81,42,Health Concerns,In Stock
Himalaya Bresol Tablets - 60'S,HIMALAYA,248.00,12,4.51,72,Health Concerns,In Stock
Himalaya Himcocid Mint Flavour Sugar Free Antacid Suspension 200 Ml,HIMCOCID,145.01,5,2.91,11,Health Concerns,In Stock
Baidyanath Asli Ayurved Mahasudarshan Kadha 450 Ml,BAIDYANATH,225.00,9,4.23,13,Health Concerns,In Stock
Pet Saffa Natural Laxative Granules Bottle Of 200 G,PET SAFFA,178.00,16,4.28,85,Health Concerns,In Stock
Cosglo Tube Of 15gm Gel,COSGLO,491.00,13,4.5,2,Health Concerns,In Stock
Keto Bottle Of 100gm Dusting Powder,KETO,190.00,14,4.2,5,Health Concerns,In Stock
Dulcoflex 5mg Suppository For Children - 5'S,DULCOFLEX,53.25,0,3.82,60,Health Concerns,In Stock
Sorilast Ultra Moisturising Complex Cream 150g,SORILAST,536.99,0,4,1,Health Concerns,In Stock
Avarta Lightening Under Eye Cream Reduces Dark Circles & Pigmentation For Firm Under Eyes Skin 10g,AVARTA,912.00,8,3.82,11,Health Concerns,In Stock
Calapure A Lotion 100ml,CALAPURE A,259.00,10,4.41,22,Health Concerns,In Stock
Aimil Amlycure Ds Strip Of 20 Capsules,AIMIL,202.00,13,4.35,20,Health Concerns,In Stock
Flucos Bottle Of 100gm Dusting Powder,FLUCOS,192.81,9,4.46,24,Health Concerns,In Stock
Eyebliss Under Eye Cream 15gm,EYEBLISS,475.00,10,3.2,20,Health Concerns,In Stock
Dabur Pudin Hara Active Antacid Bottle Of 30 Ml,DABUR,56.00,0,4.57,95,Health Concerns,In Stock
Pet Saffa Natural Laxative Granules Bottle Of 120 G,PET SAFFA,117.00,0,4.37,54,Health Concerns,In Stock
Melalumin Depigmenting Cream - Tube Of 20g,MELALUMIN,605.00,9,5,2,Health Concerns,In Stock
Nicotex Nicotine Transdermal Patch 21mg | Step 1 Of 3| Helps Quit Smoking | 7 Patches,NICOTEX,825.00,13,3.84,31,Health Concerns,In Stock
Gas-O-Fast Guava Sachet 5 Gm,GAS-O-FAST,9.00,0,4.5,2,Health Concerns,In Stock
Ring Guard Anti Fungal Cream Tube Of 12gm,RING GUARD,92.84,0,4.11,27,Health Concerns,In Stock
Itchguard Plus Cream With Cooling Menthol 20g,ITCHGUARD,112.15,5,4.35,103,Health Concerns,In Stock
Gelusil Mps Xtra Cool Mint Flavour Sugar Free Bottle Of 200ml Liquid,GELUSIL,143.34,0,4.24,17,Health Concerns,In Stock
Himalaya Koflet Clove Licorice & Trikatu Lozenges Jar 160+40 Free 200 No'S,HIMALAYA,375.00,7,3.75,12,Health Concerns,In Stock
Medkin Ad Anti Dandruff Shampoo 200 Ml,MEDKIN,698.00,12,2,1,Health Concerns,In Stock
Cetaphil Gentle Skin Cleanser | Dry To Normal Sensitive Skin | 125 Ml,CETAPHIL,429.00,7,4.35,196,Explore More,In Stock
Supradyn Daily Multivitamin For Men & Women Builds Energy & Immunity Strip Of 15 Tablets,SUPRADYN,68.39,6,4.38,1339,Explore More,In Stock
Venusia Max Intensive Moisturizing | Normal To Dry Skin | Lotion | 500 Gm,VENUSIA,1317.00,18,4.49,365,Explore More,In Stock
Shelcal 500mg Strip Of 15 Tablets,SHELCAL,163.45,7,4.3,1350,Explore More,In Stock
Purna Gummies Complete Beauty Multivitamin Strawberry Gummies - 30,PURNA GUMMIES,499.00,0,4.25,4,Explore More,In Stock
Optimum Nutrition (On) Gold Standard 100% Whey Protein Double Rich Chocolate Flavour 907gm Powder,OPTIMUM NUTRITION,3779.00,0,3.75,8,Explore More,In Stock
Neurobion Forte | Relief From Tingling | Numbness & Weakness | Strip Of 30 Tablets,NEUROBION,47.53,0,4.41,3483,Explore More,In Stock
Volini Pain Relief | Gel | 75 Gm,VOLINI,272.00,13,4.42,980,Explore More,In Stock
Vicks Vaporub 25ml Relief From Cold Cough Headache And Body Pain,VICKS,102.00,0,4.36,665,Explore More,In Stock
Zincovit Strip Of 15 Tablets (Green),ZINCOVIT,107.67,9,4.22,503,Explore More,In Stock
Evion 400mg | Vitamin E | Antioxidant To Repair & Protect Cells | Strip Of 20 Capsules,EVION,89.57,10,4.28,651,Explore More,In Stock
Everherb Karela Jamun Juice - Helps Maintains Sugar Levels & Weight Management - 1 L (By Pharmeasy),EVERHERB,374.00,44,4.03,2242,Explore More,In Stock
Calcimax Forte Plus Strip Of 30 Tablets,CALCIMAX,293.00,16,4.49,785,Explore More,In Stock
Soframycin Multi-Purpose Antiseptic Cream For Cuts | Wounds | Burns | Skin Infection | 30 Gm,SOFRAMYCIN,53.53,0,4.25,56,Explore More,In Stock
Dr. Morepen Gluco One Blood Glucose Test Strip | Bg-03 | 50 No'S,DR MOREPEN,795.00,25,4.42,3843,Explore More,In Stock
Candid Dusting Powder | Bottle | 120 Gm,CANDID,174.00,4,4.42,439,Explore More,In Stock
New Saridon Strip Of 10 Tablets,SARIDON,51.55,0,4.04,83,Explore More,In Stock
Unienzyme Strip Of 15 Tablets,UNIENZYME,96.56,3,4.48,644,Explore More,In Stock
Calcimax 500mg Strip Of 30 Tablets,CALCIMAX,379.00,27,4.36,618,Explore More,In Stock
Evion 600mg | Vitamin E | Antioxidant To Repair & Protect Cells | Strip Of 10 Capsules,EVION,64.42,8,4.42,376,Explore More,In Stock
Cofsils Ginger Lemon Lozenges Strip Of 10,COFSILS,35.62,0,4.38,484,Explore More,In Stock
Gas-O-Fast Active Jeera Antacid Sachet Of 5 G,GAS-O-FAST,9.37,0,4.45,705,Explore More,In Stock
Scalpe Plus Expert Anti-Dandruff Shampoo With Ketoconazole | 75ml,SCALPE,344.40,14,4.37,978,Explore More,In Stock
Abzorb Total Skin Relief Dusting Powder (20% Extra) Bottle Of 120gm,ABZORB,164.00,5,4.58,57,Explore More,In Stock
Volini Pain Relief | Gel | 75 Gm,VOLINI,272.00,13,4.42,980,Explore More,In Stock
Accu-Chek Active Glucometer Test Strips Box Of 50,ACCU-CHEK,1115.00,8,4.16,2460,Explore More,In Stock
Himalaya Liv.52 Ds | Tablets | 60 No'S,HIMALAYA,281.00,12,4.46,1191,Explore More,In Stock
Pharmeasy Pill Box Organizer,PHARMEASY,499.00,40,3.23,919,Explore More,In Stock
Calcimax P Suspension 200ml,CALCIMAX P,175.00,4,4.39,56,Explore More,In Stock
Livogen Z| Management Of Iron Deficiency Anemia | Strip Of 15 Tablets,LIVOGEN Z,108.92,12,4.45,224,Explore More,In Stock
Becozym C Forte B Complex With Vitamin C And Biotin Strip Of 20 Tablets,BECOZYMC,45.00,0,4.21,56,Explore More,In Stock
Accu-Chek Instant | 50 Test Strips,ACCU-CHEK,1115.00,8,4.18,1677,Explore More,In Stock
Eno Fruit Salt Powder | Lemon | Sachet | 5 Gm,ENO,10.00,6,4.38,631,Explore More,In Stock
Shelcal 250mg Strip Of 30 Tablets,SHELCAL,148.75,8,3.96,47,Explore More,In Stock
Evion 200mg | Vitamin E | Antioxidant To Repair & Protect Cells | Strip Of 10 Capsules,EVION,26.20,0,4.1,40,Explore More,In Stock
Liveasy Healthy Roasted Seed Mix - Blend Of 6 Fibre Rich Healthy Roasted Seeds - 200 Gms,LIVEASY,374.00,42,4.09,672,Explore More,In Stock
Prega News Pregnancy Test Kit,PREGA NEWS,60.00,1,4.38,744,Explore More,In Stock
Digene Acidity & Gas Relief Tablets 15'S- Orange Flavour,DIGENE,30.10,4,4.37,813,Explore More,In Stock
Everherb Aloe Vera Juice With Pulp - Rejuvenates Skin & Hair - 1l Bottle (By Pharmeasy),EVERHERB,374.00,47,4.0,797,Explore More,In Stock
Clocip Anti Fungal Powder Of 100 Gm,CLOCIP,140.00,29,4.47,452,Explore More,In Stock
Himalaya Liv.52 | Tablets | 100 No'S,HIMALAYA,220.00,9,4.46,709,Explore More,In Stock
Supradyn Daily Multivitamin For Men & Women Builds Energy & Immunity Bottle Of 60 Tablets,SUPRADYN,267.00,13,4.35,94,Explore More,In Stock
Candid Dusting Powder | Anti Perspirant | Anti Fungal | Bottle | 250 Gm,CANDID,256.41,6,4.42,219,Explore More,In Stock
Seven Seas Original Cod Liver Oil | For Immunity |Brain | Bone Health | Pure Omega 3 | 100 Capsules,SEVENSEAS,398.16,14,4.38,192,Explore More,In Stock
Everherb Amla Juice - Rich In Vitamin C - Natural Immunity Booster - 1l Bottle (By Pharmeasy),EVERHERB,374.00,50,3.95,693,Explore More,In Stock
Saridon Advance For 5 In 1 Pain Relief Strip Of 10 Tablets,SARIDON,59.00,0,4.04,196,Explore More,In Stock
Everherb Pain Relief Oil - Blend Of 8 Powerful Herbal Ingredients - 100 Ml (By Pharmeasy),EVERHERB,374.00,48,3.93,801,Explore More,In Stock
Zincovit Bottle Of 200ml Syrup (Green),ZINCOVIT,160.17,0,4.08,50,Explore More,In Stock
Venusia Max Intensive Moisturizing | Normal To Dry Skin | Lotion | 500 Gm,VENUSIA,1317.00,18,4.49,365,Explore More,In Stock
Pharmeasy Calcium Magnesium Vitamin D3 & Zinc - Bones & Dental Health - Bottle 60,PHARMEASY,533.00,43,3.85,404,Explore More,In Stock
Photostable Gold Matte Finish Spf 55 Sunscreen Gel 50g,PHOTOSTABLE,945.00,5,4.34,83,Explore More,In Stock
Omnigel Gel 75gm,OMNIGEL,288.23,39,4.31,292,Explore More,In Stock
Liveasy Wellness Calcium Magnesium Vitamin D3 & Zinc - Bones & Dental Health - Bottle 60 Tabs,LIVEASY,533.00,43,4.14,583,Explore More,In Stock
Otrivin Oxy Fast Relief Adult Bottle Of 10ml Nasal Spray,OTRIVIN,120.79,11,4.43,111,Explore More,In Stock
Venusia Max Intensive Moisturizing | For Dry And Very Dry Skin | Cream | 150 Gm,VENUSIA,739.00,12,4.5,571,Explore More,In Stock
D-Protein Powder | Diabetes Care | Chocolate | Jar | 500 Gm,D-PROTIN,652.00,8,4.53,2510,Explore More,In Stock
Iodex Body Pain Expert Relief Pain Balm 40 Gm,IODEX,190.00,0,4.4,226,Explore More,In Stock
Novofine 31gx6mm Box Of 5 Needles,NOVOFINE,77.86,0,4.39,89,Explore More,In Stock
Himalaya Ashwagandha Immunity Booster Tablets Bottle Of 60,HIMALAYA,260.00,13,4.34,219,Explore More,In Stock
Zandu Nityam Ayurvedic Vati 30 Tablets,ZANDU,117.00,13,4.5,401,Explore More,In Stock
Mildy Tube Of 100ml Shampoo,MILDY,200.00,0,4.48,86,Explore More,In Stock
Softovac Bowel Regulator For Constipation Powder 250 Gm,SOFTOVAC,445.00,15,4.37,530,Explore More,In Stock
Pharmeasy Fish Oil 1000mg Soft Gelatin 60 Capsules,PHARMEASY,578.00,46,4.47,79,Explore More,In Stock
Everherb Flaxseed Omega 3 - Essential Fatty Acids - Healthy Heart - Bottle Of 60 (By Pharmeasy),EVERHERB,749.00,48,4.15,316,Explore More,In Stock
Digene For Acidity & Gas Relief Mint Flavour Sugar Free Bottle Of 450ml Gel,DIGENE,272.07,13,4.53,685,Explore More,In Stock
Gelusil Mps Original Mint Flavour Sugar Free Bottle Of 200ml Liquid,GELUSIL,173.52,0,4.36,113,Explore More,In Stock
Seacod Cod Fish Liver Oil 100 Softgel Capsules With Natural Epa & Dha 100 Capsules,SEACOD,462.00,19,4.33,90,Explore More,In Stock
Contour Plus | Box | Test Strip | 50 No'S,CONTOUR,1077.20,6,4.51,805,Explore More,In Stock
Threptin Vanilla Butterscotch Nutrition Diskettes Tin Of 275 G,THREPTIN,453.50,4,4.43,701,Explore More,In Stock
Volini Pain Relief | Spray | 15 Gm,VOLINI,77.00,6,4.33,694,Explore More,In Stock
Dettol Germ Defence Antiseptic Liquid | Bottle | 250 Ml,DETTOL,159.37,0,4.43,376,Explore More,In Stock
Cremaffin Mixed Fruit Flavour Sugar Free Constipation Relief Bottle Of 450ml Syrup,CREMAFFIN,383.63,6,4.18,114,Explore More,In Stock
Liveasy Wellness Multivitamin Multimineral - Immunity Booster - Complete Nutrition - Bottle Of 60,LIVEASY,622.00,40,4.11,486,Explore More,In Stock
Cetaphil Gentle Skin Cleanser | Dry To Normal Sensitive Skin | 125 Ml,CETAPHIL,429.00,7,4.35,196,Explore More,In Stock
Volini Pain Relief | Gel | 100 Gm,VOLINI,349.00,11,4.44,322,Explore More,In Stock
Brinton Uv Doux Spf 50 Tube Of 50gm Silicone Sunscreen Gel,UV DOUX,845.00,17,4.45,116,Explore More,In Stock
Softovac Sf Constipation Powder Bottle Of 250 G,SOFTOVAC,492.00,15,4.37,572,Explore More,In Stock
Revital Men Complete Multivitamin | With Natural Ginseng | 60 Capsules,REVITAL,560.00,4,4.38,1016,Explore More,In Stock
Zandu Pain Relief Balm Bottle Of 50 Ml,ZANDU,175.00,6,4.42,260,Explore More,In Stock
Everherb Giloy Tulsi Juice - Boost Body Defence System - Immunity Booster- 1l Bottle (By Pharmeasy),EVERHERB,374.00,50,4.04,446,Explore More,In Stock
Maxirich Daily Multivitamin Strip Of 10 Softgel Capsules,MAXIRICH,114.78,27,4.29,410,Explore More,In Stock
Volini Pain Relief | Spray | 100 Gm,VOLINI,349.00,15,4.24,468,Explore More,In Stock
Liveasy Healthy Seed Mix - Blend Of 6 Fibre Rich Healthy Seeds - 200 Gms,LIVEASY,327.00,42,4.01,586,Explore More,In Stock
Dr Ortho An Ayurvedic Medicine Oil Bottle Of 120 Ml,DR ORTHO,276.00,4,4.38,419,Explore More,In Stock
Durex Extra Time Packet Of 10 Condoms,DUREX,324.00,31,3.95,188,Explore More,In Stock
Zandu Pancharishta Ayurvedic Digestive Tonic | 450ml,ZANDU,150.00,8,4.41,542,Explore More,In Stock
I-Can Pregnancy Kit |Urine Pregnancy Test Kit At Home | Pack Of 1,I CAN,56.25,32,4.12,354,Explore More,In Stock
Everherb Ashwagandha - Immunity Booster - Anxiety & Stress - Bottle Of 60 Capsules (By Pharmeasy),EVERHERB,562.00,48,3.87,450,Explore More,In Stock
Volini Pain Relief | Gel | 30 Gm,VOLINI,160.00,10,4.33,409,Explore More,In Stock
Sugar Free Gold Plus Sweetener Powder Jar Of 100 G,SUGAR FREE,154.00,4,4.5,375,Explore More,In Stock
B-Protin Chocolate Flavour Complete Nutrition Supplement Jar Of 500 Gm,B-PROTIN,575.00,9,4.45,893,Explore More,In Stock
Menopace Iso 100mg Gluten Free Strip Of 10 Veg Tablets,MENOPACE,272.00,11,4.09,22,Explore More,In Stock
Acne Uv Advanced Light Protection Spf 50+ Pa+++ Sunscreen Gel 50 Gm,ACNE,975.00,12,3.99,160,Explore More,In Stock
Pharmeasy Apple Cider Vinegar With Mother -Improves Metabolism- 500ml Bottle,PHARMEASY,649.00,53,3.62,128,Explore More,In Stock
Himalaya Gasex | Tablets | 100 No'S,HIMALAYA,220.00,15,4.31,456,Explore More,In Stock
Pharmeasy Biotin 10000mcg - For Hair | Skin & Nails - Bottle Of 60,PHARMEASY,655.00,44,3.83,127,Explore More,In Stock
Revital Men Complete Multivitamin | With Natural Ginseng | 30 Capsules,REVITAL,293.00,4,4.37,612,Explore More,In Stock
Episoft Ac Moisturizer | With Microencapsulated Suncreen | Spf 30 | 75 Gm,EPISOFT,639.01,7,4.25,154,Explore More,In Stock
Nasivion Classic Adult Nasal Drops | Fast & Long Lasting Relief From Blocked Nose | 10 Ml,NASIVION,112.41,8,4.28,43,Explore More,In Stock
Senquel F Fast Relief & Enamel Protection For Sensitive Teeth Sugar Free Toothpaste 100 Gm,SENQUEL,190.00,0,4.58,19,Explore More,In Stock
I Site Af Strip Of 10 Capsules,I SITE,262.50,7,4.28,167,Explore More,In Stock
Moiz Cleansing Lotion - Face & Body 400ml,MOIZ,850.00,10,3.67,12,Explore More,In Stock
Himalaya Pilex Bottle Of 60 Tablets,HIMALAYA,234.00,6,4.29,77,Explore More,In Stock
Everherb Moringa - Immunity Booster - Natural Multivitamin - Bottle Of 60 Capsules (By Pharmeasy),EVERHERB,562.00,53,3.81,280,Explore More,In Stock
Accu-Chek Active | 2 X 50 Test Strips,ACCU-CHEK,1966.87,7,4.35,1430,Explore More,In Stock
Himalaya Septilin | Tablets | 60 No'S,HIMALAYA,257.00,8,4.57,307,Explore More,In Stock
Ahaglow Advanced Tube Of 100gm Face Wash Gel,AHAGLOW,565.00,6,4.1,29,Explore More,In Stock
Ahaglow Advanced Tube Of 200gm Face Wash Gel,AHAGLOW,798.00,7,4.25,173,Explore More,In Stock
Digene Gel Acidity & Gas Relief - 200ml Mint Flavour Sugar Free,DIGENE,180.74,0,4.38,257,Explore More,In Stock
Cremaffin Constipation Relief Mint Flavour Sugar Free Bottle Of 225ml Liquid,CREMAFFIN,318.59,3,4.15,211,Explore More,In Stock
Ethiglo Skin Whitening Face Wash 200gm,ETHIGLO,520.00,9,4.31,166,Explore More,In Stock
Refresh Liquigel Eye Drops,REFRESH TEARS,177.11,0,4.14,77,Explore More,In Stock
Onetouch Select Plus Test Strips | Pack Of 50 Strips | For Use With Onetouch Select Plus Simple,ONETOUCH,1199.00,2,3.99,391,Explore More,In Stock
Calcimax Plus | Bottle | Suspension | 200 Ml,CALCIMAX,160.00,9,4.4,103,Explore More,In Stock
Vizylac Strip Of 15 Capsules,VIZYLAC,94.73,0,3.76,42,Explore More,In Stock
Scalpe Pro Anti-Dandruff Shampoo Bottle Of 100 Ml,SCALPE,195.00,4,3.95,231,Explore More,In Stock
Selsun 2.5% Topical Suspension For Anti Dandruff | Reduces Flaking And Itching | 120ml,SELSUN,478.51,9,4.44,494,Explore More,In Stock
Gaviscon Heartburn & Indigestion Relief Suspension | Peppermint | Bottle | 150 Ml,GAVISCON,184.18,10,4.38,396,Explore More,In Stock
Calcimax D 1000mg Strip Of 30 Tablets,CALCIMAX,356.00,21,4.38,68,Explore More,In Stock
Pharmeasy Iron+Folic Acid With Zinc | Vitamin C &B12 - Maintains Overall Health - Bottle Of 60,PHARMEASY,529.00,49,4.15,110,Explore More,In Stock
Sensodyne Sensitive Repair & Protect Toothpaste Tube Of 100 G,SENSODYNE,240.00,10,4.41,423,Explore More,In Stock
Perfectil Skin Hair Nails Care Tablets Box Of 30,PERFECTIL,645.00,15,4.07,158,Explore More,In Stock
Triclenz Hair Cleanser Bottle Of 250 Ml,TRICLENZ,578.38,4,4.42,137,Explore More,In Stock
Naturolax-A Isabgol | Constipation Relief | Isabgol Husk |Tasty Orange Flavour - 300g,NATUROLAX,486.00,23,4.26,343,Explore More,In Stock
Depiwhite Cream 15ml,DEPIWHITE,736.00,12,3.99,133,Explore More,In Stock
Ahaglow S Bottle Of 100ml Foaming Face Wash,AHAGLOW,877.00,6,4.14,232,Explore More,In Stock
Tugain Men 5% Minoxidil Bottle Of 60ml Solution,TUGAIN,943.65,10,3.71,41,Explore More,In Stock
Ethiglo Skin Whitening Face Wash 70gm,ETHIGLO,260.00,0,4.08,51,Explore More,In Stock
Liveasy Anti-Fungal Dusting Powder - 100 Gm - Prickly Heat & Skin Irritation - Clinically Proven,LIVEASY,121.87,15,3.78,170,Explore More,In Stock
Candid Clotrimazole Cream | Tube | 50 Gm,CANDID,160.13,4,3.73,22,Explore More,In Stock
Hairbless Supplement | Biotin & Niacin | Gluten Free | Enriched With L-Cystiene | 15 Tablets,HAIRBLESS,324.00,23,4.25,16,Explore More,In Stock
Ekran Soft Spf 50 Plus Tube Of 50gm Silicone Sunscreen Gel,EKRAN,795.00,13,4.19,21,Explore More,In Stock
Sugar Free Gold Plus Sweetener Bottle Of 500 Pellets,SUGAR FREE,300.00,1,4.43,143,Explore More,In Stock
Tedibar Soap | 75 Gm - Pack Of 2,TEDIBAR,398.00,3,4.58,137,Explore More,In Stock
New Photostable Spf55+ Sunscreen Emulgel 50g,PHOTOSTABLE,868.00,4,4.23,75,Explore More,In Stock
Liveasy Adhesive Bandages - Box Of 100 - Medicated Bandage For Faster Recovery,LIVEASY,234.00,15,3.67,84,Explore More,In Stock
Everherb Ashwagandha - Immunity Booster - Anxiety & Stress - Bottle Of 90 Capsules (By Pharmeasy),EVERHERB,749.00,48,3.96,159,Explore More,In Stock
Rejunex Od Strip Of 10 Capsules,REJUNEX,241.88,8,4.48,58,Explore More,In Stock
Pharmeasy Digital Thermometer,PHARMEASY,245.00,49,3.82,60,Explore More,In Stock
Cartigen Pro Strip Of 10 Tablets,CARTIGEN,820.00,12,4.31,54,Explore More,In Stock
Mildy Ahf Shampoo 100ml,MILDY,333.50,6,4.23,53,Explore More,In Stock
Liveasy Pain Relief Balm - 45 Gm - Fast Action & Absorption,LIVEASY,121.00,15,4.11,152,Explore More,In Stock
Moisturex Cream 100gm,MOISTUREX,300.00,3,4.51,209,Explore More,In Stock
Calcimax K2 Strip Of 15 Tablets,CALCIMAX,379.00,21,4.71,34,Explore More,In Stock
Pharmeasy Optima All In One Vaporizer,PHARMEASY,599.00,50,3.33,93,Explore More,In Stock
Prohance D Diabetes Care Vanilla Flavour Sugar Free Jar Of 400gm Powder,PROHANCE,877.00,6,4.47,427,Explore More,In Stock
Volini Maxx Pain Relief | Spray | 55 Gm,VOLINI,243.00,17,4.28,251,Explore More,In Stock
Ferronomic Plus Strip Of 15 Tablets,FERRONOMIC,628.22,9,4.06,54,Explore More,In Stock
Tetmosol Medicated Soap For Relief From Skin Infections And Daily Bathing 100gm,TETMOSOL,96.10,5,4.28,607,Explore More,In Stock
Cartigen 1500 Strip Of 15 Tablets,CARTIGEN,340.00,8,4.27,26,Explore More,In Stock
Himalaya Confido Tablets - 60'S,HIMALAYA,243.00,7,3.82,485,Explore More,In Stock
Softovac Bowel Regulator For Constipation Powder 100 Gm,SOFTOVAC,210.50,15,4.31,276,Explore More,In Stock
Primosa 1000mg Strip Of 15 Softgel Capsules,PRIMOSA,539.00,14,3.9,31,Explore More,In Stock
Aimil Neeri Strip Of 30 Tablets,AIMIL,193.00,27,4.33,58,Explore More,In Stock
Omnigel Gel 50gm,OMNIGEL,203.12,41,4.13,68,Explore More,In Stock
Accu-Chek Instant 100 Test Strips,ACCU-CHEK,2380.00,24,4.32,139,Explore More,In Stock
Pharmeasy Pill Box Organizer-White,PHARMEASY,499.00,50,3.22,74,Explore More,In Stock
Omnigel Spray 75gm,OMNIGEL,281.37,39,4.2,85,Explore More,In Stock
I-Know Ovulation Kit |Ovulation Detection Kit For Women Planning Pregnancy | 5 Strips,I-KNOW,514.69,27,3.47,188,Explore More,In Stock
Ketomac 2% Shampoo 110ml,KETOMAC,225.00,24,4.08,36,Explore More,In Stock
Bd Ultra Fine Pen Iii Pen Needles 4mm 32g Pack Of 50,BECTON DICKINSON,1018.00,13,4.3,91,Explore More,In Stock
Sebamed Clear Face Cleansing Foam - 150ml,SEBAMED,680.00,3,4.43,169,Explore More,In Stock
Himalaya Cystone Tablets | 60 No'S,HIMALAYA,243.00,12,4.45,201,Explore More,In Stock
Everherb Neem - Immunity Booster - Hair & Skin Detoxifier - Bottle Of 60 Capsules (By Pharmeasy),EVERHERB,562.00,49,3.69,159,Explore More,In Stock
Tugain Twins 5% Minoxidil Bottle Of 60ml Solution (Pack Of 2),TUGAIN,1559.75,30,3.39,28,Explore More,In Stock
Everherb Karela - Blood Sugar Control - Lowers Bad Cholestrol - Bottle Of 60 Capsules (By Pharmeasy),EVERHERB,561.56,49,3.75,211,Explore More,In Stock
Sugar Free Gold Plus Sweetener Bottle Of 300 Pellets,SUGAR FREE,206.00,1,4.27,204,Explore More,In Stock
Dr. Morepen Gluco One Blood Glucose Monitoring Sytem With 25 Test Strips | Bg-03 | 1 No'S,DR MOREPEN,1085.00,29,4.04,953,Explore More,In Stock
Oxalgin Nano Gel 30gm,OXALGIN,208.20,15,4.38,133,Explore More,In Stock
Pharmeasy Diabetic Protein Powder - French Vanilla - Jar | 1 Kg (5 Gm Protein/Serving),PHARMEASY,1957.00,45,4.03,142,Explore More,In Stock
Omnigel Gel 30 Gm,OMNIGEL,150.97,39,4,33,Explore More,In Stock
Threptin Lite Vanilla Butterscotch Nutrition Diskettes Tin Of 275 G,THREPTIN,510.00,6,4.07,369,Explore More,In Stock
Moiz Cleansing Lotion - Face & Body 200ml,MOIZ,460.00,9,3.94,17,Explore More,In Stock
Cranpac D Strip Of 10 Tablets,CRANPAC,429.50,12,4.29,41,Explore More,In Stock
Liveasy Ors Liquid Oral Rehydration Salts 200 Ml - Orange Flavour (Ready To Drink),LIVEASY,31.50,15,4.05,41,Explore More,In Stock
Bold Care Extend Delay Spray For Men - With Lidocaine 10% (20g),BOLD CARE,309.00,0,3.74,90,Explore More,In Stock
Sensodyne Rapid Relief Toothpaste Tube Of 80 G,SENSODYNE,187.01,10,4.58,235,Explore More,In Stock
Himalaya Gokshura Men'S Wellness Improves Vigour | Tribulus | Tablets | 60 No'S,HIMALAYA,274.99,14,4.19,183,Explore More,In Stock
Saslic 1% Foaming Face Wash 60ml,SASLIC,440.00,2,3.91,94,Explore More,In Stock
Saslic Ds Foaming Salicylic Acid Face Wash 60ml,SASLIC DS,495.00,4,4.21,130,Explore More,In Stock
Acne Uv Advanced Light Protection Spf 30+ Pa++++ Sunscreen Gel 60 Gm,ACNE,924.00,11,4.25,72,Explore More,In Stock
Durex Extra Dots Packet Of 10 Condoms,DUREX,324.00,30,4.13,105,Explore More,In Stock
Baidyanath Asli Ayurved Isabgol -Psyllium Husk Powder| Rich Fibre | Constipation Relief - 200g,BAIDYANATH,370.00,22,4.4,186,Explore More,In Stock
Pharmeasy Digital Thermometer Flexi Tip,PHARMEASY,222.00,42,4.66,139,Explore More,In Stock
Hydent K Medicated Oral Gel | For Sensitive Teeth | 100 Gm,HYDENT,197.94,4,4.5,282,Explore More,In Stock
Dynapar Qps Plus Pain Relief Spray For Back | Knee | Muscle & Joint Pain - 30 Ml,DYNAPAR,356.25,8,4.4,43,Explore More,In Stock
Corcium D3 Strip Of 15 Tablets,CORCIUM,382.00,0,3.93,28,Explore More,In Stock
La Shield Fisico Matte Sunscreen Gel | Expert Sensitive Protect | Spf 50 + Pa +++ | 50 Gm,LA SHIELD,750.00,4,3.91,106,Explore More,In Stock
Threptin Vanilla Butterscotch Nutrition Diskettes Tin Of 1 Kg,THREPTIN,1617.50,1,4.5,766,Explore More,In Stock
Durex Love Sex Extra Thin Condoms | Box | 10 No'S,DUREX,324.00,27,4.04,96,Explore More,In Stock
Onetouch Select Plus Test Strips | Pack Of 25 Strips | For Use With Onetouch Select Plus Simple,ONETOUCH,633.00,0,3.85,324,Explore More,In Stock
Tugain 5% Minoxidil Bottle Of 60ml Solution,TUGAIN,961.64,4,3.38,13,Explore More,In Stock
Moov Pain Relief Specialist Active Spray 50gm,MOOV,233.00,0,4.29,95,Explore More,In Stock
Acne Oc Sebum Regulating Moisturizer | Tube | 75 Gm,ACNE,618.00,0,4.44,88,Explore More,In Stock
Prohance Mom Chocolate Nutrition Drink Jar Of 400 G,PROHANCE,630.00,4,4.28,371,Explore More,In Stock
Xerina Cream 50gm,XERINA,487.00,6,4.45,126,Explore More,In Stock
Protinex Nutritional Drink Mix For Adults For Everyday With High Protein Rich Chocolate 400g,PROTINEX,599.00,10,4.44,368,Explore More,In Stock
Corcium 225mg Strip Of 15 Tablets,CORCIUM,225.50,0,4.62,21,Explore More,In Stock
Dr. Morepen Gluco One Blood Glucose Test Strip | Bg-03 | 25'Nos,DR MOREPEN,465.00,21,4.63,62,Explore More,In Stock
Sebamed Baby Cleansing Bar | Ph 5.5 | 100 Gm,SEBAMED,350.00,8,4.33,165,Explore More,In Stock
